0.0,21.65,14.38,20.32,16.02,20.65,18.66,18.613333333333333,11.457701156475068,-116.55,100.0
0.5,21.99,14.05,20.32,16.35,20.99,18.66,18.726666666666667,12.548045983003806,-116.55,100.0
1.01,21.99,13.72,20.32,16.02,20.65,18.66,18.56,13.449839085553235,-116.55,99.99999999994108
1.51,22.99,13.72,20.32,16.35,20.99,18.99,18.89333333333333,14.266363222720248,-116.55,99.99999999990285
2.02,23.32,13.39,20.32,16.35,20.99,18.66,18.83833333333333,14.952158739312209,-116.55,100.0
2.53,24.67,13.72,20.65,16.35,21.32,19.32,19.338333333333335,15.610084928415377,-116.32,100.0
3.03,25.67,13.72,20.65,16.35,21.32,19.66,19.561666666666667,16.202822189153068,-116.32,100.0
3.54,26.01,14.05,20.99,16.35,21.99,19.66,19.841666666666665,16.748648860780108,-116.55,99.99999999999997
4.04,27.02,13.72,21.32,16.35,21.99,20.32,20.12,17.25435153166309,-116.55,99.99999999999999
4.55,27.7,14.05,21.65,16.35,22.65,20.65,20.508333333333336,17.74244880191363,-116.55,99.99999999999997
5.05,29.05,13.72,21.65,16.35,22.65,20.99,20.735000000000003,18.19133148162658,-116.32,99.99999999999994
5.56,29.39,13.39,21.99,16.35,22.99,21.32,20.905,18.598381759382594,-116.32,99.99999999999991
6.06,30.41,13.39,22.65,16.35,23.32,21.99,21.351666666666663,19.011374495475202,-116.32,99.99999999999982
6.57,31.1,13.72,22.99,16.02,23.66,22.32,21.635,19.40491832115392,-116.32,99.99999999999966
7.07,31.78,13.72,22.99,16.35,23.99,22.65,21.91333333333333,19.781180572980833,-116.55,99.99999999999942
7.58,32.46,14.38,23.32,16.02,24.33,23.32,22.304999999999996,20.159753487033708,-116.32,99.99999999999885
8.09,33.15,14.05,23.66,16.35,24.33,23.66,22.533333333333335,20.51579046397865,-116.32,99.99999999999795
8.59,33.83,14.05,23.99,16.35,25.0,23.99,22.868333333333336,20.868671894381855,-116.32,99.99999999999612
9.1,34.18,14.05,24.33,16.02,25.0,24.67,23.041666666666668,21.194621110224578,-116.55,99.99999999999422
9.6,35.21,14.05,24.67,16.35,25.34,24.67,23.38166666666667,21.522677943690894,-116.32,99.99999999998828
10.1,35.55,13.07,25.0,16.35,25.67,25.34,23.496666666666666,21.81877625213726,-116.32,99.9999999999844
10.61,36.24,13.39,25.34,16.35,26.01,25.67,23.833333333333332,22.120959814316667,-116.32,99.99999999996942
11.12,36.59,13.72,25.67,16.35,26.35,26.01,24.115,22.420065842169166,-116.55,99.99999999994913
11.62,37.28,13.39,26.35,16.35,26.69,26.35,24.401666666666667,22.717305965843792,-116.32,99.99999999990729
12.13,37.97,14.05,26.35,16.35,27.02,26.69,24.738333333333333,23.02046007096722,-116.32,99.99999999983729
12.64,38.32,13.39,26.69,16.02,27.36,27.02,24.8,23.287391060322136,-116.32,99.9999999997888
13.14,39.01,14.38,27.02,16.02,27.7,27.7,25.304999999999996,23.590032401273813,-116.32,99.99999999948137
13.65,39.01,14.05,27.36,16.02,28.04,28.04,25.419999999999998,23.86452754108274,-116.32,99.99999999928875
14.15,39.71,13.72,27.7,16.35,28.04,28.38,25.649999999999995,24.132348409920326,-116.32,99.9999999988116
14.66,39.71,14.05,27.7,16.35,28.04,28.38,25.705,24.368246148432277,-116.55,99.99999999982079
15.16,40.4,14.05,28.38,16.02,28.72,29.05,26.103333333333335,24.628509226167438,-116.32,99.99999999965915
15.66,41.1,13.72,28.72,16.02,29.05,29.39,26.333333333333332,24.88423284224232,-116.55,99.99999999947018
16.17,41.45,14.38,28.72,16.35,29.39,29.73,26.67,25.152097915905976,-116.32,99.99999999134242
16.68,42.15,13.39,29.05,16.02,29.73,30.07,26.735,25.389533228520072,-116.32,99.99999999933178
17.18,42.5,13.72,29.39,16.35,30.07,30.41,27.073333333333334,25.642103244242062,-116.32,99.99999999888834
17.69,42.85,13.72,29.73,16.35,30.07,30.75,27.245,25.882537757605753,-116.55,99.99999999818813
18.2,42.85,13.72,30.41,16.35,30.41,31.1,27.473333333333333,26.12115709396489,-116.32,99.99999999367081
18.7,43.55,14.05,30.41,16.35,30.75,31.44,27.75833333333333,26.366733529870153,-116.32,99.99999999517745
19.21,43.9,14.05,30.75,16.35,30.75,31.78,27.930000000000003,26.60122350038963,-116.32,99.99999999222182
19.71,44.25,14.05,31.1,16.02,30.75,31.78,27.99166666666667,26.809789975331185,-116.32,99.99999998800621
20.22,44.6,13.72,31.1,16.35,31.44,32.46,28.278333333333336,27.030071479031502,-116.32,99.99999998119502
20.72,44.95,13.72,31.44,16.35,31.78,32.8,28.50666666666667,27.25156075717678,-116.32,99.99999997035943
21.23,45.31,13.72,31.78,16.35,31.78,32.8,28.623333333333335,27.45732664360026,-116.32,99.99999995462153
21.73,45.66,14.05,32.46,16.35,32.12,33.49,29.021666666666665,27.69197764706022,-116.32,99.9999999283855
22.23,46.01,14.05,32.46,16.35,32.46,33.49,29.13666666666667,27.908681000001188,-116.32,99.99999988933659
22.74,46.36,13.72,32.8,16.35,32.8,34.18,29.36833333333333,28.12762885000101,-116.32,99.9999998283153
23.24,46.72,14.05,33.15,16.35,32.8,34.18,29.541666666666668,28.339734522500855,-116.32,99.9999997384302
23.75,47.07,14.05,33.49,16.35,33.15,34.52,29.771666666666672,28.554524344125724,-116.32,99.99999959405757
24.25,47.42,14.05,33.49,16.35,33.49,34.86,29.94333333333334,28.76284569250687,-116.32,99.99999938165593
24.76,47.78,13.72,33.83,16.35,33.83,35.21,30.12,28.966418838630837,-116.32,99.99999906375359
25.26,48.13,14.05,34.18,16.35,33.83,35.55,30.34833333333334,29.173706012836213,-116.32,99.9999991732126
25.77,48.49,13.72,34.52,16.35,34.18,35.9,30.52666666666667,29.37665011091078,-116.32,99.99999926623327
26.27,49.2,13.72,34.52,16.35,34.52,36.24,30.758333333333336,29.58390259427416,-116.32,99.99999933987732
26.78,49.55,14.05,34.86,16.68,34.86,36.24,31.040000000000003,29.802317205133036,-116.32,99.99999939091975
27.28,49.55,14.05,35.21,16.35,35.21,36.59,31.16,30.00596962436308,-116.32,99.99999944366495
27.79,49.91,14.05,35.55,16.68,35.21,36.93,31.388333333333335,30.213324180708618,-116.32,99.99999948480739
28.29,50.27,13.72,35.9,16.68,35.21,37.28,31.51,30.407825553602326,-116.32,99.99999952642494
28.8,50.27,14.38,35.9,16.68,35.55,37.62,31.733333333333338,30.606651720561977,-116.32,99.9999995549932
29.3,50.98,14.38,36.24,16.68,35.9,37.62,31.96666666666667,30.810653962477677,-116.32,99.99999957738913
29.81,51.34,14.05,36.59,16.68,36.24,37.97,32.145,31.010805868106026,-116.32,99.99999959620907
30.31,51.69,13.72,36.93,16.68,36.24,38.32,32.263333333333335,31.198684987890122,-116.32,99.99999962010273
30.82,51.69,14.38,36.93,16.68,36.59,38.66,32.48833333333334,31.392132239706598,-116.32,99.99999963529403
31.32,52.05,14.05,37.28,16.68,36.93,39.01,32.666666666666664,31.583312403750607,-116.32,99.99999964680212
31.83,52.41,14.05,37.62,16.68,37.28,39.01,32.84166666666666,31.772065543188013,-116.32,99.99999965662012
32.34,53.13,14.7,37.62,17.01,37.62,39.36,33.24,31.992255711709813,-116.32,99.99999964833643
32.84,53.13,14.38,37.97,16.68,37.62,39.71,33.248333333333335,32.18066735495334,-116.32,99.99999965240103
33.35,53.48,14.7,38.32,17.01,37.97,39.71,33.53166666666667,32.38331725171034,-116.32,99.99999964582888
33.85,53.84,15.03,38.32,17.01,38.32,40.05,33.76166666666666,32.590069663953784,-116.32,99.99999963357682
34.36,54.56,14.38,39.01,17.01,38.32,40.4,33.946666666666665,32.79355921436072,-116.32,99.99999961285619
34.86,54.56,13.72,39.01,17.01,38.66,40.75,33.95166666666666,32.96727533220661,-116.32,99.99999961163716
35.37,54.92,14.38,39.36,17.01,38.66,40.75,34.18,33.149184032375615,-116.32,99.99999959915003
35.87,54.92,14.05,39.71,17.01,39.01,41.1,34.300000000000004,33.32180642751928,-116.32,99.99999958760264
36.37,55.64,14.7,39.71,17.01,39.36,41.45,34.645,33.52028546339138,-116.32,99.99999955527107
36.88,56.0,14.38,40.05,17.01,39.71,41.8,34.824999999999996,33.71599264388267,-116.32,99.99999952482487
37.39,56.0,14.7,40.05,17.34,39.71,41.45,34.875,33.88984374730027,-116.32,99.99999950234523
37.89,56.36,14.7,40.4,17.34,39.71,42.15,35.11000000000001,34.072867185205226,-116.32,99.99999946919415
38.39,56.73,14.05,40.75,17.34,40.4,42.5,35.295,34.25618710742444,-116.32,99.99999942092902
38.9,56.73,14.05,40.75,17.34,40.4,42.85,35.35333333333333,34.420759041310774,-116.32,99.99999938157588
39.4,57.09,14.7,41.1,17.34,40.4,42.5,35.52166666666667,34.585895185114154,-116.32,99.9999993407525
39.91,57.45,14.38,41.45,17.34,40.75,43.2,35.76166666666666,34.76226090734703,-116.32,99.99999927565167
40.41,57.81,14.38,41.8,17.34,40.75,42.85,35.821666666666665,34.92117177124497,-116.32,99.99999921838895
40.92,58.17,14.7,41.8,17.34,41.1,43.55,36.10999999999999,35.09949600555822,-116.32,99.99999913207583
41.42,58.17,14.7,42.15,17.34,41.1,43.9,36.22666666666667,35.268571604724485,-116.32,99.99999904116942
41.92,58.9,15.36,42.15,17.67,41.8,43.9,36.63,35.47278586401581,-116.32,99.99999886560138
42.43,58.9,15.36,42.85,17.34,41.8,43.9,36.69166666666667,35.65561798441344,-116.32,99.99999869971019
42.93,59.26,14.7,42.85,17.67,42.15,44.25,36.81333333333334,35.829275286751425,-116.32,99.99999850264683
43.44,59.63,15.36,42.85,17.67,42.5,44.95,37.16,36.0288839937387,-116.32,99.99999819764516
43.94,59.99,14.7,43.2,17.67,42.5,44.95,37.16833333333333,36.1998013946779,-116.32,99.99999786691912
44.44,59.99,15.36,43.55,17.67,42.5,44.95,37.336666666666666,36.37033118547622,-116.32,99.99999748242872
44.95,59.99,14.38,43.9,17.67,43.2,45.31,37.40833333333333,36.526031507654785,-116.32,99.99999708469232
45.45,60.36,15.36,43.9,18.0,42.85,45.31,37.63,36.691626781506564,-116.32,99.99999650003153
45.96,61.08,15.03,44.25,18.0,43.55,46.01,37.98666666666667,36.88588276428058,-116.32,99.99999563381004
46.46,60.72,15.36,44.25,18.0,43.55,46.01,37.98166666666666,37.05025034963849,-116.32,99.99999475004478
46.96,61.45,15.36,44.95,18.33,43.9,46.36,38.39166666666667,37.251462797192715,-116.32,99.99999331101928
47.47,61.82,14.05,44.6,18.33,43.55,46.36,38.11833333333334,37.38149337761381,-116.32,99.99999225242671
47.97,61.82,15.36,45.31,18.33,44.25,46.72,38.63166666666667,37.56901937097174,-116.32,99.99998998336112
48.48,62.18,15.03,44.95,18.0,44.25,46.72,38.52166666666667,37.71191646532597,-116.32,99.99998798239287
48.98,62.55,15.69,45.66,18.33,44.6,47.07,38.98333333333333,37.90262899552707,-116.32,99.99998407039598
49.49,62.91,15.36,45.66,18.0,44.6,47.42,38.99166666666667,38.065984646198004,-116.55,99.99998028209264
49.99,63.28,15.69,46.01,18.33,44.95,47.78,39.339999999999996,38.257086949268306,-116.09,99.99997356211662
50.49,62.91,15.69,46.01,18.33,44.95,47.42,39.218333333333334,38.40127390687805,-116.32,99.99996745607956
51.0,63.65,15.69,46.36,18.66,45.31,47.78,39.575,38.57733282084635,-116.32,99.99995658079982
51.5,64.01,15.69,46.36,18.33,45.66,48.13,39.696666666666665,38.7452328977194,-116.32,99.9999430774715
52.01,64.01,15.69,47.07,18.66,45.66,48.13,39.87,38.91394796306149,-116.32,99.99992359774991
52.51,64.38,15.69,47.42,18.66,45.66,48.49,40.050000000000004,39.084355768602265,-116.32,99.99989871534957
53.01,64.75,16.02,47.42,18.99,46.01,48.84,40.33833333333333,39.27245240331193,-116.32,99.99985858037962
53.52,65.12,15.69,47.78,18.99,46.36,48.84,40.46333333333333,39.451084542815146,-116.32,99.99980437815475
54.02,65.12,15.69,47.78,18.99,46.72,49.2,40.583333333333336,39.620921861392866,-116.32,99.99973056092445
54.53,65.49,15.69,48.13,18.99,47.07,49.55,40.82,39.80078358218394,-116.32,99.99961954159565
55.03,65.49,16.02,48.13,18.99,47.07,49.55,40.875,39.961916044856345,-116.09,99.99946875773577
55.54,65.86,16.35,48.49,18.99,47.07,49.91,41.11166666666667,40.13437863812789,-116.32,99.99924255965011
56.04,66.23,16.02,48.49,19.32,47.42,49.91,41.23166666666667,40.29897184240871,-116.32,99.99892862440272
56.55,66.59,16.35,48.84,19.32,47.78,50.62,41.583333333333336,40.4916260660474,-116.32,99.99839611052425
57.05,66.59,16.02,48.84,19.32,47.78,50.27,41.47,40.63838215614029,-116.32,99.997763203414
57.56,66.59,16.68,49.55,19.32,48.13,50.62,41.815,40.81487483271925,-116.32,99.99669066231502
58.06,66.96,16.35,49.55,19.32,48.13,50.98,41.88166666666667,40.97489360781136,-116.09,99.99520390209348
58.57,67.33,16.35,49.55,19.32,48.49,51.34,42.06333333333334,41.13815956663965,-116.09,99.99285856865447
59.07,67.33,16.02,49.55,19.66,48.49,51.34,42.065,41.277185631643704,-116.32,99.98990883640732
59.58,67.7,16.35,50.27,19.66,48.84,51.69,42.41833333333334,41.44835778689714,-116.09,99.98468197354812
60.08,67.7,16.35,49.91,19.99,48.84,51.34,42.355000000000004,41.58435411886257,-116.32,99.9779748530879
60.59,68.08,17.01,50.62,19.99,49.2,52.05,42.82500000000001,41.77045100103318,-116.09,99.9654861472514
61.09,68.08,16.68,50.62,19.99,49.55,52.05,42.82833333333334,41.9291333508782,-116.32,99.94831424538717
61.59,68.82,16.68,50.62,19.99,49.55,52.05,42.951666666666675,42.08251334824647,-116.32,99.92137463372815
62.1,68.82,17.01,50.98,19.99,49.55,52.41,43.126666666666665,42.2391363460095,-116.32,99.88099331823564
62.6,68.82,17.34,51.34,20.32,49.91,52.77,43.416666666666664,42.41576589410808,-116.09,99.80805091801524
63.11,69.19,17.01,51.69,19.99,49.91,52.41,43.36666666666667,42.55840100999186,-116.09,99.70779982611914
63.61,69.56,17.67,51.69,20.32,50.62,53.13,43.83166666666667,42.749390858493086,-116.09,99.51884640702974
64.12,69.56,17.34,52.05,19.99,50.27,53.13,43.723333333333336,42.89548222971913,-116.32,99.25324527380438
64.62,70.31,17.01,51.69,20.32,50.62,53.48,43.905,43.04690989526125,-116.09,98.81310706240961
65.12,69.93,16.68,52.05,20.32,50.98,53.13,43.848333333333336,43.16712341097206,-116.32,98.22227286107032
65.63,70.68,17.34,52.41,20.65,50.98,53.84,44.31666666666666,43.339554899326245,-116.09,97.04242173022716
66.13,70.68,17.67,52.77,20.65,51.34,53.84,44.491666666666674,43.512371664427306,-116.09,95.17950503373697
66.64,71.05,17.34,52.77,20.99,51.34,53.84,44.55500000000001,43.66876591476321,-116.09,92.33772978241485
67.14,71.05,17.67,53.13,20.99,51.69,54.2,44.788333333333334,43.83670102754873,-116.09,87.92450164484336
67.65,71.43,17.34,53.13,20.99,51.69,54.56,44.85666666666666,43.989695873416416,-116.09,81.30736844334987
68.16,71.8,18.0,53.48,20.99,52.05,54.56,45.14666666666667,44.163241492403955,-116.09,71.40668101002662
68.66,71.8,17.67,53.48,21.32,52.05,54.92,45.20666666666667,44.31975526854336,-116.09,59.538272047229654
69.17,71.43,17.67,53.84,21.32,52.41,55.28,45.324999999999996,44.470541978261856,-116.09,46.321360951890625
69.67,71.43,18.33,53.84,21.32,52.41,55.28,45.435,44.61521068152257,-116.09,33.81223435219388
70.18,71.8,17.34,54.2,21.32,52.41,55.28,45.39166666666667,44.73167907929419,-116.09,23.690337626554268
70.68,71.43,18.0,54.2,21.32,52.41,55.28,45.44,44.83792721740006,-116.09,16.12092916066948
71.19,71.05,18.0,54.2,21.65,52.41,55.28,45.43166666666667,44.92698813479005,-116.09,10.865131419196212
71.69,70.68,18.0,54.2,21.65,52.77,55.28,45.43000000000001,45.002439914571546,-116.09,7.308586797728769
72.2,70.31,18.33,54.2,21.65,52.77,54.92,45.36333333333334,45.05657392738581,-116.09,5.057064659951402
72.7,69.93,18.66,54.2,21.65,52.77,54.92,45.35500000000001,45.10133783827794,-116.09,3.5303662976929417
73.21,69.56,18.33,53.84,21.99,52.77,54.92,45.23500000000001,45.12138716253625,-116.09,2.5618193247096284
73.72,68.82,18.66,54.2,21.99,52.41,54.56,45.10666666666666,45.11917908815581,-116.09,1.9286534295852846
74.22,68.82,18.66,53.84,22.32,52.41,54.92,45.16166666666666,45.125552224932434,-116.09,1.4460370375324878
74.73,68.08,18.33,54.2,22.32,52.41,54.56,44.98333333333333,45.104219391192565,-116.09,1.1347211309854772
75.23,67.33,18.0,53.84,22.32,52.05,54.2,44.623333333333335,45.03208648251368,-116.09,0.9748931696192795
75.74,67.33,18.66,53.84,22.32,52.05,53.84,44.673333333333325,44.978273510136624,-116.09,0.8261191192918058
76.24,66.59,18.66,53.48,22.32,52.05,53.84,44.48999999999999,44.905032483616125,-116.09,0.7199861108224574
76.75,66.23,18.99,53.84,22.65,51.69,53.48,44.48,44.84127761107371,-116.09,0.6291572489469635
77.26,65.49,19.32,53.48,22.65,51.34,53.48,44.29333333333333,44.759085969412645,-116.09,0.5818755189440962
77.76,65.49,18.99,52.77,22.32,51.34,53.13,44.00666666666667,44.646223074000744,-116.32,0.5613544956291034
78.26,64.75,19.32,53.13,22.65,51.34,52.77,43.99333333333333,44.54828961290064,-116.09,0.5373770174301531
78.77,64.38,19.66,53.13,22.99,50.98,52.77,43.98499999999999,44.46379617096554,-116.09,0.5039433225493927
79.27,64.01,18.99,52.77,22.99,51.34,52.77,43.81166666666667,44.36597674532071,-116.09,0.488891798812932
79.78,64.01,19.66,52.77,22.99,50.98,52.41,43.803333333333335,44.28158023352259,-116.09,0.47401449017691766
80.28,63.28,19.32,52.41,22.99,50.98,52.05,43.504999999999995,44.165093198494205,-116.09,0.4813558207561063
80.79,62.91,19.99,52.41,22.99,50.62,51.69,43.435,44.05557921872007,-116.09,0.48315013714145
81.29,62.55,19.66,52.05,23.32,50.62,51.69,43.315,43.94449233591206,-116.09,0.492036827433129
81.8,62.18,19.66,52.05,23.32,50.62,51.34,43.19499999999999,43.83206848552524,-116.09,0.5015426459709026
82.3,61.82,19.32,52.05,23.32,50.27,50.98,42.96,43.70125821269645,-116.09,0.5373901194227795
82.81,61.45,20.32,51.69,23.32,49.91,50.98,42.945,43.587819480791985,-116.09,0.5622789949614169
83.32,61.45,19.99,51.69,23.66,49.91,50.62,42.88666666666666,43.48264655867319,-116.09,0.5846094765992647
83.82,60.72,19.66,51.34,23.66,49.91,50.62,42.651666666666664,43.3579995748722,-116.09,0.6300312942072746
84.33,60.36,19.99,50.98,23.66,49.55,49.91,42.408333333333324,43.21554963864137,-116.09,0.7085928774490524
84.83,60.36,19.66,51.34,23.99,49.55,50.27,42.52833333333334,43.11246719284516,-116.09,0.7488920634625249
85.34,59.99,19.99,50.98,23.99,49.55,49.91,42.401666666666664,43.005847113918385,-116.09,0.7965886393181141
85.84,59.63,20.32,50.98,23.99,49.2,49.91,42.33833333333333,42.90572004683062,-116.09,0.8515112481043005
86.35,59.26,20.65,50.62,24.33,49.2,49.55,42.26833333333334,42.81011203980603,-116.09,0.9164331075079333
86.85,59.26,20.32,50.62,24.33,49.2,49.2,42.154999999999994,42.71184523383512,-116.09,0.9757818931837116
87.36,58.9,20.32,50.62,24.33,48.84,49.2,42.035000000000004,42.610318448759855,-116.09,1.0510687779468204
87.86,58.54,20.65,50.27,24.33,48.84,49.2,41.97166666666667,42.51452068144588,-116.09,1.1242340758509395
88.37,58.17,20.99,50.27,24.67,48.84,48.84,41.96333333333334,42.431842579229,-116.09,1.181461301676941
88.88,58.17,20.99,49.91,24.33,48.84,48.84,41.846666666666664,42.34406619234465,-116.09,1.2580605462764851
89.38,57.81,21.32,49.91,24.67,48.84,48.49,41.839999999999996,42.268456263492936,-116.09,1.3226958392244752
89.89,57.81,20.99,49.55,24.67,48.49,48.49,41.666666666666664,42.178187823969,-116.09,1.4233925225229433
90.39,57.45,21.32,49.91,24.67,48.49,48.13,41.66166666666667,42.100709650373645,-116.09,1.4989977056353834
90.9,57.09,20.65,49.55,24.67,48.13,47.78,41.31166666666667,41.9823532028176,-116.09,1.6907185428469775
91.4,57.09,21.32,49.2,25.0,48.13,47.42,41.36000000000001,41.889000222394955,-116.09,1.8350447603572801
91.91,56.73,21.65,49.2,25.0,48.13,47.42,41.355,41.80890018903572,-116.09,1.974831582489307
92.41,56.36,21.65,49.2,25.0,48.13,47.42,41.29333333333333,41.73156516068036,-116.09,2.1111955761253793
92.92,56.36,21.65,48.84,25.0,47.78,47.42,41.175000000000004,41.6480803865783,-116.09,2.3326179846004256
93.43,56.0,20.99,49.2,25.0,47.78,47.07,41.00666666666667,41.55186832859156,-116.09,2.605423611098195
93.93,56.0,21.65,48.49,25.34,47.78,46.72,40.99666666666667,41.46858807930282,-116.09,2.8480705754292392
94.44,55.64,21.65,48.84,25.34,47.42,46.72,40.934999999999995,41.38854986740739,-116.09,3.1058343281270795
94.94,55.64,22.32,48.49,25.67,47.42,46.72,41.04333333333334,41.336767387296284,-116.09,3.268021830213113
95.45,55.64,21.99,48.49,25.67,47.42,46.72,40.98833333333334,41.28450227920184,-116.09,3.4707324245016484
95.95,55.28,22.32,48.13,25.34,47.42,46.36,40.80833333333334,41.21307693732156,-116.09,3.778388756523585
96.46,54.92,21.65,48.13,25.67,46.72,46.36,40.574999999999996,41.11736539672333,-116.09,4.271143594804988
96.96,54.56,22.32,48.13,25.67,47.07,46.36,40.685,41.052510587214826,-116.09,4.569082256561393
97.47,54.56,22.32,48.13,25.67,47.07,46.01,40.626666666666665,40.988633999132595,-116.09,4.895897445978292
97.97,54.56,22.65,47.78,25.67,47.07,46.01,40.623333333333335,40.9338388992627,-116.09,5.238335577719368
98.48,54.2,22.32,47.78,26.01,46.72,45.66,40.44833333333333,40.86101306437329,-116.09,5.834214511326971
98.99,53.84,21.99,47.42,25.67,46.72,45.66,40.21666666666667,40.764361104717295,-116.32,6.647573419749469
99.49,54.2,21.99,47.42,26.01,46.72,45.66,40.333333333333336,40.6997069390097,-116.09,7.254778803474
100.0,53.48,22.65,47.07,25.67,46.72,45.66,40.208333333333336,40.626000898158246,-116.09,8.00594758777073
100.5,53.84,22.32,47.42,26.35,46.72,45.66,40.385,40.589850763434505,-116.09,8.468005058780406
101.01,53.84,22.32,47.07,26.01,46.36,45.66,40.209999999999994,40.53287314891933,-116.09,9.336318118886732
101.51,53.84,22.32,47.07,26.35,46.36,44.95,40.14833333333333,40.47519217658142,-116.09,10.172931383719167
102.02,53.48,22.99,47.07,26.35,46.36,45.31,40.26,40.44291335009421,-116.09,10.764450981127075
102.52,53.48,22.65,47.07,26.35,46.36,44.95,40.143333333333324,40.39797634758008,-116.09,11.410810814151882
103.03,53.13,22.99,47.07,26.35,46.36,44.95,40.14166666666666,40.35952989544305,-116.09,12.118388041047687
103.54,53.13,22.99,46.72,26.69,46.36,44.95,40.13999999999999,40.3266004111266,-116.09,12.793273674145464
104.04,53.13,22.99,47.07,26.69,46.36,44.6,40.14,40.298610349457604,-116.09,13.282965248527503
104.55,53.13,23.32,47.07,26.69,46.01,44.95,40.195,40.283068797038965,-116.09,13.651517443399591
105.05,53.13,22.99,46.72,27.02,46.01,44.6,40.07833333333333,40.252358477483114,-116.09,14.284363762875568
105.56,52.77,22.99,46.36,27.02,46.01,44.6,39.958333333333336,40.20825470586065,-116.09,15.191469217580325
106.06,52.41,22.32,46.72,27.02,45.66,44.25,39.73,40.136516499981546,-116.32,16.729989383560763
106.57,52.77,22.65,46.36,27.02,46.01,44.6,39.901666666666664,40.10128902498431,-116.09,17.518189489221754
107.07,52.77,23.32,46.36,27.02,46.01,44.25,39.955,40.07934567123666,-116.09,18.167575058465854
107.58,52.77,22.99,46.01,27.02,45.66,44.6,39.84166666666667,40.04369382055116,-116.32,19.283547242109012
108.08,52.41,23.32,46.01,27.02,45.66,44.25,39.77833333333333,40.003889747468484,-116.09,20.811762379304856
108.59,52.77,23.32,46.01,27.36,45.66,44.25,39.894999999999996,39.98755628534821,-116.09,21.524860167148947
109.09,52.77,23.66,46.36,27.36,45.66,44.25,40.01,39.99092284254598,-116.09,21.632751843001337
109.6,52.77,23.32,46.01,27.36,45.66,44.25,39.894999999999996,39.97653441616408,-116.09,22.328651191722564
110.1,52.77,23.66,46.01,27.36,45.66,43.9,39.89333333333334,39.96405425373947,-116.09,23.037477787192394
110.61,52.41,23.32,46.01,27.7,45.66,44.25,39.89166666666666,39.953196115678544,-116.09,23.515971949004445
111.12,52.41,23.66,46.01,27.7,45.66,44.25,39.94833333333333,39.95246669832677,-116.09,23.548137300852016
111.62,52.77,23.66,45.66,27.7,45.66,43.9,39.891666666666666,39.943346693577745,-116.09,23.97760515802618
112.13,52.41,23.99,45.66,27.7,45.66,43.9,39.88666666666666,39.93484468954109,-116.09,24.385546717370012
112.63,52.41,23.99,46.01,27.7,45.66,44.25,40.00333333333333,39.94511798610992,-116.09,24.252355309396737
113.14,52.77,23.99,45.66,27.7,45.66,44.25,40.005,39.95410028819343,-116.09,24.05425370385266
113.64,52.41,24.67,45.66,27.7,45.66,43.9,40.0,39.96098524496441,-116.09,23.98459868436053
114.15,52.77,24.33,46.01,27.7,45.31,44.25,40.06166666666666,39.97608745821974,-116.09,23.672292199247842
114.65,52.41,24.33,46.01,27.7,45.66,44.25,40.059999999999995,39.98867433948678,-116.09,23.25119221693356
115.16,52.77,23.99,45.66,28.04,45.66,44.25,40.06166666666667,39.99962318856376,-116.09,22.880396239721975
115.66,52.77,24.33,45.66,28.04,45.66,43.9,40.059999999999995,40.008679710279196,-116.09,22.573747716209162
116.17,52.41,24.33,45.31,27.7,45.31,43.9,39.82666666666667,39.98137775373731,-116.09,23.1794631490613
116.67,52.41,25.0,45.66,28.04,45.66,43.9,40.111666666666665,40.00092109067671,-116.09,22.55065785248494
117.17,52.77,23.99,45.66,28.04,45.66,44.25,40.06166666666667,40.0100329270752,-116.09,22.209422783718477
117.68,52.41,23.99,45.66,28.04,45.66,43.9,39.943333333333335,40.000027988013926,-116.09,22.390972125474356
118.19,52.41,24.33,45.66,28.38,45.66,44.25,40.115,40.01727378981184,-116.09,22.16447222520145
118.69,52.41,24.33,45.66,28.38,45.66,43.9,40.056666666666665,40.023182721340056,-116.09,21.82486818796844
119.2,52.41,24.33,45.66,28.04,45.66,43.9,40.0,40.01970531313905,-116.09,21.81932244878007
119.7,52.41,23.99,45.66,28.38,45.66,43.9,40.0,40.01674951616818,-116.09,21.966358524924186
120.21,52.41,25.0,45.66,28.38,45.66,43.9,40.16833333333333,40.03948708874295,-116.09,21.209695735528765
120.71,52.41,25.0,45.31,28.38,45.66,44.25,40.16833333333333,40.0588140254315,-116.09,20.6325714985448
121.22,52.41,24.67,45.31,28.38,45.31,43.9,39.99666666666667,40.04949192161678,-116.09,20.85034665831943
121.72,52.05,24.67,45.31,28.38,45.31,43.9,39.93666666666667,40.032568133374255,-116.09,21.269865866152887
122.23,52.05,25.0,45.31,28.38,45.31,43.55,39.93333333333334,40.01768291336812,-116.32,21.439066357774685
122.73,52.05,25.0,45.31,28.38,45.66,43.9,40.050000000000004,40.022530476362896,-116.09,21.13643348290006
123.23,52.41,25.34,45.31,28.72,45.31,43.9,40.165,40.04390090490846,-116.09,20.647417636763215
123.74,52.05,25.0,45.31,28.38,45.31,43.9,39.99166666666667,40.03606576917219,-116.09,20.950703747923047
124.24,52.05,25.67,45.31,28.72,45.31,43.9,40.160000000000004,40.05465590379636,-116.09,20.56947089744286
124.75,52.05,25.0,45.31,28.72,45.31,43.9,40.04833333333333,40.05370751822691,-116.09,20.50930329711979
125.25,51.69,25.0,45.31,28.72,45.31,43.9,39.98833333333334,40.04390139049287,-116.09,20.539136041444735
125.76,52.05,25.67,45.31,28.72,45.31,43.55,40.10166666666667,40.05256618191894,-116.09,20.34871490562078
126.26,52.05,25.34,45.31,28.72,45.31,43.55,40.046666666666674,40.0516812546311,-116.09,20.178227173011845
126.77,51.69,25.67,44.95,28.72,45.31,43.9,40.04,40.049929066436434,-116.09,20.18798989839813
127.27,52.05,25.67,45.31,28.72,45.31,43.55,40.10166666666667,40.05768970647097,-116.09,20.0333945175819
127.78,51.69,25.0,45.31,28.72,44.95,43.55,39.870000000000005,40.029536250500314,-116.09,20.62323184120055
128.28,51.69,25.67,44.95,29.05,45.31,43.9,40.095000000000006,40.039355812925265,-116.09,20.358412359453794
128.79,51.69,25.67,44.95,29.05,45.31,43.55,40.03666666666667,40.03895244098647,-116.09,20.350850170554697
129.29,51.69,25.67,44.95,29.05,44.95,43.55,39.97666666666667,40.029609574838496,-116.09,20.4914771025981
129.8,51.69,25.0,44.95,29.05,44.95,43.55,39.865,40.00491813861272,-116.09,21.332687619142852
130.3,51.34,25.67,44.95,29.05,44.95,43.2,39.86000000000001,39.98318041782081,-116.32,21.8155217088815
130.81,51.34,25.34,44.95,29.05,45.31,43.55,39.92333333333334,39.974203355147694,-116.09,22.07171068743854
131.31,51.69,25.67,44.95,29.05,44.95,43.55,39.97666666666667,39.974572851875536,-116.09,22.16453370973926
131.82,51.69,25.67,44.95,29.05,45.31,43.55,40.03666666666667,39.9838869240942,-116.09,22.15039495203273
132.32,51.34,26.35,44.95,29.39,44.95,43.55,40.08833333333334,39.99955388548007,-116.09,21.933724398996688
132.83,51.34,25.67,44.95,29.39,44.95,43.55,39.975,39.99587080265806,-116.09,22.109215083255474
133.33,51.34,25.67,44.95,29.39,45.31,43.55,40.035000000000004,40.00174018225935,-116.09,21.953315596463305
133.84,51.34,25.67,44.95,29.39,44.95,43.55,39.975,39.99772915492044,-116.32,21.97856497022422
134.34,51.34,25.67,44.6,29.39,44.95,43.55,39.916666666666664,39.98556978168237,-116.09,22.169967030671785
134.85,51.34,25.67,44.95,29.39,44.95,43.55,39.975,39.98398431443002,-116.09,22.256716703305013
135.35,51.34,25.67,44.6,29.39,45.31,43.55,39.97666666666667,39.98288666726552,-116.09,22.249233102752807
135.86,51.34,26.01,44.95,29.73,44.95,43.2,40.03,39.98995366717569,-116.09,22.109552874973705
136.36,51.34,25.34,44.6,29.39,44.95,43.2,39.803333333333335,39.96196061709933,-116.09,22.982098189641185
136.87,51.34,26.01,44.6,29.73,44.95,43.55,40.03,39.97216652453443,-116.09,22.75061517994175
137.37,51.34,26.69,44.95,29.39,44.95,43.55,40.145,39.998091545854265,-116.09,22.085512647747333
137.88,50.98,26.01,44.95,29.39,44.95,43.55,39.971666666666664,39.99412781397613,-116.09,22.132107116884438
138.38,50.98,26.01,44.6,29.39,45.31,43.2,39.915,39.98225864187971,-116.09,22.700562167046577
138.88,51.34,26.01,44.6,29.73,44.95,43.55,40.03,39.98941984559775,-116.09,22.432934654216623
139.39,51.34,26.69,44.6,29.73,44.95,43.55,40.14333333333334,40.01250686875809,-116.09,21.605071919566225
139.89,50.98,26.35,44.6,29.73,44.95,43.55,40.02666666666667,40.014630838444376,-116.09,21.57230562172232
140.4,51.34,26.01,44.6,29.73,44.95,43.55,40.03,40.01693621267772,-116.09,21.599890976925458
140.9,50.98,26.01,44.6,29.73,44.95,43.2,39.91166666666666,40.001145780776056,-116.09,21.941318984890337
141.41,50.98,26.69,44.6,29.73,44.95,43.2,40.025,40.004723913659646,-116.09,21.649055427123752
141.91,50.98,26.35,44.6,29.73,44.95,43.2,39.968333333333334,39.99926532661069,-116.09,21.770796357422796
142.42,50.98,26.69,44.6,29.73,44.95,43.2,40.025,40.00312552761909,-116.09,21.65013024837769
142.92,50.98,26.35,44.6,29.73,44.95,43.2,39.968333333333334,39.99790669847622,-116.09,21.919824893475642
143.43,50.62,26.35,44.25,29.73,44.95,43.2,39.849999999999994,39.97572069370479,-116.09,22.484690469919936
143.93,50.98,26.69,44.6,30.07,44.95,43.55,40.14000000000001,40.00036258964907,-116.09,21.893346199234472
144.44,50.98,26.69,44.25,29.73,44.6,43.2,39.90833333333333,39.98655820120171,-116.32,22.22773725239233
144.94,50.62,27.02,44.6,30.07,44.6,43.2,40.01833333333334,39.99132447102145,-116.09,22.15683403445161
145.45,50.62,27.02,44.6,30.07,44.6,43.55,40.07666666666666,40.00412580036823,-116.09,22.01374764332115
145.95,50.98,26.69,44.6,30.07,44.95,43.2,40.08166666666667,40.015756930312996,-116.09,21.493668104220816
146.46,50.98,26.69,44.6,30.07,44.95,43.2,40.08166666666667,40.02564339076604,-116.09,21.33867321892669
146.96,50.62,26.35,44.25,30.07,44.6,43.2,39.84833333333333,39.999046882151134,-116.09,21.975901289793466
147.47,50.62,26.35,43.9,30.07,44.6,43.2,39.79,39.96768984982847,-116.09,22.70891766740726
147.97,50.62,26.69,44.25,30.41,44.6,43.2,39.961666666666666,39.96678637235419,-116.09,22.659815543480967
148.48,50.27,26.35,44.25,30.07,44.6,42.85,39.73166666666666,39.93151841650106,-116.32,23.57293288131998
148.98,50.62,26.69,44.25,30.41,44.6,43.2,39.961666666666666,39.9360406540259,-116.09,23.748369782868505
149.49,50.62,27.02,44.6,30.07,44.6,43.2,40.01833333333334,39.94838455592201,-116.09,23.74372409302263
149.99,50.98,27.02,44.25,30.07,44.6,43.2,40.02,39.95912687253371,-116.09,23.498036332163647
150.5,50.27,26.69,44.6,30.07,44.95,43.2,39.96333333333333,39.959757841653655,-116.32,23.835853808925926
151.0,50.62,26.69,44.25,30.07,44.6,43.2,39.905,39.95154416540561,-116.09,24.063199640324914
151.5,50.62,26.69,44.25,30.41,44.6,42.85,39.90333333333333,39.94431254059476,-116.09,24.199775955445045
152.01,50.62,27.02,44.25,30.41,44.6,42.85,39.958333333333336,39.94641565950554,-116.09,24.09269041645157
152.52,50.62,27.02,44.25,30.41,44.6,43.2,40.01666666666667,39.95695331057971,-116.09,23.8381377085953
153.02,50.62,26.69,44.25,30.41,44.6,43.2,39.961666666666666,39.957660313992754,-116.09,23.932007267693344
153.52,50.62,27.36,44.25,30.41,44.6,43.2,40.07333333333333,39.97501126689384,-116.09,23.548904102768734
154.03,50.27,27.36,44.25,30.41,44.6,43.2,40.01499999999999,39.98100957685976,-116.09,23.385476633386254
154.54,50.62,27.7,44.25,30.41,44.6,42.85,40.071666666666665,39.9946081403308,-116.09,22.933524711397048
155.04,50.62,27.02,44.6,30.41,44.6,43.2,40.074999999999996,40.00666691928118,-116.09,22.60338136525183
155.54,50.62,27.02,44.25,30.41,44.6,43.2,40.01666666666667,40.008166881388995,-116.32,22.40572150056385
156.05,50.62,27.7,44.25,30.41,44.6,43.2,40.129999999999995,40.02644184918064,-116.09,21.858848125997415
156.56,50.62,27.36,44.25,30.75,44.6,43.2,40.129999999999995,40.04197557180354,-116.32,21.31385624273645
157.06,50.27,27.02,44.25,30.41,44.6,43.2,39.958333333333336,40.029429236033,-116.09,21.50429825555349
157.57,50.62,26.69,44.25,30.75,44.6,43.2,40.01833333333334,40.02776485062805,-116.09,21.51034787960137
158.07,50.27,26.69,44.25,30.75,44.25,43.2,39.90166666666667,40.008850123033845,-116.09,21.829320722510225
158.57,50.62,28.04,44.25,30.75,44.6,42.85,40.184999999999995,40.035272604578765,-116.09,21.00200119438456
159.08,50.27,26.69,44.25,30.75,44.6,42.85,39.901666666666664,40.01523171389194,-116.09,21.598285246049393
159.58,50.62,27.02,44.25,30.75,44.6,42.85,40.01499999999999,40.01519695680815,-116.09,21.600393201699337
160.09,50.27,27.36,44.25,30.75,44.6,43.2,40.071666666666665,40.02366741328693,-116.09,21.52543863317396
160.59,50.27,27.36,44.25,30.75,44.6,43.2,40.071666666666665,40.03086730129389,-116.09,21.096914713858048
161.1,50.27,27.02,43.9,30.75,44.6,42.85,39.89833333333333,40.010987206099806,-116.09,21.758387916792827
161.6,50.27,27.7,43.9,30.75,44.6,43.2,40.07,40.01983912518483,-116.09,21.51672927931754
162.11,50.62,27.36,43.9,30.75,44.6,43.2,40.071666666666665,40.02761325640709,-116.32,21.22640645128449
162.61,50.27,27.36,43.9,30.75,44.6,43.2,40.01333333333333,40.02547126794603,-116.09,21.198654410605528
163.12,50.27,27.36,43.9,30.75,44.6,43.2,40.01333333333333,40.02365057775412,-116.09,21.39120369417787
163.62,49.91,27.02,43.9,30.75,44.6,43.2,39.89666666666667,40.004602991091,-116.09,21.79609871063995
164.13,49.91,27.7,44.25,31.1,44.6,43.2,40.126666666666665,40.02291254242735,-116.09,21.2472527340985
164.64,49.91,27.36,43.9,31.1,44.6,42.85,39.953333333333326,40.01247566106325,-116.09,21.517940539651768
165.14,49.91,27.36,43.9,30.75,44.25,42.85,39.836666666666666,39.98610431190376,-116.09,22.221221425968814
165.65,49.91,27.7,43.9,30.75,44.6,42.5,39.89333333333333,39.972188665118196,-116.32,22.77547053984461
166.15,49.91,27.7,43.9,30.75,44.6,43.2,40.01,39.977860365350466,-116.09,22.48560408827233
166.65,49.91,27.7,43.9,30.75,44.6,42.85,39.95166666666666,39.9739313105479,-116.32,22.70273925055238
167.16,49.91,28.04,43.9,31.1,44.6,42.85,40.06666666666666,39.987841613965706,-116.09,22.578877639415207
167.66,49.91,28.38,43.9,31.1,44.25,42.85,40.065,39.99941537187085,-116.09,22.39805489502217
168.17,49.91,27.7,43.9,31.1,44.6,42.85,40.01,40.00100306609022,-116.09,22.306631117637718
168.67,49.91,27.7,43.55,30.75,43.9,42.85,39.776666666666664,39.96735260617668,-116.09,23.257761850452
169.17,49.91,27.7,43.9,31.1,44.25,42.85,39.95166666666666,39.96499971525017,-116.09,23.227864674938203
169.68,49.91,27.7,43.55,30.75,44.25,42.5,39.776666666666664,39.936749757962644,-116.32,23.944247269679988
170.18,49.91,28.04,43.9,31.1,44.25,42.85,40.00833333333333,39.94748729426824,-116.32,23.6852620247784
170.69,49.55,28.04,43.9,30.75,44.25,42.5,39.83166666666667,39.930114200128,-116.32,24.53378514653849
171.19,49.91,27.7,43.55,31.1,44.25,42.85,39.89333333333333,39.9245970701088,-116.09,24.779415586924888
171.69,49.91,28.38,43.55,31.1,44.25,42.85,40.00666666666667,39.93690750959248,-116.09,24.75731503915283
172.2,49.91,28.04,43.9,31.1,44.6,42.5,40.00833333333333,39.94762138315361,-116.09,24.408390706419347
172.7,49.55,27.7,43.9,31.1,44.25,42.5,39.833333333333336,39.93047817568057,-116.32,25.114011525673245
173.21,49.91,28.04,43.9,31.1,44.25,42.5,39.949999999999996,39.93340644932848,-116.09,25.145918286566875
173.71,50.27,28.38,43.55,31.1,44.25,42.5,40.00833333333333,39.94464548192921,-116.32,24.766753061005968
174.22,49.91,27.7,43.9,31.1,44.25,42.85,39.95166666666666,39.94569865963982,-116.09,24.68817584001888
174.72,49.91,27.7,43.55,31.1,44.25,42.85,39.89333333333333,39.937843860693846,-116.09,25.12698602287063
175.23,50.27,27.7,43.9,31.44,44.25,42.85,40.068333333333335,39.95741728158976,-116.09,24.59099729389733
175.73,49.91,27.7,43.9,31.1,44.6,42.85,40.01,39.9653046893513,-116.09,24.300730160651394
176.24,49.91,28.04,43.9,31.1,44.25,42.5,39.949999999999996,39.963008985948605,-116.09,24.38851987816727
176.74,49.91,27.7,43.9,31.44,44.6,42.85,40.06666666666666,39.97855763805631,-116.32,24.05221338633001
177.25,49.91,28.04,43.55,31.1,44.25,42.85,39.949999999999996,39.97427399234786,-116.09,24.01433058297915
177.75,49.91,28.72,43.55,31.44,44.25,42.85,40.12,39.99613289349568,-116.09,23.35393628243631
178.26,50.27,28.04,43.9,31.44,44.25,42.85,40.125,40.01546295947132,-116.09,22.845546633926723
178.77,49.91,28.04,43.9,31.44,44.25,42.85,40.065,40.02289351555062,-116.09,22.493804944025314
179.27,49.91,28.04,43.55,31.44,44.25,42.85,40.00666666666667,40.02045948821803,-116.32,22.577072727704984
179.78,49.91,28.72,43.9,31.1,44.25,42.85,40.12166666666666,40.03564056498532,-116.32,21.962875148129697
180.28,50.27,28.38,43.55,31.44,44.25,42.85,40.123333333333335,40.048794480237525,-116.09,21.422110464812956
180.79,49.91,28.72,43.9,31.44,44.25,42.85,40.178333333333335,40.068225308201896,-116.32,20.817859052484824
181.29,49.91,28.04,43.9,31.44,44.25,42.85,40.065,40.06774151197161,-116.09,20.794060094247467
181.8,49.91,28.38,43.9,31.44,44.25,42.85,40.12166666666666,40.07583028517587,-116.09,20.409420835397537
182.3,49.91,28.72,43.9,31.44,44.25,42.85,40.178333333333335,40.09120574239949,-116.32,19.859488825521005
182.81,49.91,28.38,43.9,31.44,44.25,42.85,40.12166666666666,40.09577488103956,-116.09,19.52175475510525
183.31,49.55,28.04,43.9,31.44,44.25,42.5,39.946666666666665,40.07340864888363,-116.32,19.999323923991142
183.82,49.55,28.72,43.9,31.44,44.25,42.85,40.11833333333333,40.08014735155108,-116.32,19.71035661360925
184.32,49.55,28.38,43.9,31.44,44.25,42.85,40.06166666666666,40.07737524881841,-116.09,19.59353747302666
184.83,49.55,28.04,43.9,31.44,44.25,42.5,39.946666666666665,40.05776896149565,-116.09,19.97818514063297
185.33,49.55,28.04,43.9,31.44,43.9,42.5,39.888333333333335,40.032353617271305,-116.32,20.751500912915915
185.83,49.55,28.38,43.55,31.44,44.25,42.85,40.00333333333333,40.02800057468061,-116.32,20.780462483885636
186.34,49.55,28.38,43.9,31.44,44.25,42.85,40.06166666666666,40.033050488478516,-116.32,20.651672566293723
186.84,49.2,28.38,43.55,31.44,44.25,42.5,39.88666666666666,40.01109291520674,-116.32,21.351506114859536
187.35,49.55,27.7,43.55,31.44,44.25,42.85,39.89,39.99292897792572,-116.09,22.03618267164241
187.85,49.2,28.04,43.55,31.44,44.25,42.5,39.830000000000005,39.96848963123687,-116.32,22.738293387477942
188.36,49.55,28.38,43.9,31.78,44.25,42.5,40.059999999999995,39.98221618655134,-116.09,22.35020165815585
188.86,49.2,28.38,43.2,31.44,43.9,42.15,39.711666666666666,39.941633758568635,-116.09,23.67460303108104
189.36,49.55,28.04,43.55,31.78,43.9,42.5,39.88666666666667,39.93338869478334,-116.32,24.12529038179196
189.87,49.55,28.38,43.55,31.78,43.9,42.5,39.943333333333335,39.93488039056584,-116.32,24.36844323477486
190.37,49.55,28.72,43.55,31.44,43.9,42.5,39.943333333333335,39.93614833198096,-116.32,24.265885554146905
190.88,49.2,28.04,43.55,31.44,43.9,42.5,39.77166666666667,39.91147608218382,-116.32,25.418192540811223
191.38,49.55,28.72,43.55,31.44,43.9,42.5,39.943333333333335,39.916254669856244,-116.32,25.439846331991568
191.89,49.55,28.38,43.55,31.78,43.9,42.85,40.001666666666665,39.9290664693778,-116.32,25.129708761008352
192.39,49.55,28.72,43.55,31.78,43.9,42.5,40.0,39.939706498971134,-116.09,24.875081585173103
192.9,49.55,28.72,43.2,31.78,43.9,42.5,39.94166666666667,39.940000524125466,-116.32,25.154471736520094
193.4,49.55,28.04,43.55,31.44,44.25,42.5,39.888333333333335,39.93225044550665,-116.32,25.39287515023199
193.9,49.55,28.04,43.55,31.44,44.25,42.85,39.946666666666665,39.93441287868065,-116.32,25.272381793413878
194.41,49.55,28.38,43.55,31.78,44.25,42.5,40.001666666666665,39.94450094687855,-116.32,24.940002140103417
194.91,49.55,28.04,43.55,31.78,43.9,42.5,39.88666666666667,39.935825804846765,-116.09,25.242125058485065
195.42,49.55,28.38,43.55,31.78,43.9,42.5,39.943333333333335,39.936951934119755,-116.32,25.342993425684597
195.92,49.55,28.38,43.55,31.78,44.25,42.85,40.059999999999995,39.95540914400179,-116.32,24.844188768451442
196.43,49.55,28.38,43.55,31.78,43.9,42.5,39.943333333333335,39.953597772401515,-116.32,24.84406058046241
196.94,49.55,28.72,43.55,31.78,44.25,42.5,40.05833333333333,39.96930810654129,-116.32,24.515166847533063
197.44,49.91,28.72,43.55,31.78,44.25,42.5,40.11833333333333,39.991661890560096,-116.09,23.897330138167263
197.95,49.55,28.72,43.55,31.78,43.9,42.5,40.0,39.99291260697608,-116.09,23.702368522520302
198.45,49.55,29.05,43.55,31.78,44.25,42.85,40.17166666666667,40.01972571592967,-116.32,22.981304063295493
198.96,49.55,28.72,43.55,31.78,44.25,42.5,40.05833333333333,40.025516858540215,-116.09,22.66745134617672
199.46,49.91,28.38,43.9,31.78,43.9,42.85,40.12,40.03968932975918,-116.09,22.06977297470241
199.97,49.55,28.04,43.55,31.78,44.25,42.85,40.00333333333334,40.0342359302953,-116.32,22.170429898457346
200.47,49.55,29.05,43.55,31.78,43.9,42.5,40.055,40.03735054075101,-116.32,21.828169912311086
200.97,49.55,28.72,43.55,31.78,44.25,42.85,40.11666666666667,40.04924795963836,-116.09,21.43481626863966
201.48,49.55,28.04,43.2,31.78,43.9,42.5,39.82833333333333,40.0161107656926,-116.32,22.147384247748587
201.98,49.55,28.72,43.55,32.12,44.25,42.5,40.115,40.030944150838714,-116.32,21.786211492758493
202.49,49.55,28.72,43.55,32.12,44.25,42.5,40.115,40.043552528212906,-116.32,21.402768657614633
202.99,49.55,28.72,43.55,32.12,44.25,42.85,40.17333333333333,40.06301964898096,-116.32,20.765537797456833
203.5,49.55,28.72,43.55,31.78,43.9,42.85,40.05833333333333,40.06231670163382,-116.32,21.005243594608686
204.0,49.55,28.72,43.2,32.12,44.25,42.85,40.115,40.07021919638874,-116.32,20.629727658329326
204.51,49.55,29.39,43.55,31.78,44.25,42.5,40.169999999999995,40.085186316930425,-116.32,20.094397024084312
205.01,49.55,29.05,43.55,31.78,43.9,42.5,40.055,40.08065836939086,-116.32,19.982643245581983
205.52,49.55,28.72,43.55,32.12,43.9,42.5,40.056666666666665,40.07705961398223,-116.32,20.012986771692734
206.02,49.2,28.72,43.55,32.12,43.9,42.5,39.998333333333335,40.06525067188489,-116.32,20.181591991553226
206.53,49.55,29.05,43.55,31.78,43.9,42.5,40.055,40.06371307110216,-116.32,20.04721444966968
207.03,49.2,29.39,43.55,32.12,43.9,42.5,40.11,40.07065611043683,-116.09,19.860604647026044
207.54,49.2,28.72,43.55,32.12,43.9,42.5,39.998333333333335,40.0598076938713,-116.32,20.10173771963623
208.04,49.55,29.05,43.55,32.12,43.9,42.5,40.111666666666665,40.067586539790604,-116.09,19.955291898167804
208.55,49.2,29.05,43.2,32.12,43.9,42.5,39.995,40.05669855882201,-116.32,20.184139425574944
209.05,49.2,28.72,43.55,32.12,43.9,42.5,39.998333333333335,40.04794377499871,-116.32,20.301408383970486
209.56,49.2,28.72,43.55,31.78,43.9,42.5,39.94166666666667,40.0320022087489,-116.32,20.75388049714721
210.06,49.2,28.04,43.55,31.78,43.9,42.15,39.77,39.99270187743656,-116.32,21.680230868040738
210.57,49.2,29.05,43.2,31.78,43.9,42.15,39.88,39.97579659582107,-116.09,22.228718668000074
211.07,48.84,28.72,43.2,32.12,43.9,42.5,39.88,39.96142710644791,-116.32,22.71407866084245
211.58,48.84,29.05,43.2,31.78,43.9,42.5,39.87833333333334,39.94896304048072,-116.09,23.231092344876764
212.08,49.2,29.05,43.55,32.12,43.9,42.5,40.053333333333335,39.96461858440861,-116.09,23.194301365042495
212.59,49.2,29.39,43.2,32.12,43.9,42.15,39.99333333333333,39.968925796747314,-116.09,23.257523433700005
213.09,49.2,28.72,43.2,32.12,43.9,42.5,39.940000000000005,39.96458692723522,-116.32,23.534666342650056
213.6,49.2,29.39,43.2,32.12,43.9,42.5,40.05166666666667,39.97764888814993,-116.32,23.31505101642509
214.1,49.2,29.05,43.2,32.12,43.9,42.5,39.995,39.980251554927435,-116.32,23.123502371220265
214.61,49.2,29.05,43.2,32.12,43.9,42.5,39.995,39.98246382168832,-116.32,23.04191657097288
215.11,49.2,29.05,43.2,32.12,43.9,42.5,39.995,39.984344248435065,-116.32,23.044249950797084
215.62,48.84,28.72,43.2,32.12,43.55,42.15,39.763333333333335,39.9511926111698,-116.32,23.863504149810797
216.12,48.84,29.05,43.2,32.12,43.9,42.5,39.935,39.94876371949433,-116.32,23.952714978311597
216.62,49.2,29.05,43.2,32.12,43.9,42.5,39.995,39.95569916157017,-116.32,23.783826589631403
217.13,49.2,28.38,43.55,32.12,43.55,42.5,39.88333333333333,39.94484428733465,-116.09,24.113480638164432
217.64,49.2,28.72,43.2,32.12,43.9,42.15,39.88166666666667,39.935367644234454,-116.32,24.741523238383934
218.14,49.2,29.05,43.2,32.12,43.9,42.15,39.93666666666667,39.935562497599285,-116.32,24.818766409229767
218.65,49.2,29.73,43.2,32.12,43.9,42.5,40.108333333333334,39.96147812295939,-116.32,24.072357303479485
219.15,49.2,29.05,43.2,32.12,43.9,42.5,39.995,39.966506404515485,-116.32,24.064310507182533
219.66,49.2,29.39,43.2,32.12,43.55,42.5,39.99333333333333,39.970530443838165,-116.32,24.06752202772554
220.16,49.2,28.38,43.2,32.12,43.9,42.15,39.825,39.94870087726244,-116.32,24.716883874920217
220.67,49.2,28.72,43.2,32.12,43.55,42.5,39.88166666666667,39.93864574567308,-116.32,24.813632659705497
221.17,49.2,29.73,43.2,32.12,43.9,42.5,40.108333333333334,39.96409888382212,-116.32,24.09504925508217
221.68,49.2,28.72,43.2,32.12,43.9,42.15,39.88166666666667,39.9517340512488,-116.09,24.44330423833741
222.18,49.2,29.05,43.55,32.12,43.9,42.5,40.053333333333335,39.96697394356148,-116.32,24.253694017175768
222.69,49.2,28.72,43.2,32.46,43.9,42.5,39.99666666666667,39.971427852027254,-116.32,24.24956642276617
223.19,49.2,28.72,43.2,32.12,43.9,42.5,39.940000000000005,39.966713674223165,-116.32,24.176330755241704
223.7,49.2,29.05,43.2,32.12,43.9,42.5,39.995,39.970956623089684,-116.32,24.19962221233083
224.2,49.2,29.05,43.2,32.12,43.55,42.5,39.93666666666667,39.965813129626234,-116.32,24.23274082118089
224.71,49.2,29.39,43.2,32.12,43.9,42.5,40.05166666666667,39.9786911601823,-116.32,23.858731223326522
225.21,49.2,28.72,43.55,32.12,43.9,42.5,39.998333333333335,39.98163748615495,-116.32,23.837950163861592
225.71,49.2,28.72,43.2,32.12,43.55,42.15,39.82333333333334,39.95789186323171,-116.32,24.490335529415745
226.22,49.2,29.05,43.2,32.12,43.9,42.5,39.995,39.96345808374695,-116.32,24.41735449059665
226.72,49.2,29.73,43.2,32.12,43.9,42.5,40.108333333333334,39.98518937118491,-116.32,23.717543347787288
227.23,49.2,29.73,43.2,32.12,43.9,42.5,40.108333333333334,40.003660965507166,-116.32,23.190393653172695
227.73,49.2,30.07,43.2,32.12,43.55,42.15,40.04833333333333,40.01036182068109,-116.32,23.213619184329172
228.24,49.2,29.73,43.2,32.12,43.9,42.5,40.108333333333334,40.02505754757893,-116.32,22.752004267579046
228.74,49.55,28.38,43.2,32.12,43.9,42.5,39.94166666666667,40.01254891544209,-116.32,22.8800284696962
229.25,49.2,29.39,43.55,32.46,43.9,42.5,40.166666666666664,40.03566657812578,-116.32,22.083732750667302
229.75,49.2,29.39,43.2,32.12,43.9,42.5,40.05166666666667,40.03806659140691,-116.32,21.93176400549891
230.26,49.2,29.05,43.55,32.12,43.55,42.5,39.995,40.031606602695874,-116.32,21.944809956800867
230.76,49.2,29.39,43.2,32.12,43.55,42.5,39.99333333333333,40.02586561229149,-116.32,22.178179568229385
231.27,49.2,29.05,43.55,32.12,43.9,42.5,40.053333333333335,40.029985770447766,-116.32,21.847913775303564
231.77,49.2,29.05,43.2,32.46,43.9,42.5,40.05166666666667,40.0332379048806,-116.32,21.7160426060329
232.28,48.84,28.72,43.55,32.12,43.9,42.5,39.93833333333333,40.01900221914851,-116.32,22.12049955867743
232.78,49.2,28.72,43.2,32.46,43.9,42.5,39.99666666666667,40.01565188627624,-116.32,22.243287476502474
233.29,49.2,29.05,43.2,32.46,43.9,42.5,40.05166666666667,40.0210541033348,-116.32,22.049901657173837
233.79,49.2,29.39,43.2,32.46,43.55,42.5,40.050000000000004,40.02539598783458,-116.32,21.888611130016994
234.3,49.2,29.05,43.55,32.12,43.9,42.5,40.053333333333335,40.02958658965939,-116.32,21.877544406148214
234.8,49.2,29.73,43.2,32.12,43.55,42.15,39.99166666666667,40.023898601210476,-116.32,22.031965046846953
235.31,48.84,29.39,43.2,32.12,43.55,42.5,39.93333333333334,40.01031381102891,-116.32,22.32815856619111
235.81,49.2,29.73,43.2,32.46,43.9,42.5,40.165,40.03351673937457,-116.32,21.66501836664031
236.31,48.84,29.39,43.2,32.12,43.55,42.5,39.93333333333334,40.01848922846838,-116.32,21.998155577217457
236.82,49.2,29.05,43.2,32.46,43.55,42.5,39.99333333333333,40.01471584419812,-116.32,22.13174112264357
237.32,48.84,29.05,42.85,32.12,43.2,42.5,39.76,39.97650846756841,-116.32,23.277147141381533
237.83,48.84,29.05,43.55,32.12,43.55,42.5,39.935,39.97028219743314,-116.32,23.26328850154758
238.33,49.2,29.05,42.85,32.12,43.55,42.5,39.87833333333333,39.95648986781816,-116.32,23.80997464446239
238.83,48.84,29.73,43.2,32.46,43.9,42.5,40.105000000000004,39.97876638764544,-116.32,23.261705996140027
239.34,49.2,29.39,43.2,32.46,43.55,42.15,39.99166666666667,39.98070142949862,-116.32,23.569536339009094
239.84,49.2,29.39,43.2,32.46,43.55,42.5,40.050000000000004,39.991096215073824,-116.32,23.35344472042327
240.35,48.84,29.39,43.2,32.46,43.9,42.5,40.04833333333334,39.99968178281275,-116.32,23.246820530616176
240.85,49.2,29.39,43.2,32.46,43.55,42.5,40.050000000000004,40.00722951539083,-116.32,22.84211536527132
241.36,48.84,30.07,43.2,32.46,43.55,42.5,40.10333333333333,40.0216450880822,-116.32,22.427572877798617
241.86,49.2,29.05,43.2,32.46,43.55,42.5,39.99333333333333,40.017398324869866,-116.32,22.432841937439115
242.37,49.2,29.05,43.2,32.46,43.9,42.5,40.05166666666667,40.02253857613939,-116.32,22.205198823594728
242.87,49.2,29.39,43.55,32.46,43.55,42.5,40.10833333333333,40.03540778971848,-116.32,21.77892694169811
243.38,49.2,30.07,43.2,32.46,43.9,42.5,40.22166666666667,40.063346621260706,-116.32,20.901390558860747
243.88,49.2,29.05,43.2,32.46,43.9,42.5,40.05166666666667,40.061594628071596,-116.32,20.92904074005692
244.39,49.2,29.39,43.2,32.46,43.55,42.5,40.050000000000004,40.05985543386086,-116.32,20.880195833240926
244.89,49.2,29.05,43.2,32.46,43.55,42.5,39.99333333333333,40.04987711878172,-116.32,20.98013796065415
245.4,48.84,29.39,42.85,32.8,43.55,42.15,39.93,40.031895550964464,-116.32,21.16989399620022
245.9,48.84,29.39,43.2,32.46,43.55,42.15,39.931666666666665,40.01686121831979,-116.32,21.54924254351915
246.4,48.84,29.73,42.85,32.12,43.9,42.15,39.93166666666667,40.00408203557182,-116.32,21.886443428534008
246.91,49.2,29.39,43.2,32.46,43.55,42.5,40.050000000000004,40.01096973023604,-116.32,21.785898259697735
247.41,48.84,29.73,42.85,32.46,43.55,42.15,39.93,39.99882427070064,-116.32,22.254104258579634
247.92,48.84,29.39,43.55,32.46,43.55,42.5,40.04833333333334,40.006250630095536,-116.32,22.186098246402057
248.42,48.84,29.73,43.2,32.46,43.55,42.5,40.046666666666674,40.01231303558121,-116.32,22.1288408430342
248.93,48.84,29.05,43.2,32.46,43.55,42.15,39.87500000000001,39.991716080244025,-116.32,22.612750551089565
249.43,48.84,29.05,43.2,32.46,43.55,42.5,39.93333333333334,39.982958668207424,-116.32,22.965731717022646
249.94,49.2,29.73,43.2,32.46,43.55,42.5,40.10666666666666,40.00151486797631,-116.32,22.41105818384411
250.44,48.84,29.39,42.85,32.46,43.9,42.5,39.99,39.99978763777986,-116.32,22.403586546092455
250.95,48.84,30.07,43.2,32.46,43.55,42.15,40.045,40.00656949211288,-116.32,22.400061566035582
251.45,48.84,29.39,43.2,32.8,43.55,42.15,39.98833333333334,40.00383406829595,-116.32,22.544493993014232
251.96,48.84,29.73,43.2,32.46,43.55,42.5,40.046666666666674,40.01025895805156,-116.32,22.207047123923434
252.46,48.84,29.05,42.85,32.46,43.55,42.15,39.81666666666667,39.98122011434382,-116.32,23.00054742606096
252.96,48.84,29.73,43.2,32.46,43.55,42.15,39.98833333333334,39.98228709719225,-116.32,22.927913886934974
253.47,48.84,29.39,43.2,32.46,43.55,42.15,39.931666666666665,39.97469403261341,-116.32,23.176647850944335
253.98,48.84,29.05,42.85,32.46,43.55,42.5,39.875,39.959739927721394,-116.32,23.556831091297383
254.48,48.84,29.39,43.2,32.46,43.55,42.5,39.99,39.96427893856318,-116.32,23.728277676540497
254.99,48.84,30.07,43.2,32.46,43.55,42.15,40.045,39.976387097778705,-116.32,23.412750230673574
255.49,48.84,29.39,43.2,32.8,43.9,42.15,40.046666666666674,39.986929033111906,-116.32,23.209617263391568
256.0,48.84,29.39,43.2,32.8,43.55,42.5,40.046666666666674,39.99588967814511,-116.32,23.10714510146473
256.5,48.84,29.73,43.2,32.8,43.55,42.15,40.045,40.003256226423346,-116.32,22.868466908838457
257.01,48.49,29.73,42.85,32.46,43.55,42.15,39.87166666666666,39.983517792459836,-116.32,23.301301288135097
257.51,48.84,29.05,42.85,32.46,43.55,42.15,39.81666666666667,39.95849012359086,-116.32,23.92074585982254
258.01,48.84,30.41,42.5,32.46,43.55,42.15,39.985,39.962466605052235,-116.32,23.76516097683166
258.52,48.84,29.39,43.2,32.46,43.55,42.15,39.931666666666665,39.9578466142944,-116.32,23.862304307779628
259.03,48.84,29.73,42.85,32.8,43.55,42.15,39.98666666666667,39.962169622150235,-116.32,23.95829600574969
259.53,49.2,29.39,43.2,32.46,43.55,42.5,40.050000000000004,39.9753441788277,-116.32,23.848880859659257
260.04,48.84,29.73,43.2,32.46,43.55,42.5,40.046666666666674,39.986042552003546,-116.32,23.535432505210693
260.54,48.84,29.73,42.85,32.46,43.55,42.15,39.93,39.97763616920301,-116.32,23.82527630967933
261.05,48.84,29.39,43.2,32.8,43.55,42.5,40.046666666666674,39.98799074382255,-116.32,23.516449192320028
261.55,48.49,30.07,42.85,32.8,43.55,42.15,39.985,39.98754213224917,-116.32,23.42140912453821
262.05,48.84,29.39,42.85,32.46,43.55,42.15,39.87333333333334,39.97041081241179,-116.32,23.815166737941645
262.56,48.84,29.73,43.2,32.46,43.55,42.5,40.046666666666674,39.98184919055002,-116.32,23.59728437079466
263.06,48.84,29.39,43.2,32.46,43.55,42.15,39.931666666666665,39.97432181196751,-116.32,23.730917473759817
263.57,48.84,29.39,43.2,32.46,43.55,42.15,39.931666666666665,39.967923540172386,-116.32,23.938332567814708
264.07,48.84,29.73,43.2,32.8,43.55,42.5,40.10333333333333,39.98823500914653,-116.32,23.552420545869968
264.58,49.2,30.07,43.2,32.8,43.55,42.5,40.22,40.02299975777455,-116.32,22.506446525410052
265.08,48.84,29.39,43.2,32.46,43.55,42.5,39.99,40.01804979410837,-116.32,22.686354845790362
265.59,48.84,29.39,43.2,32.46,43.55,42.15,39.931666666666665,40.005092324992106,-116.32,23.081302679405457
266.09,48.84,29.39,43.2,32.46,43.55,42.15,39.931666666666665,39.99407847624329,-116.32,23.199775021494993
266.6,48.84,29.39,43.2,32.8,43.55,42.15,39.98833333333334,39.99321670480679,-116.32,22.920325264233135
267.1,49.2,29.73,43.2,32.46,43.55,42.15,40.04833333333333,40.00148419908577,-116.32,22.744126478738767
267.61,48.84,29.39,42.85,32.46,43.55,42.15,39.87333333333334,39.982261569222906,-116.32,23.386463436272802
268.11,49.2,29.39,43.2,32.8,43.55,42.15,40.04833333333333,39.99217233383947,-116.32,23.226168540006782
268.62,49.2,30.07,43.2,32.8,43.55,42.15,40.16166666666667,40.01759648376354,-116.32,22.54525143541049
269.12,49.2,29.39,42.85,32.8,43.55,42.5,40.04833333333334,40.02220701119901,-116.32,22.333620115559636
269.63,48.84,30.07,43.2,32.46,43.55,42.15,40.045,40.025625959519154,-116.32,22.389203244570854
270.13,48.84,29.73,43.2,32.46,43.55,42.5,40.046666666666674,40.02878206559128,-116.32,22.196421380462496
270.63,49.2,29.73,43.2,32.46,43.55,42.15,40.04833333333333,40.03171475575259,-116.32,21.875213227658406
271.14,49.2,29.39,43.2,32.8,43.55,42.5,40.10666666666666,40.0429575423897,-116.32,21.513085819778073
271.65,48.49,29.39,43.2,32.46,43.2,42.15,39.815000000000005,40.008763911031245,-116.55,22.354468931050427
272.15,48.84,30.41,43.2,32.8,43.55,42.5,40.21666666666667,40.03994932437656,-116.32,21.49264752005228
272.65,48.84,29.39,42.85,32.46,43.55,42.15,39.87333333333334,40.01495692572007,-116.32,22.093826466456164
273.16,48.84,30.07,43.2,32.8,43.55,42.15,40.10166666666667,40.02796338686206,-116.32,21.640575014300257
273.66,48.84,28.72,43.2,32.46,43.2,42.15,39.76166666666667,39.98801887883275,-116.32,22.985615732859692
274.16,48.84,29.73,43.2,32.8,43.55,42.15,40.045,39.99656604700784,-116.32,22.48949164043119
274.67,48.49,29.39,42.85,32.46,43.55,42.15,39.815000000000005,39.969331139956665,-116.55,23.460597638649347
275.17,48.84,29.39,43.2,32.46,43.55,42.15,39.931666666666665,39.96368146896316,-116.32,23.528671262670322
275.68,48.84,29.73,42.85,32.46,43.2,41.8,39.81333333333334,39.94112924861868,-116.32,24.564938166327543
276.18,49.2,30.07,43.2,32.46,43.55,42.15,40.105000000000004,39.96570986132588,-116.32,23.841625458312762
276.69,48.84,30.07,43.2,32.46,43.55,42.15,40.045,39.977603382127,-116.32,23.785328862623757
277.19,49.2,29.05,42.85,32.8,43.55,42.15,39.93333333333333,39.970962874807945,-116.32,24.044386632543727
277.7,48.84,30.41,43.2,32.46,43.55,42.5,40.16,39.99931844358675,-116.32,23.478785722998484
278.2,49.2,29.73,43.2,32.8,43.55,42.15,40.105000000000004,40.015170677048744,-116.32,22.823612279318965
278.71,48.84,29.73,43.2,32.8,43.55,42.15,40.045,40.01964507549143,-116.32,22.58423164909856
279.21,48.84,29.39,43.2,32.8,43.55,42.5,40.046666666666674,40.02369831416772,-116.32,22.51534120982681
279.72,48.84,29.73,43.2,32.8,43.55,42.15,40.045,40.026893567042556,-116.32,22.162901073430945
280.22,49.2,29.73,43.2,32.8,43.55,42.15,40.105000000000004,40.03860953198617,-116.32,21.69331308870808
280.73,49.2,30.07,43.2,32.46,43.2,42.15,40.04666666666667,40.03981810218824,-116.32,21.59086889660207
281.23,49.2,29.73,43.2,32.8,43.55,42.5,40.163333333333334,40.058345386860005,-116.32,21.04184897207753
281.73,48.49,30.07,42.85,32.46,43.2,42.15,39.87,40.030093578831,-116.55,21.701801683934775
282.24,48.84,29.73,42.85,32.8,43.55,42.15,39.98666666666667,40.02357954200635,-116.32,21.748295708254524
282.74,48.84,30.07,43.2,32.8,43.55,42.15,40.10166666666667,40.0352926107054,-116.32,21.410885581149984
283.25,48.84,30.07,42.85,32.8,43.55,42.15,40.04333333333334,40.03649871909958,-116.32,21.194660422500352
283.75,48.84,29.73,43.2,32.8,43.55,42.5,40.10333333333333,40.046523911234644,-116.32,21.140626763942322
284.26,48.84,29.73,42.85,32.8,43.55,42.5,40.04500000000001,40.04629532454945,-116.32,21.162059619205888
284.76,48.84,29.73,43.2,32.8,43.2,42.15,39.986666666666665,40.037351025867025,-116.32,21.25718536506855
285.27,48.84,29.73,43.2,32.8,43.55,42.5,40.10333333333333,40.047248371986974,-116.32,20.96057394943255
285.77,48.84,29.39,43.2,32.8,43.55,42.15,39.98833333333334,40.03841111618893,-116.32,21.065515721860116
286.28,48.49,29.73,43.2,32.8,43.2,42.15,39.928333333333335,40.02189944876059,-116.32,21.463764161661903
286.78,48.49,29.39,43.2,32.8,43.55,42.15,39.93,40.0081145314465,-116.32,21.88381072717094
287.29,48.84,29.39,43.2,32.8,43.55,42.15,39.98833333333334,40.00514735172953,-116.32,21.870902261786547
287.79,48.49,29.73,42.85,32.8,43.2,42.15,39.87,39.9848752489701,-116.32,22.48501040832647
288.3,48.84,30.07,42.85,32.8,43.55,42.5,40.10166666666667,40.00239396162458,-116.32,22.170389193421425
288.8,48.84,30.07,43.2,32.8,43.2,42.15,40.04333333333334,40.008534867380895,-116.32,22.123048969561964
289.31,48.49,30.07,42.85,32.8,43.55,42.15,39.985,40.00500463727376,-116.32,22.23573509216966
289.81,48.49,29.73,43.2,32.8,43.2,42.15,39.928333333333335,39.99350394168269,-116.32,22.718598401740536
290.32,48.49,29.39,42.85,32.8,43.2,42.15,39.813333333333325,39.966478350430286,-116.32,23.31133284521724
290.82,48.49,29.05,42.85,32.8,43.2,42.15,39.75666666666667,39.935006597865744,-116.32,24.169163013159427
291.33,48.84,29.73,43.2,32.8,43.2,42.5,40.044999999999995,39.951505608185876,-116.32,23.794373630110407
291.83,48.84,29.39,42.85,32.8,43.55,42.15,39.93,39.94827976695799,-116.32,24.034097721720716
292.34,48.49,29.73,42.85,32.8,43.2,42.15,39.87,39.93653780191429,-116.32,24.665881283433222
292.84,48.84,29.73,42.85,32.46,43.55,42.15,39.93,39.93555713162714,-116.32,25.047451389602323
293.34,48.49,30.07,42.85,32.8,43.2,42.5,39.98499999999999,39.94297356188307,-116.32,24.738537348403096
293.85,48.84,29.73,42.85,32.8,43.55,42.5,40.04500000000001,39.95827752760061,-116.32,24.381747693024515
294.35,48.49,30.07,42.85,32.8,43.2,42.15,39.92666666666666,39.95353589846051,-116.32,24.665062270059213
294.86,48.84,29.73,43.2,32.8,43.55,42.15,40.045,39.96725551369143,-116.32,24.323805622047093
295.36,48.84,29.73,42.85,32.8,43.55,42.15,39.98666666666667,39.97016718663772,-116.32,24.202815191056175
295.87,48.84,29.73,43.2,32.8,43.2,42.15,39.986666666666665,39.972642108642056,-116.32,24.01990261932653
296.37,48.84,29.39,43.2,32.8,43.2,42.5,39.98833333333334,39.97499579234575,-116.32,24.02155430341733
296.88,49.2,30.07,43.2,32.8,43.2,42.5,40.16166666666667,40.00299642349388,-116.32,23.138472630597303
297.38,48.84,29.39,43.2,32.8,43.2,42.15,39.93,39.9920469599698,-116.32,23.412877953731677
297.89,48.84,29.73,42.85,32.8,43.2,42.5,39.98666666666667,39.991239915974326,-116.32,23.420250460921878
298.39,48.84,29.73,43.2,32.8,43.55,42.15,40.045,39.99930392857817,-116.32,23.18365959991027
298.9,48.84,29.73,43.2,32.8,43.55,42.5,40.10333333333333,40.014908339291445,-116.32,22.511172400985735
299.4,48.84,29.05,43.2,32.8,43.55,42.5,39.99,40.01117208839773,-116.32,22.695218875511053
299.91,48.84,30.07,43.2,32.8,43.55,42.5,40.16,40.03349627513806,-116.32,22.091208186238006
300.41,48.84,29.73,42.85,32.8,43.2,42.15,39.928333333333335,40.01772183386735,-116.32,22.41549040043965
300.92,48.84,29.73,43.2,32.8,43.2,42.5,40.044999999999995,40.021813558787244,-116.32,22.155180429001568
301.42,48.84,30.07,43.2,32.8,43.2,42.5,40.10166666666667,40.03379152496915,-116.32,21.84991003589137
301.93,48.84,30.07,42.85,32.8,43.55,42.5,40.10166666666667,40.04397279622378,-116.32,21.36492910130708
302.43,48.84,30.07,43.2,32.8,43.55,42.5,40.16,40.061376876790206,-116.32,21.009468264683942
302.94,48.84,29.73,43.2,32.8,43.55,42.5,40.10333333333333,40.06767034527167,-116.32,20.76376394975385
303.44,48.84,30.07,43.2,32.8,43.2,42.15,40.04333333333334,40.064019793480924,-116.32,20.70272360876972
303.95,48.84,29.73,42.85,32.8,43.55,42.5,40.04500000000001,40.06116682445878,-116.32,20.639270834321763
304.45,48.84,29.73,43.2,32.8,43.55,42.15,40.045,40.05874180078996,-116.32,20.508516786977456
304.96,48.84,30.07,43.2,32.8,43.2,42.15,40.04333333333334,40.05643053067146,-116.32,20.46776845763781
305.46,48.84,29.73,42.85,32.8,43.2,42.15,39.928333333333335,40.03721595107074,-116.32,20.940351152719447
305.97,48.84,29.73,42.85,32.8,43.55,42.15,39.98666666666667,40.029633558410126,-116.32,21.12834768756377
306.47,48.49,30.07,42.85,32.46,43.2,42.15,39.87,40.005688524648605,-116.55,21.748884608648467
306.98,48.84,29.73,42.85,32.8,43.55,42.5,40.04500000000001,40.011585245951316,-116.32,21.60849031848568
307.48,48.84,29.73,43.2,32.8,43.55,42.15,40.045,40.01659745905862,-116.32,21.62982606918498
307.99,48.84,30.07,42.85,32.8,43.2,42.15,39.985,40.01185784019982,-116.32,21.80506677861422
308.49,48.49,29.73,43.2,32.8,43.2,42.15,39.928333333333335,39.99932916416985,-116.32,22.334762949015293
309.0,48.49,29.73,42.85,32.46,43.2,42.15,39.81333333333334,39.971429789544366,-116.32,23.042123709400748
309.5,48.49,30.07,43.2,32.8,43.2,42.15,39.985,39.97346532111271,-116.32,22.96715257660685
310.01,48.84,29.73,42.85,32.8,43.2,42.15,39.928333333333335,39.966695522945805,-116.32,23.219163315888302
310.51,48.49,29.73,42.85,32.8,43.55,42.15,39.928333333333335,39.96094119450393,-116.32,23.520895327958602
311.02,48.84,29.73,43.2,33.15,43.2,42.15,40.045,39.973550015328335,-116.32,23.45546129838675
311.52,48.49,30.07,42.85,32.8,43.2,42.15,39.92666666666666,39.96651751302908,-116.32,23.657234506994822
312.03,48.49,29.73,42.85,32.8,43.2,42.15,39.87,39.95203988607472,-116.32,24.15748113184749
312.53,48.84,29.39,42.85,32.8,43.2,42.15,39.87166666666666,39.93998390316351,-116.32,24.59921754467948
313.04,48.49,29.73,42.85,32.8,43.2,42.15,39.87,39.92948631768898,-116.32,24.840533068878596
313.54,48.84,29.73,42.85,32.8,43.2,42.15,39.928333333333335,39.92931337003563,-116.32,24.977261792282548
314.05,48.84,29.39,43.2,32.8,43.2,42.15,39.93,39.92941636453029,-116.32,25.176671981698096
314.55,48.84,29.73,42.85,32.8,43.55,42.15,39.98666666666667,39.93800390985075,-116.32,25.10602894888893
315.06,48.49,30.75,42.85,32.8,43.2,42.15,40.04,39.953303323373135,-116.32,24.818219632265944
315.56,48.84,29.73,42.85,32.8,43.2,42.15,39.928333333333335,39.94955782486716,-116.32,24.972040040972434
316.07,48.84,29.73,42.85,32.8,43.55,42.5,40.04500000000001,39.96387415113709,-116.32,24.60439799739866
316.57,48.84,30.07,43.2,32.46,43.2,41.8,39.928333333333335,39.95854302846653,-116.55,24.71169909550591
317.07,48.84,29.39,43.2,32.8,43.55,42.15,39.98833333333334,39.96301157419654,-116.32,24.479814812410133
317.58,48.84,30.07,42.85,32.8,43.55,42.15,40.04333333333334,39.97505983806706,-116.32,24.20443832379107
318.09,48.84,30.41,43.2,32.8,43.2,42.5,40.15833333333333,40.002550862357005,-116.32,23.325429245236556
318.59,48.84,30.07,43.2,33.15,43.2,42.15,40.10166666666667,40.01741823300345,-116.32,22.96068680068757
319.1,48.84,30.07,43.2,32.8,43.55,42.15,40.10166666666667,40.03005549805293,-116.32,22.561741893633403
319.6,49.2,30.41,43.2,32.8,43.2,42.15,40.160000000000004,40.04954717334499,-116.32,21.90922215163956
320.11,48.84,29.73,43.2,32.8,43.2,42.5,40.044999999999995,40.04886509734324,-116.32,21.650857375319134
320.61,48.84,29.73,42.85,32.8,43.55,42.5,40.04500000000001,40.04828533274175,-116.32,21.498943724281414
321.12,48.84,29.73,43.2,32.8,43.2,42.15,39.986666666666665,40.03904253283048,-116.32,21.593494136739988
321.62,48.84,30.07,42.85,32.8,43.55,42.5,40.10166666666667,40.04843615290591,-116.32,21.15224307319699
322.13,48.84,29.73,43.2,33.15,43.2,42.15,40.045,40.04792072997002,-116.32,21.1308719608613
