0,9.75,7.82,9.1,9.43,9.1,6.22,8.57,5.27538497,-128.45,99.99999936
0.51,9.75,8.14,9.43,9.43,9.1,6.22,8.678333333,5.785827225,-128.45,99.9999992
1.02,10.39,7.82,9.43,9.43,9.1,6.22,8.731666667,6.227703141,-128.45,99.99975082
1.52,11.04,7.5,9.43,9.43,9.43,6.54,8.895,6.62779767,-128.45,99.99968164
2.03,12.01,8.14,9.43,9.43,9.43,6.54,9.163333333,7.008128019,-128.45,99.99999843
2.53,12.66,8.14,9.43,9.75,9.75,6.54,9.378333333,7.363658816,-128.45,99.99999771
3.03,13.96,8.46,9.75,9.43,10.07,7.18,9.808333333,7.730359994,-128.45,99.99999552
3.54,14.61,7.82,10.39,9.1,10.07,7.5,9.915,8.058055995,-128.45,99.9999943
4.04,15.92,7.82,10.39,9.43,10.72,7.82,10.35,8.401847596,-128.45,99.99998748
4.54,16.9,7.82,11.04,9.43,11.04,8.46,10.78166667,8.758820456,-128.45,99.99997336
5.05,17.89,7.82,11.04,9.43,11.36,9.1,11.10666667,9.110997388,-128.45,99.99994622
5.55,18.55,7.82,11.36,9.43,11.69,9.43,11.38,9.45134778,-128.45,99.99991453
6.06,19.87,8.46,11.69,9.43,12.01,9.75,11.86833333,9.813895613,-128.45,99.999779
6.56,20.53,7.82,12.01,9.43,12.34,10.39,12.08666667,10.15481127,-128.45,99.99961949
7.07,21.19,8.14,12.34,9.43,12.66,10.39,12.35833333,10.48533958,-128.45,99.99932716
7.57,21.86,7.5,12.99,9.43,12.99,11.04,12.635,10.80778864,-128.45,99.99883186
8.08,22.86,7.82,13.31,9.1,13.64,11.69,13.07,11.14712035,-128.45,99.99713645
8.58,23.52,8.14,13.64,9.1,13.64,12.01,13.34166667,11.47630229,-128.45,99.99519954
9.08,24.19,8.14,14.29,9.43,13.96,12.34,13.725,11.81360695,-128.45,99.99022826
9.59,24.86,7.82,14.29,9.1,14.61,12.99,13.945,12.13331591,-128.45,99.98439222
10.09,25.53,7.5,14.61,9.1,14.61,12.99,14.05666667,12.42181852,-128.45,99.97706427
10.6,26.2,7.5,15.27,9.43,14.94,13.64,14.49666667,12.73304574,-128.45,99.94918201
11.1,26.87,7.82,15.27,9.1,15.27,14.29,14.77,13.03858888,-128.45,99.907288
11.61,27.55,8.14,15.92,9.1,15.92,14.61,15.20666667,13.36380055,-128.45,99.80097445
12.11,27.88,7.82,16.25,9.1,15.92,14.94,15.31833333,13.65698047,-128.23,99.7512947
12.62,28.56,7.82,16.58,9.1,16.25,15.59,15.65,13.9559334,-128.45,99.49165397
13.12,28.9,7.82,16.58,9.1,16.9,15.59,15.815,14.23479339,-128.45,99.25532281
13.62,29.91,7.82,17.23,9.1,16.9,16.58,16.25666667,14.53807438,-128.45,98.22187003
14.13,30.59,7.82,17.56,9.1,17.23,16.58,16.48,14.82936322,-128.45,97.39370862
14.63,30.59,7.5,17.89,8.78,17.23,17.23,16.53666667,15.08545874,-128.45,99.61152793
15.14,31.27,7.82,17.89,9.1,17.89,17.56,16.92166667,15.36088993,-128.45,93.76141486
15.64,31.95,7.82,18.55,9.1,18.22,17.89,17.255,15.64500644,-128.45,87.9654947
16.15,32.29,7.82,18.55,8.78,18.55,18.22,17.36833333,15.90350547,-128.45,98.02516966
16.65,32.98,7.18,19.21,9.1,18.55,18.55,17.595,16.15722965,-128.23,98.55346215
17.15,33.32,7.5,19.54,9.1,18.88,19.21,17.925,16.4223952,-128.45,65.73859439
17.66,33.66,7.5,19.54,9.1,19.21,19.21,18.03666667,16.66453592,-128.45,91.49551369
18.16,34,8.14,20.2,9.1,19.54,19.54,18.42,16.92785554,-128.45,93.44082773
18.67,34.34,7.5,20.53,9.1,19.87,19.87,18.535,17.1689272,-128.23,89.73383503
19.17,35.03,7.82,20.86,9.1,19.87,20.2,18.81333333,17.41558812,-128.23,71.38420552
19.68,35.03,7.82,20.86,9.1,20.2,20.53,18.92333333,17.64174991,-128.23,76.94320762
20.18,35.37,7.5,21.19,9.1,20.53,20.86,19.09166667,17.85923742,-128.45,67.85717996
20.69,35.37,7.82,21.53,9.1,20.86,21.19,19.31166667,18.07710181,-128.45,57.4414083
21.19,35.72,7.5,21.86,9.1,20.86,21.19,19.37166667,18.27128654,-128.23,47.13504494
21.7,36.06,7.5,22.19,9.1,21.19,21.53,19.595,18.46984356,-128.45,37.15342949
22.2,36.06,7.82,22.19,9.1,21.19,21.86,19.70333333,18.65486702,-128.23,28.66072614
22.71,35.72,8.14,22.52,9.1,21.53,21.86,19.81166667,18.82838697,-128.45,21.73577032
23.21,35.37,7.82,22.52,9.1,21.53,22.19,19.755,18.96737892,-128.23,16.98470474
23.72,35.37,7.82,22.52,9.43,21.53,22.19,19.81,19.09377208,-128.45,13.28974002
24.22,35.03,7.5,22.86,9.1,21.86,22.19,19.75666667,19.19320627,-128.45,10.74321623
24.73,35.03,7.82,22.86,9.1,21.53,22.19,19.755,19.27747533,-128.45,8.863582239
25.23,34.69,7.5,22.86,9.1,21.86,22.19,19.7,19.34085403,-128.45,7.856447291
25.74,34.34,7.18,22.86,9.1,21.86,22.19,19.58833333,19.37797593,-128.45,7.244049848
26.24,34,7.82,22.86,9.1,21.53,22.19,19.58333333,19.40877954,-128.45,6.810605341
26.74,33.66,7.82,23.19,9.1,21.86,22.19,19.63666667,19.44296261,-128.23,6.406126185
27.25,32.98,7.5,23.19,9.43,21.53,22.19,19.47,19.44701822,-128.45,6.345694469
27.75,32.63,7.5,22.86,9.43,21.86,21.86,19.35666667,19.43346548,-128.23,6.526915964
28.26,32.29,7.82,22.86,9.43,21.53,21.86,19.29833333,19.41319566,-128.45,6.802721082
28.76,31.95,7.82,22.52,9.1,21.53,21.53,19.075,19.36246631,-128.45,7.402004447
29.27,31.95,7.18,22.86,9.1,21.53,21.86,19.08,19.32009637,-128.23,8.083955076
29.77,31.27,7.82,22.52,9.1,21.19,21.53,18.905,19.25783191,-128.45,9.164499533
30.27,31.27,7.82,22.52,9.43,21.53,21.19,18.96,19.21315712,-128.45,10.18145377
30.78,30.93,8.14,22.86,9.43,21.19,21.53,19.01333333,19.18318356,-128.45,11.24398556
31.28,30.59,8.14,22.52,9.43,21.19,21.19,18.84333333,19.13220602,-128.45,12.73031657
31.79,30.59,7.18,22.52,9.43,21.19,21.19,18.68333333,19.06487512,-128.45,14.85357269
32.29,30.25,8.14,22.52,9.1,21.19,20.86,18.67666667,19.00664385,-128.45,16.98374214
32.8,30.25,7.82,22.52,9.43,21.19,20.86,18.67833333,18.95739727,-128.45,19.06498508
33.3,29.91,7.82,22.52,9.43,21.19,20.86,18.62166667,18.90703768,-128.45,21.58330303
33.81,29.91,7.5,22.52,9.43,21.19,20.86,18.56833333,18.85623203,-128.45,24.54451375
34.31,29.57,7.5,22.52,9.75,21.19,20.53,18.51,18.80429723,-128.45,27.76293223
34.82,29.91,7.5,22.52,9.43,21.19,20.53,18.51333333,18.76065264,-128.45,30.91290912
35.32,29.57,7.82,22.52,9.43,21.19,20.53,18.51,18.72305475,-128.45,34.10159399
35.83,29.57,7.5,22.19,9.75,21.19,20.53,18.455,18.68284653,-128.45,37.58507714
36.33,29.91,7.82,22.52,9.43,21.19,20.53,18.56666667,18.66541955,-128.45,40.411206
36.84,29.91,8.46,22.19,9.75,21.19,20.53,18.67166667,18.66635662,-128.45,42.52491151
37.34,30.25,8.14,22.52,9.43,21.19,20.53,18.67666667,18.66790313,-128.45,44.56709605
37.85,30.25,8.14,22.52,9.75,21.53,20.86,18.84166667,18.69396766,-128.45,45.71383063
38.35,30.59,8.46,22.52,9.75,21.53,20.53,18.89666667,18.72437251,-128.23,46.38181031
38.86,30.93,7.82,22.52,9.75,21.53,20.53,18.84666667,18.74271663,-128.45,47.25023829
39.36,30.93,7.82,22.52,9.43,21.53,20.86,18.84833333,18.75855914,-128.45,48.18663254
39.87,30.93,7.82,22.52,9.75,21.53,20.86,18.90166667,18.78002527,-128.45,48.58040042
40.37,31.27,8.14,22.86,9.75,21.53,21.19,19.12333333,18.83152148,-128.45,47.73100789
40.88,31.61,7.82,22.86,9.75,21.86,21.19,19.18166667,18.88404326,-128.45,46.92939509
41.38,31.61,8.46,22.86,9.75,21.86,21.19,19.28833333,18.94468677,-128.45,45.78254963
41.89,31.95,8.14,23.19,9.75,22.19,21.19,19.40166667,19.01323375,-128.45,44.19344051
42.39,32.29,8.14,23.19,9.75,22.19,21.53,19.515,19.08849869,-128.45,41.91203486
42.89,32.29,8.14,23.19,9.75,22.19,21.53,19.515,19.15247389,-128.45,39.98157522
43.4,32.29,8.14,23.52,10.07,22.19,21.53,19.62333333,19.2231028,-128.45,37.66825526
43.9,32.29,8.14,23.52,9.75,22.19,21.53,19.57,19.27513738,-128.45,35.89934876
44.41,32.63,8.14,23.86,10.07,22.52,21.86,19.84666667,19.36086678,-128.45,32.87144278
44.91,32.98,8.14,23.52,10.07,22.52,21.86,19.84833333,19.43398676,-128.45,30.42009961
45.42,32.98,8.46,23.86,10.07,22.86,21.86,20.015,19.52113875,-128.45,27.49858456
45.92,32.98,7.82,23.86,10.07,22.86,21.86,19.90833333,19.57921793,-128.45,25.70098225
46.43,32.63,8.46,24.19,10.07,22.86,22.19,20.06666667,19.65233524,-128.45,23.20581648
46.93,32.63,7.82,23.86,10.07,22.86,22.19,19.905,19.69023496,-128.45,21.84627568
47.44,32.98,8.46,24.19,10.07,22.86,22.19,20.125,19.75544971,-128.45,19.72109724
47.94,32.98,8.14,24.19,10.39,22.86,22.19,20.125,19.81088226,-128.45,18.14505881
48.45,32.63,8.78,24.19,10.07,22.86,22.19,20.12,19.85724992,-128.23,16.72111098
48.95,32.63,8.14,24.19,10.39,22.86,22.19,20.06666667,19.88866243,-128.45,15.89548989
49.46,32.63,8.14,24.19,10.39,23.19,22.19,20.12166667,19.92361307,-128.45,14.83958092
49.96,32.29,8.46,24.19,10.39,23.19,22.19,20.11833333,19.95282111,-128.45,13.98654248
50.46,32.29,8.78,24.19,10.39,22.86,22.52,20.17166667,19.98564794,-128.45,13.14595876
50.97,31.95,8.46,24.19,10.39,23.19,20.53,19.785,19.95555075,-128.45,13.51170621
51.47,31.95,8.78,24.53,10.39,22.86,22.19,20.11666667,19.97971814,-128.45,12.90746955
51.98,31.95,8.46,24.19,10.39,23.19,22.19,20.06166667,19.99201042,-128.45,12.54493738
52.48,31.95,8.46,24.19,10.39,22.86,21.86,19.95166667,19.98595885,-128.45,12.47233504
52.99,31.61,8.46,24.19,10.39,23.19,22.19,20.005,19.98881503,-128.45,12.59647795
53.49,31.27,8.46,24.19,10.39,22.86,22.19,19.89333333,19.97449277,-128.45,12.71447776
54,31.27,8.46,24.19,10.39,22.86,21.86,19.83833333,19.95406886,-128.45,13.01473009
54.5,31.27,9.1,24.19,10.72,22.86,22.19,20.055,19.96920853,-128.45,12.81069678
55.01,30.93,8.46,24.19,10.72,22.86,22.19,19.89166667,19.95757725,-128.45,13.01468274
55.51,30.93,9.1,24.19,10.72,22.86,21.86,19.94333333,19.95544066,-128.45,13.15792271
56.02,30.59,8.78,23.86,10.39,22.52,21.86,19.66666667,19.91212456,-128.45,14.09420798
56.52,30.93,8.78,23.86,10.72,22.86,21.86,19.835,19.90055588,-128.45,14.27381079
57.03,30.93,8.78,24.19,11.04,22.86,21.53,19.88833333,19.8987225,-128.23,14.44140125
57.53,30.93,8.78,23.86,10.72,22.86,21.86,19.835,19.88916412,-128.45,14.70216026
58.04,30.59,8.78,23.86,10.72,22.86,21.53,19.72333333,19.8642895,-128.45,15.54605842
58.54,30.59,9.1,23.86,11.04,22.86,21.53,19.83,19.85914608,-128.45,15.81767481
59.05,30.59,9.43,24.19,11.04,22.86,21.53,19.94,19.87127417,-128.45,15.67387827
59.55,30.59,9.1,23.86,11.04,22.52,21.53,19.77333333,19.85658304,-128.45,16.1283449
60.05,30.25,8.78,24.19,10.72,22.86,21.86,19.77666667,19.84459559,-128.45,16.65163304
60.56,30.25,9.1,23.86,11.04,22.86,21.19,19.71666667,19.82540625,-128.45,17.21543427
61.06,30.25,8.78,23.86,11.04,22.52,21.53,19.66333333,19.80109531,-128.45,17.79808515
61.57,30.25,9.1,23.86,11.04,22.86,21.53,19.77333333,19.79693101,-128.45,18.14815021
62.07,30.25,9.1,23.86,11.04,22.86,21.19,19.71666667,19.78489136,-128.45,18.67096222
62.58,29.91,8.78,23.86,11.04,22.86,21.19,19.60666667,19.75815766,-128.45,19.62740771
63.08,30.25,8.78,24.19,11.36,22.52,21.53,19.77166667,19.76018401,-128.45,19.96250349
63.59,30.25,9.1,23.86,11.04,22.86,21.19,19.71666667,19.75365641,-128.45,20.35182049
64.09,30.25,9.1,23.86,11.36,22.86,21.19,19.77,19.75610795,-128.45,20.58848093
64.6,29.91,9.75,23.86,11.04,22.52,21.19,19.71166667,19.74944175,-128.45,21.18153241
65.1,30.25,9.75,23.86,11.36,22.52,21.53,19.87833333,19.76877549,-128.45,20.87510594
65.61,30.25,9.1,23.86,11.36,22.86,21.19,19.77,19.76895917,-128.45,21.11629157
66.11,30.25,9.43,23.86,11.36,22.86,21.19,19.825,19.77736529,-128.45,21.07129832
66.62,30.59,9.43,23.86,11.36,22.86,21.53,19.93833333,19.8015105,-128.45,20.69197582
67.12,30.25,9.75,23.86,11.36,22.86,21.53,19.935,19.82153392,-128.45,20.19143975
67.62,30.25,9.43,23.86,11.36,22.86,21.19,19.825,19.82205384,-128.45,20.32107775
68.13,30.25,9.75,24.19,11.36,22.86,21.53,19.99,19.84724576,-128.45,19.77051087
68.63,30.25,9.75,23.86,11.36,23.19,21.19,19.93333333,19.8601589,-128.45,19.38555085
69.14,30.25,9.43,23.86,11.36,22.86,21.53,19.88166667,19.86338506,-128.45,19.26052217
69.64,30.25,9.43,23.86,11.36,22.86,21.19,19.825,19.8576273,-128.45,19.50263584
70.15,30.25,9.43,23.86,11.69,22.86,21.19,19.88,19.86098321,-128.45,19.33553121
70.65,30.25,10.07,23.86,11.69,22.86,21.53,20.04333333,19.88833573,-128.45,18.69037177
71.16,30.59,9.43,24.19,11.69,23.19,21.19,20.04666667,19.91208537,-128.45,18.19639616
71.66,30.59,9.43,23.86,11.69,22.86,21.19,19.93666667,19.91577256,-128.45,18.21962071
72.17,30.25,9.43,23.86,12.01,23.19,21.19,19.98833333,19.92665668,-128.45,18.00697148
72.67,30.25,9.75,23.86,11.69,22.86,21.53,19.99,19.93615818,-128.45,17.64463758
73.18,30.25,9.75,23.86,11.69,22.86,21.53,19.99,19.94423445,-128.45,17.33867034
73.68,30.25,9.75,23.86,11.69,22.86,21.53,19.99,19.95109928,-128.45,17.20014611
74.19,30.25,9.75,24.19,11.69,22.86,21.53,20.045,19.96518439,-128.45,16.84941424
74.69,30.25,9.43,23.86,12.01,23.19,21.53,20.045,19.97715673,-128.45,16.54940742
75.19,30.25,9.43,23.86,12.01,22.86,21.53,19.99,19.97908322,-128.45,16.46833289
75.7,30.25,9.1,24.19,12.01,22.86,21.53,19.99,19.98072074,-128.45,16.40069881
76.2,30.25,9.43,23.86,12.01,23.19,21.53,20.045,19.99036263,-128.45,16.1144804
76.71,30.25,10.07,24.19,12.01,23.19,21.53,20.20666667,20.02280823,-128.45,15.37444301
77.21,30.25,9.75,23.86,12.01,23.19,21.53,20.09833333,20.034137,-128.45,15.12034849
77.72,30.25,10.39,24.19,12.01,23.19,21.53,20.26,20.06801645,-128.45,14.4274523
78.22,29.91,9.75,23.86,12.01,23.19,21.53,20.04166667,20.06406398,-128.45,14.40160137
78.73,29.91,9.75,24.19,12.01,22.86,21.53,20.04166667,20.06070438,-128.45,14.22720634
79.23,29.91,9.75,23.86,12.01,23.19,21.53,20.04166667,20.05784873,-128.45,14.17513823
79.74,29.91,10.39,24.19,12.34,22.86,21.53,20.20333333,20.07967142,-128.45,13.53481656
80.24,29.91,9.75,24.19,12.34,23.19,21.53,20.15166667,20.0904707,-128.45,13.31692704
80.75,29.91,9.75,23.86,12.01,23.19,21.53,20.04166667,20.0831501,-128.45,13.41539047
81.25,29.57,10.07,23.86,12.34,23.19,21.19,20.03666667,20.07617758,-128.45,13.50949616
81.76,29.91,10.07,24.19,12.34,23.19,21.53,20.205,20.09550095,-128.45,12.99599177
82.26,29.91,10.39,23.86,12.34,22.86,21.19,20.09166667,20.0949258,-128.45,12.89138617
82.77,29.91,10.39,23.86,12.34,23.19,21.19,20.14666667,20.10268693,-128.45,12.74481835
83.27,29.57,10.07,23.86,12.34,23.19,21.19,20.03666667,20.09278389,-128.45,12.8979668
83.78,29.57,9.75,23.86,12.34,22.86,21.19,19.92833333,20.06811631,-128.45,13.16924536
84.28,29.57,10.39,23.86,12.34,23.19,21.19,20.09,20.07139886,-128.45,13.07569109
84.79,29.57,10.72,23.52,12.34,22.86,21.19,20.03333333,20.06568903,-128.45,13.09160855
85.29,29.57,10.39,23.86,12.66,23.19,21.19,20.14333333,20.07733568,-128.45,12.90630697
85.8,29.24,10.39,23.86,12.66,23.19,21.19,20.08833333,20.07898533,-128.45,12.97288515
86.3,29.24,10.07,23.86,12.66,22.86,21.19,19.98,20.06413753,-128.45,13.17086799
86.81,29.24,10.72,23.52,12.66,22.86,20.86,19.97666667,20.0510169,-128.45,13.40110657
87.31,29.24,10.39,23.86,12.66,22.86,21.19,20.03333333,20.04836436,-128.45,13.35171373
87.81,29.24,10.39,23.86,12.66,22.86,21.19,20.03333333,20.04610971,-128.45,13.3546256
88.32,29.24,11.04,23.86,12.66,23.19,20.86,20.14166667,20.06044325,-128.45,13.15801186
88.82,29.24,10.72,23.86,12.66,22.86,21.19,20.08833333,20.06462676,-128.45,13.12438206
89.33,29.24,10.07,23.86,12.66,22.86,21.19,19.98,20.05193275,-128.45,13.32833217
89.83,29.24,10.07,23.86,12.66,23.19,21.19,20.035,20.04939284,-128.45,13.35686288
90.34,28.9,10.72,23.52,12.66,22.86,20.86,19.92,20.02998391,-128.45,13.59527491
90.84,29.24,10.39,23.86,12.99,23.19,21.19,20.14333333,20.04698633,-128.45,13.24733481
91.35,29.24,10.39,23.52,12.99,23.19,20.86,20.03166667,20.04468838,-128.45,13.33445349
91.85,28.9,10.39,23.52,12.99,22.86,20.86,19.92,20.02598512,-128.45,13.66166867
92.36,28.9,11.04,23.86,12.66,22.86,20.86,20.03,20.02658735,-128.45,13.75003938
92.86,28.9,11.04,23.52,12.99,22.86,20.86,20.02833333,20.02684925,-128.45,13.62909028
93.37,28.9,10.72,23.52,12.99,22.86,20.86,19.975,20.01907186,-128.45,13.76932164
93.87,28.9,10.39,23.86,12.66,22.86,20.86,19.92166667,20.00446108,-128.45,14.14209051
94.38,29.24,11.04,23.52,12.99,22.86,20.86,20.085,20.01654192,-128.45,13.90997084
94.88,28.9,11.36,23.52,12.99,22.86,21.19,20.13666667,20.03456063,-128.45,13.56763835
95.39,28.9,11.04,23.86,12.99,22.86,20.86,20.085,20.04212654,-128.45,13.45584423
95.89,28.9,10.72,23.52,12.99,22.86,20.86,19.975,20.03205756,-128.45,13.6999825
96.39,28.9,10.72,23.86,12.99,22.86,20.86,20.03166667,20.03199892,-128.45,13.61093419
96.9,28.9,11.04,23.52,13.31,22.86,20.86,20.08166667,20.03944908,-128.45,13.35249789
97.4,28.9,10.72,23.52,12.99,22.86,20.86,19.975,20.02978172,-128.45,13.45963545
97.91,28.9,11.36,23.52,13.31,22.86,20.86,20.135,20.04556446,-128.45,13.21784098
98.41,28.56,11.69,23.86,12.99,22.86,20.86,20.13666667,20.05922979,-128.45,12.9513884
98.92,28.9,10.72,23.52,12.99,22.86,20.53,19.92,20.03834533,-128.66,13.2437196
99.42,28.9,11.36,23.52,13.31,22.86,20.86,20.135,20.05284353,-128.45,13.02063883
99.93,28.56,11.04,23.52,12.99,22.86,20.86,19.97166667,20.040667,-128.45,13.11538405
100.43,28.56,10.72,23.52,13.31,22.86,20.86,19.97166667,20.03031695,-128.45,13.19737946
100.94,28.56,11.36,23.52,13.31,22.86,20.86,20.07833333,20.03751941,-128.45,13.17176939
101.44,28.56,11.04,23.52,13.31,22.86,20.86,20.025,20.03564149,-128.45,13.10086
101.95,28.56,11.36,23.52,13.31,22.86,20.86,20.07833333,20.04204527,-128.45,13.03701531
102.45,28.56,11.69,23.52,13.64,22.86,20.86,20.18833333,20.06398848,-128.45,12.69023918
102.96,28.56,10.72,23.52,13.31,22.86,20.53,19.91666667,20.04189021,-128.45,12.99752664
103.46,28.56,11.36,23.52,13.64,22.86,20.86,20.13333333,20.05560668,-128.45,12.74613747
103.96,28.56,10.72,23.52,13.31,22.86,20.86,19.97166667,20.04301568,-128.45,12.89741434
104.47,28.22,11.36,23.19,13.64,22.86,20.86,20.02166667,20.03981332,-128.45,12.80603628
104.97,28.22,10.72,23.52,13.64,22.86,20.53,19.915,20.02109133,-128.45,13.2372691
105.48,28.56,11.36,23.52,13.64,22.86,20.53,20.07833333,20.02967763,-128.45,12.99543483
105.98,28.56,10.72,23.19,13.31,22.86,20.86,19.91666667,20.01272598,-128.45,13.35098141
106.49,28.22,11.69,23.19,13.64,22.86,20.53,20.02166667,20.01406709,-128.45,13.33810131
106.99,28.22,11.36,23.52,13.31,22.52,20.53,19.91,19.99845702,-128.45,13.72244838
107.5,28.22,11.69,23.19,13.64,22.86,20.53,20.02166667,20.00193847,-128.45,13.60904159
108,28.56,11.36,23.52,13.64,22.86,20.53,20.07833333,20.0133977,-128.45,13.49910311
108.51,28.22,11.36,23.19,13.64,22.86,20.53,19.96666667,20.00638804,-128.45,13.61070671
109.01,28.22,11.69,23.19,13.64,22.86,20.86,20.07666667,20.01692984,-128.45,13.50693293
109.52,28.22,11.04,23.52,13.64,22.86,20.53,19.96833333,20.00964036,-128.45,13.60902916
110.02,28.22,12.01,23.52,13.64,22.86,20.53,20.13,20.02769431,-128.45,13.21197617
110.53,28.22,11.69,23.52,13.64,22.86,20.53,20.07666667,20.03504016,-128.45,13.10609053
111.03,28.22,11.36,23.52,13.64,22.86,20.53,20.02166667,20.03303414,-128.45,13.06158559
111.53,28.22,11.69,23.52,13.64,22.86,20.53,20.07666667,20.03957902,-128.45,12.96929897
112.04,28.22,11.04,23.52,13.64,22.52,20.53,19.91166667,20.02039216,-128.45,13.18222218
112.54,28.22,11.69,23.19,13.64,22.86,20.53,20.02166667,20.02058334,-128.45,13.12523194
113.05,28.22,12.01,23.19,13.96,22.52,20.53,20.07166667,20.02824584,-128.45,12.99010219
113.55,27.88,11.69,23.19,13.64,22.52,20.53,19.90833333,20.01025896,-128.45,13.25452495
114.06,28.22,11.69,23.19,13.96,22.86,20.53,20.075,20.01997012,-128.45,13.18601337
114.56,27.88,11.69,23.19,13.96,22.86,20.53,20.01833333,20.0197246,-128.45,13.1778474
115.07,27.88,12.01,23.19,13.96,22.86,20.53,20.07166667,20.02751591,-128.45,12.98575763
115.57,27.88,11.69,23.19,13.96,22.86,20.53,20.01833333,20.02613852,-128.45,13.09635499
116.08,27.88,11.69,23.52,13.96,22.52,20.53,20.01666667,20.02471775,-128.45,13.05134786
116.58,27.88,11.36,23.19,13.96,22.52,20.53,19.90666667,20.00701008,-128.66,13.35310107
117.09,27.55,11.69,23.19,13.64,22.52,20.2,19.79833333,19.97570857,-128.66,13.8736817
117.59,27.88,11.69,23.19,13.96,22.52,20.53,19.96166667,19.97360229,-128.45,13.93554902
118.1,27.88,12.01,23.19,13.96,22.86,20.53,20.07166667,19.98831194,-128.45,13.68830743
118.6,27.88,12.01,23.19,13.96,22.52,20.2,19.96,19.98406515,-128.45,13.87868993
119.11,27.88,12.34,23.19,13.96,22.86,20.53,20.12666667,20.00545538,-128.45,13.68019762
119.61,27.88,11.69,23.19,13.96,22.52,20.53,19.96166667,19.99888707,-128.45,13.810152
120.11,27.88,11.69,23.19,13.96,22.86,20.2,19.96333333,19.99355401,-128.45,13.82166692
120.62,27.88,11.69,23.19,14.29,22.86,20.53,20.07333333,20.00552091,-128.45,13.63097463
121.12,27.88,11.69,23.19,13.96,22.52,20.2,19.90666667,19.99069277,-128.45,13.77301535
121.63,27.88,12.01,23.19,14.29,22.52,20.53,20.07,20.00258886,-128.45,13.59948958
122.13,27.88,12.34,23.19,13.96,22.52,20.53,20.07,20.01270053,-128.45,13.44587788
122.64,27.88,11.69,23.19,13.96,22.52,20.53,19.96166667,20.00504545,-128.45,13.50705827
123.14,27.88,12.66,23.19,14.29,22.86,20.53,20.235,20.03953863,-128.45,12.97520256
123.65,27.88,12.34,23.19,14.29,22.86,20.53,20.18166667,20.06085784,-128.45,12.51956216
124.15,27.55,12.34,23.19,14.29,22.86,20.53,20.12666667,20.07072916,-128.66,12.26552881
124.66,27.88,12.01,23.19,14.29,22.86,20.53,20.12666667,20.07911979,-128.45,12.12936316
125.16,27.88,12.01,23.19,14.29,22.86,20.53,20.12666667,20.08625182,-128.45,11.78973911
125.67,27.55,12.01,22.86,13.96,22.52,20.2,19.85,20.05081405,-128.45,12.21166112
126.17,27.88,12.01,23.19,14.29,22.86,20.53,20.12666667,20.06219194,-128.45,11.94499356
126.68,27.88,12.01,23.19,14.29,22.52,20.2,20.015,20.05511315,-128.45,11.9836198
127.18,27.88,12.34,23.19,14.29,22.86,20.53,20.18166667,20.07409618,-128.66,11.61168765
127.69,27.55,12.01,23.19,14.29,22.52,20.2,19.96,20.05698175,-128.45,12.03429891
128.19,27.88,12.34,22.86,14.29,22.86,20.2,20.07166667,20.05918449,-128.66,11.9083445
128.69,27.88,12.01,23.19,14.61,22.52,20.2,20.06833333,20.06055681,-128.45,11.8921263
129.2,27.55,12.66,22.86,14.29,22.52,20.2,20.01333333,20.05347329,-128.45,11.8760009
129.7,27.55,12.66,23.19,14.29,22.86,20.2,20.125,20.0642023,-128.66,11.76399316
130.21,27.88,12.66,23.19,14.29,22.86,20.53,20.235,20.08982195,-128.45,11.31467744
130.71,27.55,12.34,23.19,14.29,22.52,20.53,20.07,20.08684866,-128.45,11.30897254
131.22,27.21,12.66,22.86,14.61,22.52,20.53,20.065,20.08357136,-128.66,11.35196363
131.72,27.55,12.01,22.86,14.29,22.52,20.2,19.905,20.05678566,-128.45,11.67773308
132.23,27.55,12.66,23.19,14.61,22.52,20.2,20.12166667,20.06651781,-128.45,11.3644564
132.73,27.55,12.34,22.86,14.61,22.86,20.2,20.07,20.06704014,-128.45,11.33780193
133.24,27.21,12.34,22.86,14.61,22.52,20.2,19.95666667,20.05048412,-128.66,11.58077836
133.74,27.21,12.66,22.86,14.61,22.52,20.2,20.01,20.0444115,-128.45,11.79007409
134.25,27.21,12.34,22.86,14.29,22.19,20.2,19.84833333,20.01499977,-128.66,12.19641823
134.75,27.21,12.01,22.86,14.61,22.52,20.2,19.90166667,19.99799981,-128.45,12.47037824
135.25,27.21,12.66,22.86,14.61,22.52,20.2,20.01,19.99979984,-128.45,12.53150055
135.76,27.21,12.01,22.86,14.61,22.52,20.2,19.90166667,19.98507986,-128.45,12.81773772
136.26,27.21,12.66,22.86,14.61,22.52,20.2,20.01,19.98881788,-128.45,12.92605129
136.77,27.21,12.66,22.86,14.61,22.52,20.2,20.01,19.9919952,-128.45,12.97265452
137.27,27.21,12.66,22.86,14.61,22.52,20.2,20.01,19.99469592,-128.45,12.91984369
137.78,27.21,12.66,22.86,14.61,22.52,19.87,19.955,19.98874153,-128.66,13.11065518
138.28,27.21,12.34,22.86,14.61,22.52,20.2,19.95666667,19.9839303,-128.45,13.1808887
138.79,27.21,12.34,22.86,14.61,22.52,20.2,19.95666667,19.97984076,-128.66,13.24457179
139.29,27.55,12.01,22.86,14.61,22.52,20.2,19.95833333,19.97661464,-128.66,13.29818659
139.8,27.21,12.66,22.86,14.61,22.52,20.2,20.01,19.98162245,-128.66,13.25655447
140.3,27.21,12.99,22.86,14.94,22.52,20.2,20.12,20.00237908,-128.45,12.92832441
140.81,27.21,12.34,22.86,14.94,22.52,19.87,19.95666667,19.99552222,-128.45,13.07030202
141.31,27.21,12.66,22.86,14.61,22.52,20.2,20.01,19.99769389,-128.45,13.0529378
141.82,27.21,12.01,22.86,14.29,22.19,20.2,19.79333333,19.9670398,-128.66,13.57366407
142.32,27.21,12.66,22.86,14.61,22.52,20.2,20.01,19.97348383,-128.45,13.35556607
142.82,27.21,12.34,22.86,14.94,22.52,20.2,20.01166667,19.97921126,-128.66,13.30792424
143.33,26.87,12.66,22.86,14.61,22.19,20.2,19.89833333,19.96707957,-128.45,13.52582381
143.83,27.21,12.66,22.86,14.61,22.52,20.2,20.01,19.97351763,-128.45,13.60783767
144.34,27.21,12.34,22.86,14.94,22.52,20.2,20.01166667,19.97923999,-128.66,13.48174856
144.84,27.21,12.66,22.86,14.61,22.52,20.2,20.01,19.98385399,-128.66,13.37737731
145.35,27.55,12.01,22.86,14.61,22.52,20.2,19.95833333,19.98002589,-128.45,13.52647647
145.85,27.21,12.34,22.86,14.61,22.52,20.2,19.95666667,19.97652201,-128.45,13.56407536
146.36,27.21,12.66,22.86,14.94,22.52,20.2,20.065,19.98979371,-128.45,13.30522254
146.86,27.21,12.66,22.52,14.61,22.52,20.2,19.95333333,19.98432465,-128.45,13.38246901
147.36,26.87,12.99,22.86,14.94,22.52,20.2,20.06333333,19.99617595,-128.66,13.20184967
147.87,27.21,12.66,22.86,14.94,22.52,19.87,20.01,19.99824956,-128.66,13.18729275
148.37,27.21,12.66,22.52,14.61,22.52,19.87,19.89833333,19.98326213,-128.66,13.37945024
148.88,27.21,12.34,22.86,14.61,22.86,20.2,20.01333333,19.98777281,-128.66,13.33986272
149.38,27.21,12.66,22.86,14.61,22.52,20.2,20.01,19.99110689,-128.66,13.21915085
149.89,27.55,12.99,22.86,14.94,22.52,20.2,20.17666667,20.01894085,-128.45,12.72545899
150.39,27.21,12.99,22.86,14.94,22.52,20.2,20.12,20.03409973,-128.45,12.53840181
150.9,27.21,12.66,22.52,14.94,22.52,20.2,20.00833333,20.03023477,-128.45,12.56068426
151.4,26.87,12.99,22.86,14.94,22.52,20.2,20.06333333,20.03519955,-128.45,12.44173866
151.91,27.21,13.31,22.52,14.94,22.52,20.2,20.11666667,20.04741962,-128.66,12.06949449
152.41,27.21,12.99,22.86,14.94,22.52,19.87,20.065,20.05005668,-128.66,11.92130547
152.92,27.21,12.66,22.86,14.94,22.52,20.2,20.065,20.05229817,-128.66,11.8789012
153.42,27.21,13.31,22.52,14.94,22.52,20.2,20.11666667,20.06195345,-128.45,11.67048661
153.93,27.21,13.31,22.86,14.94,22.52,20.2,20.17333333,20.07866043,-128.45,11.31346286
154.43,26.87,12.66,22.86,14.94,22.52,20.2,20.00833333,20.06811137,-128.45,11.42530902
154.93,26.87,12.66,22.86,14.94,22.52,20.2,20.00833333,20.05914466,-128.45,11.52049722
155.44,26.87,12.99,22.52,14.94,22.52,20.2,20.00666667,20.05127296,-128.66,11.56558998
155.94,26.87,13.31,22.86,14.94,22.52,20.2,20.11666667,20.06108202,-128.66,11.30109406
156.45,26.54,12.99,22.52,14.94,22.19,19.87,19.84166667,20.02816972,-128.66,11.84580695
156.95,26.87,12.66,22.86,14.94,22.52,20.2,20.00833333,20.02519426,-128.45,11.92631292
157.45,27.21,13.31,22.52,14.94,22.52,19.87,20.06166667,20.03066512,-128.66,11.86548578
157.96,26.87,12.99,22.52,14.94,22.19,19.87,19.89666667,20.01056535,-128.66,12.12641059
158.46,26.87,12.66,22.86,15.27,22.52,20.2,20.06333333,20.01848055,-128.66,12.16545814
158.97,26.87,12.34,22.86,14.94,22.19,19.87,19.845,19.99245847,-128.66,12.60927751
159.47,26.87,13.31,22.52,15.27,22.52,20.2,20.115,20.0108397,-128.66,12.2732418
159.98,26.87,12.99,22.52,14.94,22.52,19.87,19.95166667,20.00196374,-128.45,12.52594759
160.48,27.21,13.31,22.52,15.27,22.52,19.87,20.11666667,20.01916918,-128.66,12.19316152
160.99,26.87,12.66,22.52,14.94,22.19,19.87,19.84166667,19.9925438,-128.66,12.77565351
161.49,26.87,12.99,22.52,15.27,22.19,19.87,19.95166667,19.98641223,-128.66,12.78330133
161.99,26.87,13.64,22.52,14.94,22.19,20.2,20.06,19.9974504,-128.45,12.65019841
162.5,26.87,13.31,22.86,14.94,22.52,20.2,20.11666667,20.01533284,-128.66,12.25564495
163,26.87,13.31,22.52,14.94,22.52,20.2,20.06,20.02203291,-128.45,12.27890178
163.51,26.87,13.64,22.52,15.27,22.19,19.87,20.06,20.02772798,-128.66,12.20516805
164.01,26.87,12.99,22.52,15.27,22.19,20.2,20.00666667,20.02456878,-128.66,12.18365986
164.52,26.87,13.31,22.52,15.27,22.19,20.2,20.06,20.02988346,-128.66,11.98808135
165.02,26.87,12.34,22.52,14.94,22.52,20.2,19.89833333,20.01015094,-128.66,12.2623436
165.53,26.54,12.99,22.52,15.27,22.52,20.2,20.00666667,20.0096283,-128.66,12.23498918
166.03,26.87,12.99,22.52,15.27,22.52,20.2,20.06166667,20.01743406,-128.45,12.11735273
166.54,26.87,12.99,22.52,15.27,22.52,19.87,20.00666667,20.01581895,-128.66,12.10643503
167.04,26.87,12.99,22.52,15.27,22.19,19.87,19.95166667,20.00619611,-128.66,12.36404447
167.55,26.54,12.66,22.52,15.27,22.52,20.2,19.95166667,19.99801669,-128.66,12.50154243
168.05,26.54,12.66,22.52,14.94,22.19,20.2,19.84166667,19.97456419,-128.45,12.86193696
168.56,26.87,13.64,22.52,15.27,22.52,19.87,20.115,19.99562956,-128.45,12.52316981
169.06,26.87,12.99,22.86,15.27,22.52,19.87,20.06333333,20.00578512,-128.66,12.40630041
169.56,26.87,13.64,22.52,15.27,22.19,20.2,20.115,20.02216736,-128.66,12.17355539
170.07,26.54,13.64,22.52,15.27,22.52,19.87,20.06,20.02784225,-128.45,12.19304671
170.57,26.54,13.31,22.52,15.27,22.52,20.2,20.06,20.03266591,-128.66,11.98684684
171.08,26.54,13.31,22.52,15.27,22.52,20.2,20.06,20.03676603,-128.66,11.84968108
171.58,26.87,12.99,22.52,15.27,22.52,19.87,20.00666667,20.03225112,-128.66,11.81805397
172.09,26.54,13.31,22.52,15.27,22.19,20.2,20.005,20.02816345,-128.45,11.83772164
172.59,26.54,13.64,22.52,15.27,22.52,19.87,20.06,20.03293894,-128.66,11.72110494
173.1,26.54,13.64,22.52,15.27,22.52,19.87,20.06,20.0369981,-128.66,11.61814377
173.6,26.54,13.64,22.52,15.27,22.19,19.87,20.005,20.03219838,-128.66,11.69896344
174.11,26.54,13.31,22.52,15.27,22.19,19.87,19.95,20.01986862,-128.66,11.90238601
174.61,26.54,13.64,22.52,15.27,22.19,19.87,20.005,20.01763833,-128.66,11.90318067
175.12,26.2,13.31,22.52,14.94,21.86,19.87,19.78333333,19.98249258,-128.66,12.45461219
175.62,26.87,12.99,22.52,15.27,22.19,19.87,19.95166667,19.97786869,-128.66,12.56891575
176.13,26.54,13.96,22.52,15.27,22.19,19.87,20.05833333,19.98993839,-128.66,12.4437746
176.63,26.54,13.31,22.52,15.27,22.52,19.87,20.005,19.99219763,-128.66,12.42326676
177.14,26.87,13.96,22.52,15.59,22.19,19.87,20.16666667,20.01836799,-128.45,12.17945076
177.64,26.54,13.96,22.19,15.59,22.19,19.87,20.05666667,20.02411279,-128.66,12.09934167
178.14,26.54,12.99,22.52,15.27,22.19,20.2,19.95166667,20.01324587,-128.45,12.20184824
178.65,26.87,13.64,22.19,15.27,22.19,19.87,20.005,20.01200899,-128.66,12.20319011
179.15,26.54,13.64,22.52,15.27,22.19,19.87,20.005,20.01095764,-128.66,12.07460907
179.66,26.54,13.64,22.52,15.59,22.19,19.87,20.05833333,20.018064,-128.66,11.92219343
180.16,26.54,13.31,22.52,15.59,22.19,19.87,20.00333333,20.0158544,-128.66,12.00598216
180.67,26.54,13.64,22.52,15.27,22.19,19.87,20.005,20.01422624,-128.66,12.03082433
181.17,26.54,12.99,22.52,15.59,22.52,19.87,20.005,20.0128423,-128.66,12.05157757
181.68,26.54,13.64,22.52,15.59,22.19,19.87,20.05833333,20.01966596,-128.66,11.89588266
182.18,26.54,13.31,22.19,15.59,22.52,19.87,20.00333333,20.01721606,-128.45,11.93701643
182.69,26.54,13.64,22.19,15.27,22.19,19.87,19.95,20.00713365,-128.66,12.10177927
183.19,26.54,13.96,22.52,15.27,22.19,19.87,20.05833333,20.01481361,-128.66,11.9792593
183.7,26.2,13.31,22.19,15.59,22.19,19.87,19.89166667,19.99634156,-128.66,12.23978495
184.2,26.54,13.64,22.19,15.59,22.19,19.54,19.94833333,19.98914033,-128.66,12.37544742
184.71,26.54,13.64,22.52,15.27,22.19,19.87,20.005,19.99151928,-128.66,12.39603103
185.21,26.54,13.31,22.52,15.59,22.19,19.87,20.00333333,19.99329139,-128.66,12.32926258
185.71,26.54,12.99,22.52,15.59,22.19,19.87,19.95,19.98679768,-128.66,12.5430936
186.22,26.54,13.31,22.52,15.59,22.19,19.87,20.00333333,19.98927803,-128.66,12.54765988
186.72,26.54,13.64,22.19,15.59,22.19,19.54,19.94833333,19.98313632,-128.66,12.64527488
187.23,26.54,13.31,22.52,15.59,22.19,19.87,20.00333333,19.98616588,-128.66,12.5930229
187.73,26.54,13.31,22.52,15.59,22.19,19.87,20.00333333,19.98874099,-128.66,12.59244093
188.24,26.2,13.64,22.52,15.59,22.52,19.54,20.00166667,19.99067984,-128.66,12.55196502
188.74,26.2,13.64,22.52,15.59,22.19,19.87,20.00166667,19.99232787,-128.66,12.56275251
189.25,26.54,13.96,22.52,15.59,22.19,19.54,20.05666667,20.00197869,-128.45,12.38707418
189.75,26.2,13.64,22.52,15.59,22.19,19.87,20.00166667,20.00193188,-128.66,12.37282136
190.26,26.54,13.64,22.19,15.59,22.19,19.87,20.00333333,20.0021421,-128.66,12.35773881
190.76,26.54,13.64,22.52,15.59,22.19,19.54,20.00333333,20.00232079,-128.66,12.34466055
191.27,26.54,12.99,22.52,15.59,22.19,19.54,19.895,19.98622267,-128.66,12.56282732
191.77,26.2,13.31,22.52,15.59,22.19,19.87,19.94666667,19.98028927,-128.66,12.67207835
192.28,26.54,13.96,22.52,15.59,22.19,19.87,20.11166667,19.99999588,-128.66,12.34741854
192.78,26.54,13.96,22.19,15.59,22.19,19.87,20.05666667,20.0084965,-128.66,12.20456824
193.29,26.2,13.31,22.52,15.59,22.19,19.87,19.94666667,19.99922202,-128.66,12.44226269
193.79,26.2,13.31,22.52,15.59,22.19,19.87,19.94666667,19.99133872,-128.66,12.60907389
194.29,26.2,13.31,22.19,15.59,21.86,19.87,19.83666667,19.96813791,-128.66,12.90444817
194.8,26.54,13.64,22.19,15.59,22.19,19.87,20.00333333,19.97341722,-128.66,12.78310281
195.3,26.2,13.64,22.52,15.59,22.19,19.87,20.00166667,19.97765464,-128.66,12.77639684
195.81,26.54,14.29,22.19,15.59,22.19,19.54,20.05666667,19.98950644,-128.66,12.62878799
196.31,26.54,12.99,22.52,15.59,22.19,19.54,19.895,19.97533048,-128.66,13.00983963
196.82,26.2,13.96,22.19,15.59,22.19,19.87,20,19.97903091,-128.66,12.92922668
197.32,26.2,13.96,22.52,15.59,22.19,19.54,20,19.98217627,-128.66,12.86244138
197.83,26.2,13.64,22.19,15.59,21.86,19.54,19.83666667,19.96034983,-128.66,13.18865653
198.33,26.2,13.96,22.52,15.59,22.19,19.87,20.055,19.97454736,-128.66,13.04125672
198.84,26.2,13.31,22.52,15.59,22.19,19.87,19.94666667,19.97036525,-128.66,13.10836505
199.34,26.54,13.64,22.52,15.59,22.19,19.87,20.05833333,19.98356046,-128.66,12.87614098
199.85,26.54,13.31,22.19,15.92,22.19,19.87,20.00333333,19.98652639,-128.66,12.9564289
200.35,26.2,13.96,22.52,15.59,22.19,19.54,20,19.98854744,-128.66,12.8490208
200.86,26.54,13.31,22.19,15.59,22.19,19.54,19.89333333,19.97426532,-128.66,13.12931129
201.36,26.54,13.96,22.52,15.59,22.19,19.87,20.11166667,19.99487552,-128.66,12.71018523
201.86,26.54,14.29,22.52,15.92,22.19,19.54,20.16666667,20.02064419,-128.66,12.26040506
202.37,26.2,14.29,22.19,15.59,22.19,19.87,20.055,20.02579756,-128.66,12.15291296
202.87,26.2,13.64,22.19,15.92,22.19,19.54,19.94666667,20.01392793,-128.66,12.41418101
203.38,26.54,13.64,22.19,15.92,22.19,19.54,20.00333333,20.01233874,-128.66,12.32164158
203.88,26.2,13.96,22.52,15.59,22.19,19.87,20.055,20.01873793,-128.66,12.07085
204.39,26.54,13.64,22.52,15.59,22.19,19.54,20.00333333,20.01642724,-128.66,12.07157161
204.89,26.54,13.64,22.19,15.59,22.19,19.54,19.94833333,20.00621315,-128.66,12.29566414
205.4,26.54,13.64,22.52,15.59,22.19,19.87,20.05833333,20.01403118,-128.66,12.17075434
205.9,26.2,13.64,22.19,15.59,22.19,19.87,19.94666667,20.0039265,-128.66,12.29703474
206.41,26.54,13.64,22.19,15.92,22.19,19.87,20.05833333,20.01208753,-128.66,12.17150826
206.91,26.2,13.96,22.19,15.92,22.19,19.87,20.055,20.0185244,-128.66,12.11310684
207.42,26.2,13.64,22.52,15.59,22.19,19.87,20.00166667,20.01599574,-128.66,12.10336066
207.92,26.2,13.64,22.52,15.59,22.19,19.87,20.00166667,20.01384638,-128.66,12.18427546
208.43,26.2,13.31,22.52,15.59,22.19,19.87,19.94666667,20.00376942,-128.66,12.30080617
208.93,26.54,13.31,22.52,15.92,22.19,19.87,20.05833333,20.01195401,-128.66,12.12825003
209.43,26.2,13.31,22.52,15.92,22.19,19.87,20.00166667,20.01041091,-128.66,12.16088249
209.94,26.2,13.64,22.19,15.92,22.19,19.54,19.94666667,20.00084927,-128.66,12.32607267
210.44,26.2,13.64,22.19,15.92,22.19,19.87,20.00166667,20.00097188,-128.66,12.37810371
210.95,26.54,13.64,22.52,15.92,22.19,19.54,20.05833333,20.0095761,-128.66,12.18978783
211.45,26.54,13.64,22.19,15.92,22.19,19.54,20.00333333,20.00863968,-128.66,12.20846973
211.96,26.2,13.64,22.52,15.59,22.19,19.87,20.00166667,20.00759373,-128.66,12.27260135
212.46,26.2,13.96,22.19,15.59,21.86,19.87,19.945,19.99820467,-128.66,12.42534852
212.97,26.2,13.64,22.19,15.59,22.19,19.54,19.89166667,19.98222397,-128.66,12.65078011
213.47,26.2,13.64,22.52,15.92,22.19,19.87,20.05666667,19.99339038,-128.66,12.47556433
213.98,26.54,13.96,22.19,15.59,22.19,19.54,20.00166667,19.99463182,-128.66,12.46387699
214.48,26.2,13.64,22.19,15.92,22.19,19.54,19.94666667,19.98743705,-128.66,12.64076236
214.99,26.54,13.96,22.19,15.92,22.19,19.54,20.05666667,19.99782149,-128.66,12.5584209
215.49,26.2,13.64,22.52,15.59,22.19,19.87,20.00166667,19.99839827,-128.66,12.4886556
216,26.2,13.96,22.19,15.92,22.19,19.54,20,19.99863853,-128.66,12.47868043
216.5,26.2,13.96,22.19,15.59,22.19,19.54,19.945,19.99059275,-128.66,12.65598406
217,26.2,12.99,22.52,15.92,22.19,19.87,19.94833333,19.98425383,-128.66,12.7125065
217.51,26.2,13.31,22.52,15.92,22.19,19.87,20.00166667,19.98686576,-128.66,12.67317113
218.01,26.2,13.96,22.19,15.59,22.19,19.87,20,19.9888359,-128.66,12.64534003
218.52,26.2,14.29,22.52,15.92,22.19,19.87,20.165,20.01526051,-128.66,12.24893857
219.02,26.2,13.64,22.19,15.92,22.19,19.87,20.00166667,20.01322143,-128.66,12.30890173
219.53,26.2,14.29,22.19,15.92,22.19,19.87,20.11,20.02773822,-128.66,12.04722453
220.03,26.2,13.64,22.19,15.92,22.19,19.54,19.94666667,20.01557749,-128.66,12.22290899
220.54,26.2,13.64,22.52,15.59,22.19,19.54,19.94666667,20.00524086,-128.66,12.24471166
221.04,26.2,13.96,22.19,15.92,22.19,19.54,20,20.00445473,-128.66,12.26596034
221.55,26.2,13.64,22.52,15.59,22.19,19.87,20.00166667,20.00403652,-128.66,12.19261797
222.05,26.2,13.64,22.19,15.92,22.19,19.87,20.00166667,20.00368105,-128.66,12.26162015
222.56,26.2,13.64,22.19,15.59,22.19,19.87,19.94666667,19.99512889,-128.66,12.45920445
223.06,26.54,13.96,22.19,15.92,22.19,19.87,20.11166667,20.01260956,-128.66,12.17348022
223.57,25.87,13.64,22.19,15.92,21.86,19.87,19.89166667,19.99446812,-128.66,12.47272913
224.07,26.2,13.64,22.19,15.92,22.19,19.87,20.00166667,19.9955479,-128.66,12.45942376
224.57,26.2,14.29,22.52,15.92,22.19,19.87,20.165,20.02096572,-128.66,12.08373941
225.08,26.54,13.64,22.19,15.59,21.86,19.87,19.94833333,20.01007086,-128.66,12.15935308
225.58,26.54,13.64,22.19,15.92,22.19,19.87,20.05833333,20.01731023,-128.66,12.13103613
226.09,26.2,13.96,22.19,15.92,22.19,19.54,20,20.0147137,-128.66,12.15898326
226.59,26.2,14.29,22.19,15.59,22.19,19.87,20.055,20.02075664,-128.66,11.91744244
227.1,26.2,14.29,22.19,15.92,22.19,19.54,20.055,20.02589315,-128.66,11.880207
227.6,26.2,13.96,22.19,15.92,22.19,19.87,20.055,20.03025917,-128.66,11.75845714
228.11,26.2,13.64,22.52,15.59,22.19,19.54,19.94666667,20.0177203,-128.66,11.95935722
228.61,26.2,13.31,22.19,15.92,22.19,19.87,19.94666667,20.00706225,-128.66,12.09279368
229.12,26.2,13.64,22.19,15.92,21.86,19.87,19.94666667,19.99800292,-128.66,12.21150984
229.62,26.2,13.96,22.19,15.92,22.19,19.21,19.945,19.99005248,-128.66,12.32171138
230.13,25.87,13.96,22.52,15.92,21.86,19.87,20,19.99154461,-128.66,12.36991099
230.63,26.2,14.29,22.52,15.92,22.19,19.54,20.11,20.00931292,-128.66,12.13565244
231.14,26.2,13.64,22.19,15.92,21.86,19.54,19.89166667,19.99166598,-128.66,12.47465152
231.64,26.2,13.96,22.52,15.92,21.86,19.87,20.055,20.00116608,-128.66,12.36226501
232.14,26.2,14.29,22.52,15.92,22.19,19.54,20.11,20.01749117,-128.66,12.08217616
232.65,26.2,13.64,22.19,15.92,22.19,19.54,19.94666667,20.00686749,-128.66,12.15361239
233.15,25.87,13.96,22.52,15.92,22.19,19.54,20,20.00583737,-128.66,12.26160824
233.66,26.2,13.96,22.19,15.92,21.86,19.54,19.945,19.99671176,-128.66,12.35987397
234.16,25.87,14.29,22.19,15.92,22.19,19.54,20,19.997205,-128.66,12.26526779
234.67,26.2,13.64,22.19,15.92,22.19,19.87,20.00166667,19.99787425,-128.66,12.31284827
235.17,26.2,14.29,22.19,15.92,22.19,19.54,20.055,20.00644311,-128.66,12.17680769
235.68,25.87,14.29,22.19,15.92,22.19,19.54,20,20.00547665,-128.66,12.23831071
236.18,25.87,14.29,22.19,15.92,22.19,19.54,20,20.00465515,-128.66,12.24639925
236.69,26.2,14.29,22.19,15.92,22.19,19.54,20.055,20.01220688,-128.66,12.11512016
237.19,26.2,13.96,22.19,15.92,22.19,19.54,20,20.01037584,-128.66,12.09323905
237.7,26.2,14.29,22.19,15.92,22.19,19.87,20.11,20.02531947,-128.66,11.84878509
238.2,25.87,13.96,22.19,15.59,22.19,19.54,19.89,20.00502155,-128.88,12.17221726
238.71,25.87,13.96,22.52,15.92,22.19,19.54,20,20.00426832,-128.66,12.14168131
239.21,26.2,13.64,22.19,15.92,21.86,19.87,19.94666667,19.99562807,-128.66,12.29283795
239.71,26.2,13.96,22.19,15.92,21.86,19.87,20,19.99628386,-128.66,12.20395431
240.22,26.2,14.29,22.19,15.92,22.19,19.54,20.055,20.00509128,-128.66,12.16846138
240.72,26.2,13.96,22.19,15.92,22.19,19.54,20,20.00432759,-128.66,12.18242406
241.23,26.2,13.64,22.19,15.92,22.19,19.87,20.00166667,20.00392845,-128.66,12.23303614
241.73,26.2,14.29,22.19,15.92,22.19,19.87,20.11,20.01983918,-128.66,11.96518746
242.24,25.87,13.64,22.19,15.92,22.19,19.54,19.89166667,20.0006133,-128.66,12.22464786
242.74,26.2,13.64,22.19,15.92,22.19,19.87,20.00166667,20.00077131,-128.66,12.22578825
243.25,26.2,13.64,22.19,15.92,22.19,19.54,19.94666667,19.99265561,-128.66,12.36316517
243.75,26.2,13.96,22.19,15.92,21.86,19.87,20,19.99375727,-128.66,12.26280085
244.26,26.2,13.96,22.19,15.92,21.86,19.54,19.945,19.98644368,-128.66,12.4933917
244.76,26.2,13.96,22.19,15.92,22.19,19.54,20,19.98847713,-128.88,12.4655073
245.27,26.2,14.29,22.19,15.92,22.19,19.87,20.11,20.00670556,-128.66,12.21005071
245.77,26.2,13.96,21.86,15.92,21.86,19.54,19.89,19.98919973,-128.66,12.49420979
246.28,26.2,13.64,22.19,15.92,22.19,19.54,19.94666667,19.98281977,-128.88,12.64902679
246.78,26.2,14.61,21.86,15.92,21.86,19.21,19.94333333,19.9768968,-128.66,12.7490575
247.28,25.87,13.96,22.19,15.92,21.86,19.87,19.945,19.97211228,-128.66,12.74301802
247.79,26.2,14.29,22.19,15.92,21.86,19.54,20,19.97629544,-128.66,12.78380772
248.29,26.2,14.29,22.19,15.92,22.19,19.54,20.055,19.98810112,-128.66,12.62936858
248.8,26.2,13.96,22.19,15.92,22.19,19.54,20,19.98988595,-128.66,12.6380876
249.3,26.2,14.29,22.19,15.92,21.86,19.54,20,19.99140306,-128.66,12.64412209
249.81,25.87,14.61,22.19,15.92,22.19,19.87,20.10833333,20.0089426,-128.66,12.32890342
250.31,26.2,14.29,22.19,15.92,21.86,19.54,20,20.00760121,-128.66,12.28281487
250.82,26.2,13.96,22.19,15.92,21.86,19.54,19.945,19.99821103,-128.88,12.42663868
251.32,25.87,14.29,22.52,15.92,21.86,19.87,20.055,20.00672938,-128.66,12.27645701
251.83,25.87,13.96,22.19,15.92,22.19,19.87,20,20.00571997,-128.66,12.19546909
252.33,26.2,13.64,22.19,15.92,22.19,19.54,19.94666667,19.99686197,-128.66,12.34741885
252.84,25.87,13.96,22.19,15.92,21.86,19.54,19.89,19.98083268,-128.66,12.67243925
253.34,26.2,14.29,22.19,15.92,21.86,19.87,20.055,19.99195778,-128.66,12.44681875
253.85,26.2,13.64,22.19,15.92,22.19,19.87,20.00166667,19.99341411,-128.88,12.432109
254.35,26.2,13.96,22.19,15.92,21.86,19.54,19.945,19.98615199,-128.66,12.6075037
254.86,26.2,13.96,22.19,15.92,22.19,19.54,20,19.98822919,-128.66,12.66808795
255.36,25.87,14.29,21.86,15.92,21.86,19.21,19.835,19.96524482,-128.88,13.01109541
255.86,25.87,13.64,22.19,15.92,21.86,19.54,19.83666667,19.94595809,-128.66,13.36488957
256.37,26.2,14.29,22.19,15.92,22.19,19.87,20.11,19.97056438,-128.66,13.00088326
256.87,25.87,14.29,22.19,15.92,22.19,19.87,20.055,19.98322972,-128.66,12.78527827
257.38,26.2,13.96,22.19,16.25,22.19,19.54,20.055,19.99399526,-128.66,12.73678602
257.88,26.2,14.29,22.19,16.25,22.19,19.54,20.11,20.01139597,-128.66,12.54873109
258.39,26.2,13.96,22.19,15.92,22.19,19.54,20,20.00968658,-128.88,12.43696839
258.89,26.2,14.29,22.19,16.25,22.19,19.54,20.11,20.02473359,-128.88,12.11243828
259.4,26.2,14.29,22.52,15.92,22.19,19.87,20.165,20.04577355,-128.66,11.70097599
259.9,25.87,14.29,22.19,15.92,22.19,19.87,20.055,20.04715752,-128.66,11.56595675
260.41,26.2,14.29,21.86,15.59,21.86,19.54,19.89,20.02358389,-128.66,11.92916665
260.91,25.87,14.29,22.19,15.92,22.19,19.87,20.055,20.02829631,-128.66,11.76201798
261.41,25.87,13.64,21.86,15.92,21.86,19.54,19.78166667,19.99130186,-128.88,12.24151633
261.92,25.87,14.29,22.19,15.92,22.19,19.54,20,19.99260658,-128.66,12.21704994
262.42,25.87,13.96,22.19,15.92,22.19,19.54,19.945,19.9854656,-128.66,12.46831993
262.93,25.87,13.96,22.19,15.92,22.19,19.54,19.945,19.97939576,-128.66,12.5534634
263.43,26.2,14.61,22.19,16.25,21.86,19.54,20.10833333,19.99873639,-128.66,12.43918998
263.94,26.2,13.96,22.19,15.92,21.86,19.54,19.945,19.99067593,-128.88,12.56943325
264.44,26.2,13.96,22.19,15.92,21.86,19.21,19.89,19.97557454,-128.88,12.87413913
264.95,26.2,13.96,22.19,15.92,21.86,19.54,19.945,19.97098836,-128.66,13.00215319
265.45,26.2,14.61,22.19,15.92,22.19,19.54,20.10833333,19.99159011,-128.88,12.55467277
265.96,25.87,13.96,22.19,15.92,21.86,19.54,19.89,19.97635159,-128.66,12.86609615
266.46,26.2,13.96,22.19,15.92,21.86,19.87,20,19.97989885,-128.88,12.90240489
266.97,26.2,13.96,22.19,15.92,21.86,19.54,19.945,19.97466402,-128.66,13.03119467
267.47,26.2,14.29,22.19,15.92,21.86,19.54,20,19.97846442,-128.88,12.86298329
267.98,25.87,13.96,22.19,15.92,21.86,19.54,19.89,19.96519476,-128.88,13.19456657
268.48,26.2,14.29,22.19,15.92,21.86,19.54,20,19.97041554,-128.88,13.10177735
268.99,26.2,13.64,22.19,15.92,21.86,19.54,19.89166667,19.95860321,-128.66,13.35898724
269.49,26.2,14.61,22.19,15.92,21.86,19.54,20.05333333,19.97281273,-128.66,13.10804777
270,26.2,13.96,22.19,15.92,22.19,19.54,20,19.97689082,-128.88,13.1271165
270.5,26.2,13.96,22.19,15.92,21.86,19.54,19.945,19.9721072,-128.88,13.19522962
271,26.2,14.29,22.19,16.25,21.86,19.54,20.055,19.98454112,-128.66,13.05870707
271.51,25.87,14.29,22.19,15.92,21.86,19.54,19.945,19.97860995,-128.88,13.09122915
272.01,26.2,14.61,22.19,16.25,21.86,19.54,20.10833333,19.99806846,-128.88,12.74109846
272.52,25.87,14.29,21.86,15.92,21.86,19.54,19.89,19.98185819,-128.88,13.05127886
273.02,25.87,13.96,22.19,16.25,21.86,19.54,19.945,19.97632946,-128.66,13.08831379
273.53,26.2,13.96,22.52,15.92,21.86,19.87,20.055,19.98813004,-128.66,12.92828507
274.03,26.2,14.29,22.19,15.92,21.86,19.54,20,19.98991054,-128.88,12.7949681
274.54,26.2,14.61,22.52,15.92,21.86,19.87,20.16333333,20.01592396,-128.88,12.44529399
275.04,26.2,14.29,22.19,15.92,21.86,19.87,20.055,20.02178536,-128.88,12.36795092
275.55,26.2,13.96,22.19,15.92,22.19,19.54,20,20.01851756,-128.88,12.34710815
276.05,26.2,14.29,22.19,16.25,22.19,19.87,20.165,20.04048992,-128.88,11.9640807
276.56,26.2,13.96,22.19,15.92,21.86,19.87,20,20.03441644,-128.88,11.90504174
277.06,25.87,14.29,22.19,15.92,21.86,19.54,19.945,20.02100397,-128.88,12.07533398
277.57,26.2,13.96,22.19,16.25,21.86,19.87,20.055,20.02610337,-128.66,11.99782766
278.07,26.2,14.29,22.19,15.92,22.19,19.54,20.055,20.03043787,-128.66,11.7985609
278.57,25.87,14.61,22.19,15.92,22.19,19.54,20.05333333,20.03387219,-128.66,11.75898698
279.08,25.87,13.31,22.19,15.92,21.53,19.54,19.72666667,19.98779136,-128.88,12.57559825
279.58,26.2,14.29,22.19,15.92,22.19,19.87,20.11,20.00612266,-128.66,12.24566862
280.09,25.87,14.61,22.19,15.92,21.86,19.54,19.99833333,20.00495426,-128.88,12.23855259
280.59,25.87,13.96,22.19,15.92,22.19,19.54,19.945,19.99596112,-128.66,12.36775004
281.1,25.87,14.29,22.19,15.92,21.86,19.54,19.945,19.98831695,-128.88,12.75311858
281.6,25.87,13.96,22.19,15.92,21.86,19.54,19.89,19.97356941,-128.88,12.9128232
282.11,25.87,14.29,22.19,15.92,22.19,19.87,20.055,19.985784,-128.66,12.72255495
282.61,25.87,14.29,22.19,16.25,21.86,19.54,20,19.9879164,-128.88,12.74369124
283.12,25.87,13.96,22.19,15.92,21.86,19.54,19.89,19.97322894,-128.88,13.049131
283.62,26.2,13.96,22.19,15.92,21.86,19.54,19.945,19.9689946,-128.66,13.22343295
284.13,26.2,13.64,22.19,15.92,21.86,19.54,19.89166667,19.95739541,-128.88,13.37820669
284.63,26.2,13.96,22.19,15.92,21.86,19.54,19.945,19.9555361,-128.88,13.42400036
285.14,26.2,13.96,22.19,15.92,22.19,19.54,20,19.96220568,-128.66,13.41504314
285.64,26.2,14.61,22.19,15.92,21.86,19.87,20.10833333,19.98412483,-128.66,13.07075539
286.15,25.87,14.29,22.19,16.25,21.86,19.54,20,19.98650611,-128.66,13.10376845
286.65,25.87,14.29,22.19,15.92,21.86,19.54,19.945,19.98028019,-128.66,13.23245308
287.16,26.2,14.29,22.19,15.92,21.86,19.54,20,19.98323816,-128.88,13.15304721
287.66,26.2,14.61,22.19,16.25,21.86,19.54,20.10833333,20.00200244,-128.88,12.7116284
288.17,25.87,14.29,22.19,15.92,22.19,19.54,20,20.00170207,-128.88,12.70247506
288.67,26.2,14.29,22.19,15.92,22.19,19.87,20.11,20.01794676,-128.88,12.4588619
289.17,25.87,14.29,22.19,15.92,21.86,19.54,19.945,20.00700475,-128.66,12.61879476
289.68,25.87,14.29,22.19,15.92,21.86,19.87,20,20.00595403,-128.88,12.52970924
290.18,26.2,14.29,22.19,16.25,21.86,19.54,20.055,20.01331093,-128.88,12.40366307
290.69,25.87,14.29,22.19,15.92,22.19,19.87,20.055,20.01956429,-128.88,12.20425963
291.19,25.87,14.61,22.19,16.25,22.19,19.87,20.16333333,20.04112965,-128.66,11.897617
291.7,26.2,14.61,22.52,16.25,21.86,19.54,20.16333333,20.0594602,-128.88,11.58731041
292.2,26.2,14.29,22.19,15.92,22.19,19.87,20.11,20.06704117,-128.88,11.40011721
292.71,25.87,13.96,22.19,15.92,21.86,19.87,19.945,20.04873499,-128.88,11.62315199
293.21,26.2,13.96,22.19,15.92,21.86,19.54,19.945,20.03317475,-128.88,11.73557712
293.72,25.87,13.96,22.19,15.92,21.86,19.54,19.89,20.01169853,-128.66,11.97027559
294.22,26.2,13.31,22.19,15.92,22.19,19.54,19.89166667,19.99369375,-128.88,12.22046914
294.73,26.2,14.29,22.19,16.25,21.86,19.54,20.055,20.00288969,-128.88,12.1692296
295.23,25.87,14.29,22.19,16.25,21.86,19.54,20,20.00245624,-128.88,12.25830224
295.74,26.2,13.96,21.86,15.92,21.86,19.87,19.945,19.9938378,-128.88,12.51849843
296.24,25.87,14.29,22.19,16.25,21.86,19.87,20.055,20.00301213,-128.88,12.46482924
296.75,26.2,13.64,22.19,16.25,22.19,19.54,20.00166667,20.00281031,-128.88,12.41651076
297.25,26.2,14.29,22.19,15.92,21.86,19.54,20,20.00238876,-128.88,12.42444729
297.76,26.2,13.96,21.86,15.92,21.86,19.21,19.835,19.97728045,-128.88,12.90113989
298.26,25.87,14.29,22.19,15.92,21.86,19.54,19.945,19.97243838,-128.88,12.94676241
298.76,26.2,13.96,22.19,15.92,21.86,19.54,19.945,19.96832263,-128.88,13.03558945
299.27,25.87,14.61,22.19,16.25,21.53,19.54,19.99833333,19.97282423,-128.88,12.9769475
299.77,26.2,14.61,22.19,15.92,21.86,19.87,20.10833333,19.9931506,-128.88,12.77956252
300.28,25.87,13.96,22.19,15.92,21.86,19.87,19.945,19.98592801,-128.88,12.93595962
300.78,26.2,14.29,22.19,15.92,22.19,19.87,20.11,20.00453881,-128.88,12.64500212
301.29,26.2,13.64,22.19,15.92,21.86,19.54,19.89166667,19.98760799,-128.88,12.90985032
301.79,25.87,14.29,22.19,15.92,21.86,19.54,19.945,19.98121679,-128.88,12.91392962
302.3,26.2,13.96,21.86,15.92,21.86,19.54,19.89,19.96753427,-128.88,13.20639179
302.8,25.87,14.29,22.19,16.25,22.19,19.87,20.11,19.98890413,-128.88,12.74564936
303.31,26.2,13.96,22.19,16.25,21.86,19.87,20.055,19.99881851,-128.88,12.67522932
303.81,26.2,14.29,22.19,16.25,21.86,19.87,20.11,20.01549573,-128.88,12.42723572
304.32,26.2,14.29,22.19,16.25,21.86,19.87,20.11,20.02967137,-128.88,12.25516719
304.82,26.2,13.96,21.86,16.25,21.86,19.54,19.945,20.01697067,-128.66,12.33623562
305.33,26.2,14.61,22.19,15.92,21.86,19.54,20.05333333,20.02242507,-128.88,12.18284811
305.83,25.87,14.29,22.19,16.25,22.19,19.54,20.055,20.02731131,-128.88,12.00178332
306.34,25.87,14.29,22.19,16.25,21.86,19.87,20.055,20.03146461,-128.88,11.84540185
306.84,26.2,13.96,22.19,15.92,21.86,19.54,19.945,20.01849492,-128.88,12.10768324
307.35,26.2,13.64,22.19,15.92,21.86,19.87,19.94666667,20.00772068,-128.88,12.2472257
307.85,25.87,14.29,22.19,15.92,21.86,19.87,20,20.00656258,-128.88,12.23611632
308.36,26.2,14.61,21.86,15.92,21.86,19.54,19.99833333,20.00532819,-128.88,12.23083934
308.86,26.2,13.96,22.19,15.92,21.86,19.54,19.945,19.99627896,-128.88,12.44983171
309.36,26.2,14.29,22.19,15.92,21.86,19.54,20,19.99683712,-128.88,12.5012393
309.87,26.2,13.96,22.19,16.25,21.86,19.54,20,19.99731155,-128.88,12.50125927
310.37,25.87,13.96,22.19,15.92,21.86,19.54,19.89,19.98121482,-128.88,12.78511437
310.88,26.2,13.96,22.19,16.25,21.86,19.54,20,19.9840326,-128.88,12.79734388
311.38,26.2,13.96,22.19,15.92,22.19,19.54,20,19.98642771,-128.88,12.76175207
311.89,26.2,14.29,22.19,16.25,21.86,19.54,20.055,19.99671355,-128.88,12.59016403
312.39,25.87,13.96,22.19,15.92,21.86,19.54,19.89,19.98070652,-128.88,12.95810211
312.9,26.2,14.61,22.19,15.92,21.86,19.54,20.05333333,19.99160054,-128.88,12.76388957
313.4,26.2,13.96,22.19,15.92,22.19,19.54,20,19.99286046,-128.88,12.7335176
313.91,25.87,13.96,22.19,15.92,21.86,19.87,19.945,19.98568139,-128.88,12.80415287
314.42,26.2,14.29,22.19,15.92,21.86,19.54,20,19.98782918,-128.88,12.86445544
314.92,25.87,14.29,22.19,16.25,21.86,19.87,20.055,19.9979048,-128.88,12.63689373
315.43,26.2,14.29,22.19,15.92,21.86,19.87,20.055,20.00646908,-128.88,12.4853277
315.93,26.2,13.64,22.19,16.25,21.86,19.54,19.94666667,19.99749872,-128.88,12.67414877
316.43,26.2,14.29,22.19,16.25,21.86,19.87,20.11,20.01437391,-128.88,12.37717439
316.94,25.87,14.29,22.19,15.92,21.86,19.54,19.945,20.00396783,-128.88,12.49011091
317.44,25.87,13.64,22.19,16.25,21.86,19.87,19.94666667,19.99537265,-128.88,12.58707553
317.95,25.87,14.29,22.19,15.92,21.86,19.54,19.945,19.98781675,-128.88,12.76894421
318.45,26.2,13.96,22.19,16.25,21.86,19.54,20,19.98964424,-128.88,12.65066699
318.96,26.2,14.61,22.19,15.92,22.19,19.54,20.10833333,20.00744761,-128.88,12.41091738
319.46,26.2,13.96,22.19,15.92,21.86,19.54,19.945,19.99808046,-128.88,12.6128119
319.97,26.2,14.61,22.19,16.25,21.86,19.87,20.16333333,20.02286839,-128.88,12.23692392
320.47,26.2,13.96,22.19,15.92,21.86,19.87,20,20.01943814,-128.88,12.271975
320.98,26.2,14.29,22.19,16.25,21.86,19.54,20.055,20.02477242,-128.88,12.07799494
321.48,26.2,13.64,22.19,16.25,22.19,19.54,20.00166667,20.02130655,-128.88,12.17193845
321.99,25.87,14.61,22.19,16.25,22.19,19.54,20.10833333,20.03436057,-128.88,11.81631358
322.49,25.87,13.96,22.19,15.92,21.86,19.87,19.945,20.02095648,-128.88,12.03449682
323,26.2,13.96,22.19,16.25,21.86,19.87,20.055,20.02606301,-128.88,11.91192099
323.5,25.87,14.29,22.52,16.25,21.86,19.54,20.055,20.03040356,-128.88,11.84599383
324.01,26.2,14.29,22.19,16.25,22.19,19.54,20.11,20.04234303,-128.88,11.57150164
324.51,26.2,14.61,22.19,15.92,21.86,19.54,20.05333333,20.04399157,-128.88,11.5922862
325.02,25.87,14.61,22.19,16.25,21.86,19.54,20.05333333,20.04539284,-128.66,11.52150607
325.52,25.87,14.29,22.19,16.25,21.53,19.54,19.945,20.03033391,-128.88,11.71559399
326.03,26.2,14.61,22.19,16.25,22.19,19.87,20.21833333,20.05853382,-128.88,11.19635906
326.53,25.53,14.29,21.86,15.92,21.86,19.54,19.83333333,20.02475375,-128.88,11.68885122
327.04,25.87,14.61,21.86,16.25,21.86,19.54,19.99833333,20.02079069,-128.88,11.73232162
327.54,26.2,13.96,22.19,15.92,21.86,19.87,20,20.01767208,-128.88,11.8500979
328.05,25.87,14.61,22.19,16.25,21.86,19.87,20.10833333,20.03127127,-128.88,11.47854846
328.55,25.87,13.96,22.19,16.25,22.19,19.54,20,20.02658058,-128.88,11.7101628
329.05,25.87,13.64,22.19,16.25,21.86,19.87,19.94666667,20.01459349,-128.88,11.91047419
329.56,25.87,13.96,21.86,15.92,21.86,19.54,19.835,19.98765447,-128.88,12.36456912
330.06,25.87,13.96,22.19,15.92,21.86,19.54,19.89,19.9730063,-128.88,12.54471714
330.57,26.2,14.29,22.19,16.25,21.86,19.54,20.055,19.98530535,-128.88,12.37707729
331.07,25.87,13.64,21.86,16.25,21.86,19.54,19.83666667,19.96300955,-128.88,12.83183813
331.58,25.87,14.29,22.19,15.92,22.19,19.54,20,19.96855812,-128.88,12.90717712
332.09,26.2,13.96,22.19,15.92,22.19,19.87,20.055,19.9815244,-128.88,12.78178022
332.59,25.87,13.96,22.19,15.92,21.86,19.54,19.89,19.96779574,-128.88,12.96181911
333.1,25.87,14.61,21.86,16.25,21.86,19.87,20.05333333,19.98062638,-128.88,12.88159957
333.6,25.87,14.29,21.86,15.92,21.86,19.54,19.89,19.96703242,-128.88,13.09934678
334.11,25.53,14.61,21.86,15.92,21.86,19.21,19.83166667,19.94672756,-128.88,13.40556761
334.61,25.87,14.29,22.19,16.25,21.86,19.87,20.055,19.96296843,-128.88,13.22498606
335.11,25.87,14.29,21.86,16.25,22.19,19.54,20,19.96852316,-128.88,13.07453729
335.62,26.2,14.61,22.19,16.25,21.86,19.54,20.10833333,19.98949469,-128.88,12.80267607
336.12,25.87,13.96,22.19,15.92,21.86,19.54,19.89,19.97457048,-128.88,13.18488995
336.63,26.2,14.29,22.19,15.92,21.86,19.54,20,19.97838491,-128.88,13.03950281
337.13,26.2,13.96,22.19,16.25,22.19,19.54,20.055,19.98987717,-128.88,12.8198697
337.64,26.2,13.96,22.19,16.25,21.86,19.54,20,19.9913956,-128.88,12.68266033
338.14,26.2,14.61,22.19,15.92,21.86,19.87,20.10833333,20.00893626,-128.88,12.47051081
338.65,25.87,14.29,22.19,16.25,22.19,19.54,20.055,20.01584582,-128.88,12.32861175
339.15,25.87,14.29,22.19,15.92,22.19,19.54,20,20.01346895,-128.88,12.29779407
339.66,25.87,14.29,22.19,16.25,21.86,19.54,20,20.0114486,-128.88,12.31612887
340.16,26.2,14.29,22.19,16.25,21.86,19.54,20.055,20.01798131,-128.88,12.10742171
340.67,25.87,14.29,21.86,15.92,21.86,19.54,19.89,19.99878412,-128.88,12.38034805
341.17,26.2,13.96,22.19,16.25,21.86,19.54,20,19.9989665,-128.88,12.39083649
341.68,25.87,14.61,22.19,16.25,21.86,19.54,20.05333333,20.00712152,-128.88,12.26569295
342.18,26.2,14.61,22.19,16.25,21.86,19.54,20.10833333,20.0223033,-128.88,11.97646223
342.69,25.87,13.96,21.86,15.92,21.86,19.54,19.835,19.9942078,-128.88,12.5359256
343.19,25.87,14.61,22.19,15.92,21.86,19.54,19.99833333,19.99482663,-128.88,12.52758659
343.69,25.87,14.61,21.86,15.92,21.53,19.54,19.88833333,19.97885264,-128.88,12.75886663
344.2,25.87,14.29,22.19,15.92,21.86,19.54,19.945,19.97377474,-128.88,12.77375862
344.7,25.87,14.29,22.19,15.92,22.19,19.54,20,19.97770853,-128.88,12.8773087
345.21,25.87,14.61,22.19,16.25,21.86,19.54,20.05333333,19.98905225,-128.88,12.6902492
345.71,25.87,14.29,22.19,15.92,21.86,19.54,19.945,19.98244441,-128.88,12.8997514
346.21,26.2,13.96,22.19,16.25,21.86,19.54,20,19.98507775,-128.88,12.89228209
346.72,26.2,14.29,22.19,15.92,21.53,19.21,19.89,19.97081609,-129.1,13.12864514
347.22,25.87,14.29,21.86,16.25,22.19,19.54,20,19.97519368,-128.88,13.0037213
347.73,25.87,14.61,22.19,16.25,21.86,19.54,20.05333333,19.98691462,-128.88,12.85038022
348.23,26.2,14.29,22.19,16.25,21.86,19.87,20.11,20.00537743,-128.88,12.52602589
348.74,25.87,14.61,22.19,15.92,21.86,19.54,19.99833333,20.00432082,-128.88,12.61945437
349.24,25.87,14.29,22.19,16.25,21.86,19.54,20,20.00367269,-128.88,12.60402203
349.74,25.87,14.29,22.19,16.25,21.86,19.87,20.055,20.01137179,-128.88,12.40731796
350.25,25.87,14.29,22.19,16.25,21.86,19.54,20,20.00966602,-128.88,12.32975567
350.76,25.87,14.29,21.86,16.25,21.86,19.87,20,20.00821612,-128.88,12.35455636
351.26,25.87,13.96,22.19,16.25,21.86,19.54,19.945,19.9987337,-128.88,12.51363949
351.77,25.87,13.96,22.19,16.25,22.19,19.54,20,19.99892365,-128.88,12.46903397
352.27,25.87,13.96,22.19,16.25,21.86,19.54,19.945,19.9908351,-128.88,12.61650668
352.78,25.87,14.61,22.19,16.25,21.86,19.54,20.05333333,20.00020983,-128.88,12.47008512
353.28,25.87,13.96,21.86,16.25,21.86,19.54,19.89,19.98367836,-128.88,12.80519807
353.78,26.2,13.64,22.19,15.92,22.19,19.54,19.94666667,19.9781266,-128.88,12.90969261
354.29,26.2,13.96,22.19,15.92,21.86,19.54,19.945,19.97315761,-128.88,13.05474131
354.79,26.2,14.29,21.86,15.92,21.86,19.54,19.945,19.96893397,-128.88,13.0911217
355.3,26.2,14.29,22.19,15.92,21.86,19.87,20.055,19.98184388,-128.88,12.9756071
355.81,26.2,13.64,21.86,15.92,21.86,19.54,19.83666667,19.96006729,-128.88,13.40423912
356.31,26.2,14.29,22.19,16.25,21.86,19.54,20.055,19.9743072,-128.88,13.20136596
356.82,25.87,14.61,22.19,16.25,21.86,19.54,20.05333333,19.98616112,-128.88,13.03069295
357.32,26.2,14.61,22.19,15.92,21.86,19.54,20.05333333,19.99623695,-128.88,12.7903028
357.83,26.2,13.96,22.19,15.92,21.86,19.54,19.945,19.98855141,-128.88,13.0489323
358.33,26.2,14.29,22.19,16.25,21.86,19.54,20.055,19.9985187,-128.88,12.80137443
358.84,26.2,14.29,22.19,16.25,21.86,19.54,20.055,20.00699089,-128.88,12.59094668
359.34,25.87,14.29,22.19,16.25,21.86,19.87,20.055,20.01419226,-128.88,12.40993298
359.85,25.87,13.96,22.19,16.25,21.86,19.54,19.945,20.00381342,-128.88,12.62036967
360.35,26.2,13.96,22.19,15.92,21.86,19.54,19.945,19.99499141,-128.88,12.71440059
360.86,26.2,14.61,22.19,16.25,21.86,19.54,20.10833333,20.0119927,-129.1,12.38150906
361.37,26.2,14.61,22.19,16.25,22.19,19.54,20.16333333,20.03469379,-128.88,11.96051162
361.87,25.87,13.96,22.19,16.25,21.86,19.87,20,20.02948972,-128.88,12.08236048
362.38,25.87,14.61,22.19,15.92,21.53,19.54,19.94333333,20.01656626,-129.1,12.32846992
362.88,26.2,13.96,22.19,16.25,22.19,19.54,20.055,20.02233132,-128.88,12.13240823
363.38,25.87,14.94,21.86,16.25,21.53,19.54,19.99833333,20.01873163,-128.88,12.05917478
363.89,25.87,14.29,22.19,16.25,21.86,19.54,20,20.01592188,-128.88,12.12316839
364.39,25.87,14.61,22.19,15.92,21.86,19.54,19.99833333,20.0132836,-129.1,12.22747714
364.9,26.2,13.96,22.19,16.25,22.19,19.54,20.055,20.01954106,-128.88,12.08602844
365.4,25.87,14.29,21.86,15.92,21.86,19.54,19.89,20.0001099,-128.88,12.41866266
365.9,26.2,13.96,22.19,16.25,21.86,19.54,20,20.00009342,-128.88,12.43416911
366.41,26.2,14.29,21.86,15.92,21.53,19.54,19.89,19.9835794,-129.1,12.73015476
366.91,26.2,14.61,22.19,16.25,21.86,19.54,20.10833333,20.00229249,-128.88,12.38632114
367.42,26.2,14.29,22.19,15.92,22.19,19.54,20.055,20.01019862,-128.88,12.35755336
367.92,26.2,13.96,22.19,16.25,22.19,19.54,20.055,20.01691883,-128.88,12.23979142
368.43,26.2,13.96,22.19,15.92,21.86,19.54,19.945,20.006131,-128.88,12.50138239
368.93,25.87,14.29,22.19,16.25,21.86,19.87,20.055,20.01346135,-128.88,12.27320554
369.43,25.87,13.96,22.19,16.25,21.86,19.87,20,20.01144215,-128.88,12.25710342
369.94,25.87,14.61,22.19,16.25,21.86,19.54,20.05333333,20.01772583,-128.88,12.11082272
370.44,25.87,14.29,22.19,16.25,21.86,19.54,20,20.01506695,-128.88,12.20297005
370.96,25.87,13.96,22.19,16.25,21.86,19.54,19.945,20.00455691,-129.1,12.33073712
371.46,26.2,14.29,22.19,16.25,21.86,19.87,20.11,20.02037337,-128.88,12.07645413
371.96,26.2,14.29,22.19,16.25,21.86,19.87,20.11,20.03381737,-128.88,11.81352317
372.47,25.87,14.61,21.86,15.92,21.86,19.54,19.94333333,20.02024476,-129.1,12.03063184
372.97,26.2,14.29,22.19,16.25,22.19,19.54,20.11,20.03370805,-128.88,11.85578941
373.48,25.87,14.29,22.19,15.92,21.86,19.54,19.945,20.02040184,-128.88,11.97155126
373.98,26.2,14.29,22.19,16.25,22.19,19.54,20.11,20.03384156,-128.88,11.6736883
374.49,25.87,13.64,21.86,16.25,21.53,19.54,19.78166667,19.99601533,-128.88,12.34696764
374.99,25.87,14.61,22.19,16.25,21.86,19.54,20.05333333,20.00461303,-128.88,12.13364755
375.49,25.87,13.96,22.19,15.92,21.53,19.54,19.835,19.97917108,-128.88,12.63110314
376,25.87,14.61,21.86,16.25,21.86,19.54,19.99833333,19.98204541,-128.88,12.51969461
376.5,25.87,14.29,22.19,15.92,21.86,19.87,20,19.9847386,-128.88,12.69195473
377.01,25.87,14.29,22.19,16.25,21.86,19.54,20,19.98702781,-128.88,12.61366287
377.51,25.87,13.64,21.86,16.25,21.86,19.54,19.83666667,19.96447364,-129.1,13.15606474
378.02,25.87,14.29,22.19,15.92,21.86,19.54,19.945,19.96155259,-128.88,13.21176855
378.52,26.2,13.96,22.19,16.25,21.86,19.54,20,19.96731971,-128.88,13.11616809
379.03,25.87,14.61,22.19,16.25,22.19,19.54,20.10833333,19.98847175,-128.88,12.75248923
379.53,26.2,13.96,22.19,16.25,21.86,19.54,20,19.99020099,-128.88,12.85490134
380.04,26.2,14.29,22.19,15.92,21.53,19.54,19.945,19.98342084,-129.1,12.99512729
380.54,25.87,13.96,22.19,15.92,21.86,19.54,19.89,19.96940771,-128.88,13.21909867
381.05,25.87,14.94,21.86,15.92,21.86,19.54,19.99833333,19.97374656,-128.88,13.03921938
381.55,25.87,14.29,22.19,16.25,21.86,19.54,20,19.97768457,-128.88,12.97522136
382.06,25.87,14.29,22.19,16.25,21.86,19.54,20,19.98103189,-128.88,12.96751685
382.56,25.87,14.29,22.19,16.25,21.86,19.87,20.055,19.9921271,-129.1,12.86356166
383.07,25.87,14.29,22.19,16.25,22.19,19.54,20.055,20.00155804,-128.88,12.68092287
383.57,26.2,14.61,22.19,16.25,21.86,19.54,20.10833333,20.01757433,-128.88,12.38634291
384.08,25.87,14.61,22.19,16.25,21.86,19.54,20.05333333,20.02293818,-128.88,12.26890115
384.58,25.87,14.29,22.19,16.25,21.86,19.54,20,20.01949746,-128.88,12.25425516
385.09,26.2,13.96,22.19,16.25,21.86,19.54,20,20.01657284,-128.88,12.24181789
385.59,25.87,13.96,22.19,15.92,21.86,19.54,19.89,19.99758691,-128.88,12.4647608
386.1,26.2,14.61,21.86,15.92,22.19,19.54,20.05333333,20.00594887,-128.88,12.29638035
386.61,26.2,14.61,22.19,16.25,22.19,19.54,20.16333333,20.02955654,-128.88,11.92210662
387.11,26.2,14.29,22.19,15.92,21.86,19.87,20.055,20.03337306,-129.1,11.85996597
387.62,25.87,14.29,22.19,15.92,21.86,19.54,19.945,20.0201171,-129.1,12.15976316
388.12,26.2,13.96,22.19,16.25,21.86,19.54,20,20.01709954,-128.88,12.15432098
388.63,25.87,14.29,22.19,15.92,21.86,19.54,19.945,20.00628461,-129.1,12.19821122
389.13,26.2,14.29,22.19,15.92,21.86,19.54,20,20.00534192,-128.88,12.19005966
389.63,26.2,14.29,22.19,15.92,21.53,19.54,19.945,19.99629063,-129.1,12.41000809
390.14,25.87,14.29,22.19,15.92,22.19,19.87,20.055,20.00509703,-128.88,12.28063373
390.64,25.87,13.96,22.19,15.92,21.86,19.54,19.89,19.98783248,-129.1,12.62857151
391.15,25.87,13.96,22.19,16.25,21.86,19.54,19.945,19.98140761,-128.88,12.75086846
391.65,25.87,14.61,22.19,16.25,21.86,19.54,20.05333333,19.99219647,-128.88,12.62604285
392.16,26.2,14.29,22.19,16.25,22.19,19.54,20.11,20.009867,-128.88,12.28366254
392.66,25.87,14.29,22.19,16.25,21.86,19.87,20.055,20.01663695,-128.88,12.25831589
393.17,26.2,14.29,22.19,16.25,22.19,19.54,20.11,20.0306414,-129.1,12.05196028
393.67,25.87,13.96,22.19,16.25,21.86,19.54,19.945,20.01779519,-128.88,12.19027527
394.18,26.2,14.61,22.19,15.92,21.86,19.54,20.05333333,20.02312591,-128.88,11.99903689
394.68,25.87,14.61,22.19,16.25,22.19,19.54,20.10833333,20.03590703,-128.88,11.74426786
395.19,25.87,14.94,22.19,15.92,21.86,19.21,19.99833333,20.03027097,-128.88,11.74362839
395.69,25.87,14.29,22.19,16.25,21.86,19.87,20.055,20.03398033,-128.88,11.73492561
396.2,25.87,13.64,21.86,16.25,21.86,19.21,19.78166667,19.99613328,-129.1,12.30913074
396.7,26.2,13.64,22.19,16.25,21.86,19.54,19.94666667,19.98871329,-128.88,12.36649405
397.21,26.2,14.61,22.19,15.92,21.86,19.54,20.05333333,19.99840629,-129.1,12.2408814
397.71,25.87,13.96,22.19,16.25,21.86,19.54,19.945,19.99039535,-129.1,12.35566282
398.22,25.87,14.61,22.19,16.25,21.86,19.54,20.05333333,19.99983605,-129.1,12.4074175
398.72,25.87,13.31,22.19,15.92,21.86,19.87,19.83666667,19.97536064,-129.1,12.86725817
399.22,26.2,13.96,22.19,16.25,21.86,19.54,20,19.97905654,-129.1,12.76286907
399.73,25.87,14.29,22.19,16.25,21.86,19.21,19.945,19.97394806,-129.1,12.90798421
400.23,26.2,13.96,21.86,16.25,21.86,19.54,19.945,19.96960585,-128.88,12.94527048
400.74,25.87,14.29,21.86,15.92,21.86,19.54,19.89,19.95766498,-129.1,13.31325634
401.24,26.2,14.29,22.19,16.25,21.86,19.54,20.055,19.97226523,-129.1,13.05729552
401.75,25.87,14.61,22.19,16.25,21.86,19.87,20.10833333,19.99267544,-129.1,12.74609723
402.25,26.2,14.29,22.19,15.92,21.86,19.54,20,19.99377413,-129.1,12.75537957
402.76,26.2,13.96,22.19,16.25,21.86,19.54,20,19.99470801,-129.1,12.80927352
403.26,25.87,14.29,22.19,16.25,21.86,19.54,20,19.99550181,-129.1,12.71723911
403.77,25.87,13.64,22.19,16.25,21.86,19.87,19.94666667,19.98817654,-129.1,12.73249795
404.27,25.87,14.29,22.19,15.92,21.86,19.87,20,19.98995006,-129.1,12.70244853
404.78,25.87,14.29,22.19,16.25,21.53,19.54,19.945,19.98320755,-129.1,12.81918747
405.28,26.2,14.29,22.19,16.25,21.86,19.87,20.11,20.00222642,-128.88,12.49816731
405.78,26.2,14.29,22.19,16.25,21.86,19.54,20.055,20.01014245,-128.88,12.40313156
406.29,25.87,14.94,22.19,15.92,22.19,19.54,20.10833333,20.02487109,-129.1,12.14233959
406.8,25.87,13.96,22.19,16.25,21.86,19.54,19.945,20.01289042,-129.1,12.36487823
407.3,26.2,14.29,22.19,16.25,21.86,19.54,20.055,20.01920686,-129.1,12.15037802
407.81,26.2,13.96,22.19,16.25,21.86,19.54,20,20.01632583,-129.1,12.14554598
408.31,25.87,14.29,22.19,16.25,21.86,19.54,20,20.01387696,-129.1,12.09883545
408.82,25.87,14.61,21.86,16.25,21.86,19.54,19.99833333,20.01154541,-128.88,12.19391793
409.32,25.87,14.29,22.19,16.25,21.86,19.87,20.055,20.0180636,-128.88,12.04652067
409.83,26.2,14.29,22.19,16.25,21.86,19.54,20.055,20.02360406,-129.1,11.9614845
410.33,26.2,14.29,22.19,16.25,21.86,19.87,20.11,20.03656345,-129.1,11.75202323
410.84,25.87,14.29,22.19,15.92,21.86,19.54,19.945,20.02282893,-129.1,11.96762821
411.35,25.87,14.29,22.19,16.25,21.86,19.54,20,20.01940459,-129.1,11.97718907
411.85,25.87,14.29,22.19,16.25,21.86,19.54,20,20.0164939,-129.1,11.98532098
412.36,25.87,13.96,21.86,15.92,21.53,19.54,19.78,19.98101982,-129.1,12.49748058
412.86,25.87,14.61,22.19,16.25,21.86,19.54,20.05333333,19.99186685,-128.88,12.39942849
413.36,25.87,14.29,22.19,16.25,21.86,19.54,20,19.99308682,-128.88,12.40190381
413.87,25.87,14.29,22.19,15.92,22.19,19.87,20.055,20.0023738,-129.1,12.26573334
414.37,26.2,13.96,22.19,16.25,22.19,19.54,20.055,20.01026773,-128.88,12.32377633
414.88,26.2,14.61,22.19,15.92,21.86,19.54,20.05333333,20.01672757,-129.1,12.15247302
415.38,25.87,14.29,21.86,15.92,21.86,19.54,19.89,19.99771843,-129.1,12.45476686
415.89,25.87,14.29,22.19,16.25,21.86,19.54,20,19.99806067,-129.1,12.39970097
416.4,25.87,14.61,22.19,16.25,22.19,19.54,20.10833333,20.01460157,-128.88,12.08292812
416.9,25.87,14.61,22.19,16.25,21.86,19.54,20.05333333,20.02041133,-129.1,11.94587573
417.41,26.2,14.29,22.19,15.92,22.19,19.54,20.055,20.02559963,-129.1,11.95052727
417.91,25.87,14.94,21.86,15.92,21.86,19.54,19.99833333,20.02150969,-129.1,12.00205971
418.42,25.87,14.61,22.19,16.25,21.86,19.87,20.10833333,20.03453323,-129.1,11.69363447
418.92,25.87,13.96,22.19,16.25,21.86,19.54,19.945,20.02110325,-128.88,11.86180266
419.43,25.87,13.96,22.19,15.92,21.53,19.21,19.78,19.98493776,-129.1,12.42075217
419.93,25.87,14.94,22.19,15.92,21.86,19.87,20.10833333,20.0034471,-129.1,12.14183502
420.44,25.87,14.29,21.86,15.92,21.86,19.21,19.835,19.97818003,-128.88,12.49259881
420.94,26.2,13.96,22.19,15.92,21.86,19.87,20,19.98145303,-129.1,12.5225048
421.45,25.87,14.29,21.86,15.92,21.86,19.21,19.835,19.95948507,-129.1,13.11539952
421.95,25.87,13.96,22.19,16.25,21.86,19.54,19.945,19.95731231,-129.1,13.07146342
422.46,25.87,14.61,21.86,16.25,21.86,19.54,19.99833333,19.96346547,-129.1,13.13101193
422.96,25.87,14.29,22.19,15.92,21.86,19.87,20,19.96894565,-129.1,13.03657914
423.47,25.87,14.29,21.86,15.92,21.86,19.21,19.835,19.9488538,-129.1,13.53981592
423.97,25.87,13.96,22.19,15.92,21.86,19.87,19.945,19.94827573,-129.1,13.59304815
424.48,25.87,13.96,22.19,16.25,21.86,19.54,19.945,19.94778437,-129.1,13.59623431
424.98,25.87,13.64,22.19,16.25,22.19,19.87,20.00166667,19.95586671,-129.1,13.4482288
425.49,26.2,14.29,22.19,16.25,21.86,19.54,20.055,19.97073671,-129.1,13.3230631
425.99,25.87,14.61,22.19,16.25,21.86,19.54,20.05333333,19.9831262,-129.1,13.12281937
426.5,26.2,13.96,22.19,15.92,21.53,19.54,19.89,19.96915727,-129.1,13.38426722
427,25.87,13.96,22.19,15.92,21.86,19.54,19.89,19.95728368,-129.1,13.56972851
427.51,26.2,14.61,22.19,15.92,21.86,19.21,19.99833333,19.96344113,-129.1,13.39658138
428.01,25.87,13.96,22.52,16.25,21.86,19.54,20,19.96892496,-129.1,13.24800457
428.52,26.2,13.96,22.19,16.25,22.19,19.87,20.11,19.99008622,-129.1,12.9716445
429.02,26.2,14.29,22.19,16.25,21.86,19.54,20.055,19.99982328,-129.1,12.87419511
429.53,26.2,14.29,22.19,16.25,21.86,19.87,20.11,20.01634979,-129.1,12.55584405
430.03,26.2,14.29,22.19,15.92,21.86,19.87,20.055,20.02214732,-129.1,12.41874755
430.54,26.2,14.61,22.19,16.25,21.86,19.87,20.16333333,20.04332522,-129.1,11.94263745
431.04,26.2,13.96,22.19,16.25,21.86,19.87,20.055,20.04507644,-129.1,11.84049125
431.55,26.2,14.29,22.19,16.25,21.86,19.54,20.055,20.04656497,-129.1,11.70727824
432.06,25.87,14.29,22.19,16.25,21.86,19.54,20,20.03958023,-129.1,11.76528103
432.56,26.2,14.29,22.19,15.92,21.86,19.54,20,20.03364319,-129.1,11.73038789
433.07,25.87,14.29,22.19,16.25,21.86,19.87,20.055,20.03684671,-129.1,11.65271364
433.57,25.87,13.96,22.19,16.25,22.19,19.54,20,20.03131971,-129.1,11.71442087
434.08,25.87,14.29,22.19,16.25,21.86,19.54,20,20.02662175,-129.1,11.80998985
434.58,25.87,14.94,21.86,15.92,21.86,19.54,19.99833333,20.02237849,-129.1,11.89581439
435.08,25.87,13.96,22.19,16.25,21.86,19.54,19.945,20.01077172,-129.1,12.05678636
435.59,26.2,14.61,22.19,16.25,21.86,19.87,20.16333333,20.03365596,-129.1,11.70870145
436.09,26.2,13.96,22.19,16.25,21.86,19.54,20,20.02860756,-129.1,11.79676718
436.6,25.87,14.61,21.86,15.92,21.86,19.54,19.94333333,20.01581643,-129.1,12.01193356
437.11,25.87,14.29,22.19,16.25,22.19,19.54,20.055,20.02169397,-129.1,11.96869296
437.61,25.87,14.29,22.19,16.25,21.86,19.54,20,20.01843987,-129.1,11.89007499
438.12,26.2,14.29,22.19,16.25,21.86,19.54,20.055,20.02392389,-129.1,11.8179987
438.62,26.2,14.61,22.19,16.25,21.86,19.54,20.10833333,20.03658531,-129.1,11.66848829
439.12,26.2,14.29,22.19,16.25,21.86,19.87,20.11,20.04759751,-129.1,11.44529301
439.63,25.87,14.29,22.19,16.25,21.86,19.54,20,20.04045788,-129.1,11.55024123
440.13,25.87,14.29,22.19,16.25,21.86,19.87,20.055,20.0426392,-129.1,11.46728123
440.64,26.2,14.61,22.19,16.25,21.86,19.54,20.10833333,20.05249332,-129.1,11.22849594
441.14,25.87,13.96,22.19,16.25,21.86,19.54,19.945,20.03636932,-129.1,11.39766762
441.65,25.87,14.94,22.19,15.92,21.86,19.54,20.05333333,20.03891392,-129.1,11.3755423
442.16,25.87,14.61,22.19,16.25,21.86,19.87,20.10833333,20.04932684,-129.1,11.18364274
442.66,26.2,13.96,22.19,16.25,21.86,19.54,20,20.04192781,-129.1,11.22418427
443.17,25.87,14.29,22.19,16.25,21.86,19.87,20.055,20.04388864,-129.1,11.25337633
443.67,25.87,13.96,21.86,15.92,21.86,19.54,19.835,20.01255534,-129.1,11.71172013
444.18,25.87,13.96,21.86,16.25,21.86,19.54,19.89,19.99417204,-129.1,11.94806561
444.68,25.87,14.29,22.19,16.25,21.86,19.54,20,19.99504624,-129.1,11.97582454
445.19,25.87,14.29,22.19,16.25,21.86,19.54,20,19.9957893,-129.1,11.95597333
445.69,25.87,14.61,22.19,16.25,21.86,19.54,20.05333333,20.00442091,-129.1,11.98229564
446.2,25.87,14.29,22.19,16.25,21.86,19.54,20,20.00375777,-129.1,12.08814635
446.71,26.2,13.96,21.86,16.25,21.86,19.54,19.945,19.9949441,-129.1,12.22736697
447.21,25.87,14.29,22.19,16.25,21.86,19.54,20,19.99570249,-128.88,12.21348368
447.72,26.2,14.61,22.19,16.25,21.86,19.54,20.10833333,20.01259712,-129.1,11.89244507
448.22,25.87,13.96,22.19,15.92,21.86,19.54,19.89,19.99420755,-129.1,12.19117786
448.73,25.87,14.29,22.19,15.92,21.86,19.54,19.945,19.98682642,-129.1,12.36498222
449.23,25.87,14.94,22.19,16.25,21.86,19.54,20.10833333,20.00505245,-129.1,12.06506507
449.74,25.87,13.96,22.19,16.25,21.86,19.54,19.945,19.99604459,-129.1,12.12100606
450.24,25.87,14.61,21.86,16.25,21.86,19.54,19.99833333,19.9963879,-129.1,12.21570286
450.75,25.87,14.29,21.86,16.25,21.86,19.54,19.945,19.98867971,-129.1,12.3863523
451.25,25.87,13.96,22.19,16.25,21.86,19.54,19.945,19.98212776,-129.1,12.40381884
451.76,25.87,14.29,22.19,16.25,21.86,19.54,20,19.98480859,-129.1,12.41732252
452.27,25.87,13.96,21.86,16.25,21.53,19.21,19.78,19.9540873,-129.1,12.95115025
452.77,25.87,14.61,21.86,16.25,21.86,19.54,19.99833333,19.96072421,-129.1,12.90457654
453.28,25.87,14.29,22.19,16.25,21.86,19.54,20,19.96661558,-129.1,12.86089796
453.78,25.87,13.96,22.19,16.25,21.86,19.54,19.945,19.96337324,-129.1,12.92102372
454.29,25.87,14.29,22.19,16.25,21.86,19.54,20,19.96886725,-129.1,13.01895908
454.79,25.87,14.29,22.19,16.25,21.86,19.54,20,19.97353717,-129.1,12.91737961
455.3,25.87,14.61,22.19,16.25,21.86,19.54,20.05333333,19.98550659,-129.1,12.69212638
455.8,25.87,14.29,22.19,15.92,21.86,19.54,19.945,19.9794306,-129.1,12.82305482
456.31,26.2,14.29,21.86,16.25,21.86,19.54,20,19.98251601,-129.1,12.75055812
456.81,26.2,14.29,22.19,15.92,21.86,19.54,20,19.98513861,-129.1,12.68921136
457.32,25.87,14.61,22.19,16.25,21.86,19.54,20.05333333,19.99536782,-129.1,12.45731155
457.82,25.53,14.61,21.86,15.92,21.86,19.54,19.88666667,19.97906265,-129.1,12.77193213
458.32,25.87,13.96,22.19,15.92,21.86,19.54,19.89,19.96570325,-129.1,12.99879883
458.83,25.87,14.29,21.86,16.25,21.86,19.54,19.945,19.96259776,-129.1,13.05791294
459.33,25.87,14.29,21.86,16.25,21.53,19.21,19.835,19.9434581,-129.1,13.36081602
459.84,25.87,13.96,21.86,16.25,21.86,19.87,19.945,19.94368938,-129.1,13.4842429
460.34,26.2,13.96,21.86,16.25,21.86,19.54,19.945,19.94388598,-129.1,13.59181962
460.85,26.2,14.61,22.19,16.25,21.86,19.54,20.10833333,19.96855308,-129.1,13.19885414
461.35,25.87,14.61,22.19,16.25,21.86,19.54,20.05333333,19.98127012,-129.1,13.10098778
461.86,26.2,14.61,22.19,16.25,22.19,19.54,20.16333333,20.0085796,-129.1,12.63561952
462.36,25.87,14.61,22.19,16.25,21.86,19.54,20.05333333,20.01529266,-129.1,12.51542727
462.87,26.2,14.61,21.86,15.92,21.86,19.54,19.99833333,20.01274876,-129.1,12.41553053
463.37,25.87,14.61,22.19,16.25,21.86,19.54,20.05333333,20.01883645,-129.1,12.23794982
463.88,25.87,13.96,22.19,16.25,21.86,19.54,19.945,20.00776098,-129.1,12.26558354
464.38,26.2,14.61,22.19,16.25,21.86,19.54,20.10833333,20.02284683,-129.1,11.97663467
464.89,26.2,14.61,22.19,16.25,21.86,19.54,20.10833333,20.03566981,-129.1,11.77002558
465.39,26.2,14.29,22.19,16.25,22.19,19.54,20.11,20.04681934,-129.1,11.54236293
465.9,26.2,14.61,22.19,16.25,21.86,19.87,20.16333333,20.06429644,-129.1,11.30064817
466.4,25.87,14.61,22.19,16.25,21.86,19.54,20.05333333,20.06265197,-129.1,11.21862718
466.91,25.87,14.29,21.86,15.92,21.86,19.21,19.835,20.02850418,-129.32,11.65806878
467.41,26.2,14.61,22.19,16.25,22.19,19.54,20.16333333,20.04872855,-129.1,11.26889649
467.91,25.87,13.96,22.19,16.25,21.86,19.54,19.945,20.03316927,-129.1,11.39895296
468.42,25.87,13.96,21.86,16.25,21.86,19.54,19.89,20.01169388,-129.1,11.73081894
468.92,25.87,14.29,22.19,16.25,21.86,19.54,20,20.0099398,-129.1,11.93117892
469.43,25.87,14.94,22.19,16.25,21.86,19.87,20.16333333,20.03294883,-129.1,11.45345728
469.93,25.87,13.96,22.19,16.25,21.86,19.54,19.945,20.0197565,-129.1,11.72579947
470.44,25.87,14.29,22.19,16.25,21.86,19.54,20,20.01679303,-129.1,11.87508142
470.94,25.87,14.61,22.19,16.25,21.86,19.54,20.05333333,20.02227407,-129.1,11.78685186
471.45,25.87,13.96,22.52,16.25,21.86,19.54,20,20.01893296,-129.1,11.70971892
471.95,25.87,14.61,22.19,16.25,21.86,19.54,20.05333333,20.02409302,-129.1,11.68545993
472.46,25.87,14.29,22.19,16.25,21.86,19.54,20,20.02047906,-129.1,11.7462648
472.97,25.53,14.29,22.19,15.92,21.53,19.54,19.83333333,19.99240721,-129.1,12.16460749
473.47,26.2,14.61,22.19,16.25,21.86,19.54,20.10833333,20.00979612,-129.1,11.90102421
473.97,25.87,13.96,22.19,16.25,21.86,19.54,19.945,20.00007671,-129.1,12.02736661
474.48,25.87,14.29,22.19,16.25,21.86,19.54,20,20.0000652,-129.1,12.04664729
474.98,25.87,14.29,21.86,16.25,21.53,19.21,19.835,19.97530542,-129.1,12.6130951
475.49,25.87,13.96,22.19,16.25,21.86,19.54,19.945,19.97075961,-129.1,12.6085357
475.99,25.87,14.29,21.86,15.92,21.86,19.54,19.89,19.95864567,-129.1,12.887694
476.5,25.87,14.29,22.19,16.25,21.86,19.54,20,19.96484882,-129.1,12.80326501
477,25.87,14.29,21.86,15.92,21.86,19.54,19.89,19.95362149,-129.1,13.15952629
477.51,25.53,14.61,21.86,16.25,21.86,19.54,19.94166667,19.95182827,-129.1,13.24399333
478.01,25.87,13.64,22.19,15.92,21.86,19.87,19.89166667,19.94280403,-129.1,13.5041147
478.51,25.87,14.94,22.19,16.25,21.86,19.21,20.05333333,19.95938342,-129.32,13.20398248
479.02,25.87,14.29,21.86,16.25,21.86,19.54,19.945,19.95722591,-129.1,13.33042809
479.52,25.87,14.94,21.86,16.25,21.86,19.54,20.05333333,19.97164202,-129.1,13.10891078
480.03,25.87,14.29,21.86,16.25,21.86,19.54,19.945,19.96764572,-129.1,13.24763097
480.53,26.2,14.29,22.19,16.25,21.86,19.54,20.055,19.98074886,-129.1,12.94060168
481.04,25.87,14.29,22.19,16.25,21.86,19.54,20,19.98363653,-129.1,12.91319847
481.54,25.87,14.61,21.86,16.25,21.86,19.54,19.99833333,19.98584105,-129.1,12.80331375
482.05,25.87,14.94,22.19,16.25,21.86,19.54,20.10833333,20.0042149,-129.1,12.51832623
482.55,26.2,14.61,22.19,15.92,22.19,19.87,20.16333333,20.02808266,-129.1,12.04693539
483.06,25.87,14.94,22.19,16.25,21.86,19.54,20.10833333,20.04012026,-129.1,11.82091626
483.56,25.87,14.61,22.19,15.92,21.86,19.54,19.99833333,20.03385222,-129.1,11.8899607
484.07,25.87,13.96,22.19,16.25,21.86,19.54,19.945,20.02052439,-129.1,11.99278622
484.57,25.87,14.29,22.19,15.92,21.53,19.54,19.89,20.00094573,-129.32,12.17751175
485.07,26.2,14.29,22.19,16.25,21.86,19.87,20.11,20.01730387,-129.1,11.84544838
485.58,26.2,14.29,22.19,15.92,21.86,19.54,20,20.01470829,-129.1,11.91130899
486.08,25.87,14.94,22.19,16.25,21.86,19.54,20.10833333,20.02875205,-129.1,11.74611473
486.59,26.2,14.29,21.86,15.92,21.86,19.54,19.945,20.01618924,-129.1,12.03763439
487.1,25.87,14.61,22.19,16.25,21.53,19.21,19.94333333,20.00526085,-129.32,12.12207301
487.6,25.87,14.29,22.19,15.92,21.86,19.54,19.945,19.99622173,-129.1,12.28326155
488.11,26.2,14.61,21.86,15.92,22.19,19.54,20.05333333,20.00478847,-129.1,12.0682101
488.61,26.2,14.61,22.19,16.25,21.86,19.54,20.10833333,20.0203202,-129.1,11.87816118
489.12,25.87,13.96,21.86,16.25,21.86,19.54,19.89,20.00077217,-129.1,12.24671842
489.62,26.2,14.61,22.19,15.92,21.86,19.54,20.05333333,20.00865634,-129.32,12.16378538
490.13,25.87,14.29,22.19,16.25,21.86,19.54,20,20.00735789,-129.1,12.13492922
490.63,25.87,14.29,22.19,16.25,21.86,19.54,20,20.00625421,-129.1,12.06661072
491.14,25.87,14.29,22.19,16.25,21.86,19.54,20,20.00531608,-129.1,12.18290991
491.64,25.87,14.29,22.19,16.25,21.86,19.54,20,20.00451866,-129.1,12.15115019
492.15,25.87,13.96,21.86,15.92,22.19,19.54,19.89,19.98734087,-129.1,12.44285603
492.66,25.87,14.29,22.19,16.25,21.86,19.54,20,19.98923974,-129.1,12.42371105
493.16,25.87,14.29,21.86,15.92,21.86,19.54,19.89,19.97435377,-129.1,12.68808978
493.67,26.2,13.64,22.19,16.25,21.86,19.54,19.94666667,19.97020071,-129.1,12.77829846
494.17,25.87,14.61,21.86,16.25,21.86,19.87,20.05333333,19.9826706,-129.32,12.67556338
494.68,25.87,14.94,22.19,16.25,21.86,19.54,20.10833333,20.00152001,-129.1,12.35478162
495.18,26.2,14.61,22.19,16.25,21.86,19.54,20.10833333,20.01754201,-129.1,12.16688143
495.69,26.2,14.61,22.19,16.25,21.86,19.54,20.10833333,20.03116071,-129.1,11.95571457
496.19,25.87,14.29,21.86,16.25,21.86,19.54,19.945,20.0182366,-129.1,12.08515136
496.7,25.87,13.96,22.19,16.25,21.86,19.54,19.945,20.00725111,-129.1,12.15642112
497.21,25.87,14.61,22.19,16.25,21.86,19.54,20.05333333,20.01416345,-129.1,11.95405874
497.71,25.87,14.61,22.19,16.25,21.86,19.54,20.05333333,20.02003893,-129.1,11.78018833
498.22,25.87,13.96,22.19,15.92,21.86,19.87,19.945,20.00878309,-129.1,12.02033682
498.72,25.87,14.29,22.19,16.25,21.86,19.87,20.055,20.01571563,-129.1,11.96027304
499.23,25.87,14.61,22.19,16.25,21.86,19.54,20.05333333,20.02135828,-129.1,11.82418569
499.73,25.87,13.96,22.19,15.92,21.53,19.21,19.78,19.98515454,-129.32,12.37838944
500.23,25.87,13.96,22.19,16.25,21.86,19.87,20,19.98738136,-129.1,0
500.74,25.87,14.29,21.86,16.25,21.86,19.54,19.945,19.98102415,-129.1,0
501.24,25.87,14.29,22.19,15.92,21.86,19.54,19.945,19.97562053,-129.1,0
501.75,25.87,13.96,22.19,16.25,21.86,19.54,19.945,19.97102745,-129.1,0
502.26,25.53,14.61,21.86,16.25,21.86,19.54,19.94166667,19.96662333,-129.1,0
502.76,25.53,14.61,21.86,15.92,21.86,19.54,19.88666667,19.95462983,-129.1,0
503.27,25.2,14.61,22.19,16.25,21.53,19.54,19.88666667,19.94443536,-129.1,0
503.77,25.2,13.96,22.19,16.25,21.86,19.21,19.77833333,19.91952006,-129.1,0
504.28,24.86,13.96,21.86,16.25,21.53,19.21,19.61166667,19.87334205,-129.1,0
504.78,24.86,14.94,21.86,16.25,21.53,19.21,19.775,19.85859074,-129.1,0
505.29,25.2,14.29,21.86,16.25,21.53,19.21,19.72333333,19.83830213,-129.32,0
505.79,24.86,14.61,21.86,16.25,21.53,19.21,19.72,19.82055681,-129.1,0
506.29,24.53,14.29,21.86,15.92,21.53,18.88,19.50166667,19.77272329,-129.32,0
506.8,24.53,14.94,21.86,16.25,21.19,18.88,19.60833333,19.74806479,-129.32,0
507.31,24.19,13.96,21.86,16.25,21.53,18.88,19.445,19.70260508,-129.32,0
507.81,24.53,14.29,21.53,16.25,21.19,18.55,19.39,19.65571431,-129.32,0
508.32,24.19,14.61,21.53,16.25,21.19,18.88,19.44166667,19.62360717,-129.1,0
508.82,24.19,14.29,21.53,16.25,21.19,18.88,19.38833333,19.58831609,-129.32,0
509.33,23.86,14.94,21.19,16.25,20.86,18.55,19.275,19.54131868,-129.1,0
509.83,23.86,14.61,21.53,16.25,21.19,18.55,19.33166667,19.50987088,-129.32,0
510.33,23.86,14.61,21.19,15.92,21.19,18.55,19.22,19.46639025,-129.1,0
510.84,23.86,14.29,21.53,16.25,20.86,18.55,19.22333333,19.42993171,-129.1,0
511.34,23.86,14.61,21.19,16.25,20.86,18.55,19.22,19.39844195,-129.1,0
511.85,23.52,13.64,21.19,16.25,20.86,18.55,19.00166667,19.33892566,-129.32,0
512.36,23.19,14.29,21.19,16.25,20.86,18.22,19,19.28808681,-129.1,0
512.86,23.19,14.94,20.86,15.92,20.86,17.89,18.94333333,19.23637379,-129.32,0
513.37,23.19,14.61,21.19,16.25,20.86,18.22,19.05333333,19.20891772,-129.1,0
513.87,22.86,14.29,20.86,16.25,20.86,18.22,18.89,19.16108006,-129.32,0
514.38,22.86,13.96,21.19,16.25,20.86,17.89,18.835,19.11216805,-129.32,0
514.88,23.19,14.29,20.86,16.25,20.86,17.89,18.89,19.07884285,-129.1,0
515.38,22.86,14.29,20.86,16.25,20.53,17.89,18.78,19.03401642,-129.1,0
515.89,22.86,14.61,20.86,16.25,20.53,17.89,18.83333333,19.00391396,-129.1,0
516.39,22.52,13.64,20.86,16.25,20.53,17.89,18.615,18.94557686,-129.32,0
516.9,22.52,14.61,20.86,16.25,20.53,17.89,18.77666667,18.92024033,-129.1,0
517.41,22.52,14.61,20.53,16.25,20.53,17.89,18.72166667,18.89045428,-129.1,0
517.91,22.52,14.29,20.53,16.25,20.53,17.89,18.66833333,18.85713614,-129.32,0
518.42,22.52,13.96,20.53,16.25,20.2,17.56,18.50333333,18.80406572,-129.1,0
518.92,22.52,14.29,20.2,16.25,20.2,17.23,18.44833333,18.75070586,-129.32,0
519.42,22.52,14.61,20.53,16.25,20.2,17.56,18.61166667,18.72984998,-129.1,0
519.93,22.19,14.29,20.2,15.92,20.2,17.23,18.33833333,18.67112248,-129.32,0
520.43,22.52,13.96,20.2,15.92,20.2,17.56,18.39333333,18.62945411,-129.32,0
520.94,21.86,13.96,20.2,15.92,19.87,17.23,18.17333333,18.561036,-129.32,0
521.44,22.19,14.29,20.2,16.25,20.2,17.56,18.44833333,18.5441306,-129.32,0
521.94,22.19,14.61,20.2,16.25,20.2,17.23,18.44666667,18.52951101,-129.32,0
522.45,21.86,13.96,20.2,16.25,20.2,17.56,18.33833333,18.50083436,-129.32,0
522.95,22.19,13.64,20.2,15.92,20.2,17.23,18.23,18.4602092,-129.32,0
523.46,21.86,14.29,20.2,16.25,19.87,17.23,18.28333333,18.43367782,-129.32,0
523.96,21.86,13.96,20.2,15.92,19.87,17.23,18.17333333,18.39462615,-129.32,0
524.47,21.86,14.29,19.87,15.92,19.87,17.23,18.17333333,18.36143223,-129.32,0
524.97,21.86,14.29,20.2,16.25,19.87,16.9,18.22833333,18.34146739,-129.1,0
525.48,21.86,14.61,19.87,16.25,19.87,16.9,18.22666667,18.32424728,-129.32,0
525.98,21.53,14.29,19.87,16.25,19.87,16.9,18.11833333,18.29336019,-129.1,0
526.48,21.53,14.29,19.87,16.25,19.87,16.9,18.11833333,18.26710616,-129.32,0
526.99,21.53,14.61,19.87,16.25,19.54,16.9,18.11666667,18.24454024,-129.32,0
527.5,21.53,13.96,19.87,15.92,19.54,16.9,17.95333333,18.2008592,-129.32,0
528.01,21.19,14.61,19.87,16.25,19.54,16.9,18.06,18.17973032,-129.32,0
528.51,21.19,13.96,19.87,16.25,19.54,16.58,17.89833333,18.13752077,-129.32,0
529.01,21.19,13.96,19.54,15.92,19.21,16.9,17.78666667,18.08489266,-129.1,0
529.52,21.19,13.96,19.54,16.25,19.54,16.9,17.89666667,18.05665876,-129.32,0
,,,,,,,,,avg DC,16.84133751
,,,,,,,,,avg power,0.697555251
,,,,,,,,,,
,,,,,,,,,steady state,
,,,,,,,,,avg DC,12.3356664
,,,,,,,,,avg power,0.374240414
