0.0,24.86,24.53,24.53,24.53,24.53,24.53,24.584999999999997,15.133645214824828,99.9999637412627
0.5,25.2,24.86,24.53,24.86,24.86,24.53,24.80666666666667,16.5845984326011,99.99994351283115
1.01,25.53,24.86,24.53,24.86,24.86,24.53,24.861666666666668,17.82615866771094,99.99997471577986
1.51,26.2,25.2,24.86,24.86,24.86,24.86,25.139999999999997,18.923234867554296,99.99995463774869
2.02,26.87,24.53,24.86,25.2,24.86,24.86,25.19666666666667,19.86424963742115,99.99987677489003
2.52,27.88,24.86,25.53,25.2,24.86,25.2,25.588333333333328,20.722862191807973,99.99973029069967
3.02,28.22,24.86,25.87,25.53,24.86,25.53,25.811666666666667,21.486182863036774,99.9990439235774
3.53,29.57,24.86,26.2,25.87,24.86,25.87,26.205000000000002,22.194005433581257,99.99798139782612
4.03,30.25,24.86,26.87,26.54,24.86,26.54,26.653333333333332,22.862904618544068,99.99526864569638
4.53,30.59,24.53,26.87,26.54,24.53,26.54,26.599999999999998,23.423468925762453,99.99572457843236
5.04,31.95,25.2,27.55,26.87,24.86,27.21,27.273333333333337,24.000948586898083,99.9846348011921
5.54,32.29,24.53,27.88,26.87,24.53,27.55,27.275000000000006,24.492056298863375,99.98458607512018
6.04,33.32,24.86,28.56,27.55,24.86,27.88,27.838333333333328,24.993997854033868,99.95506085209654
6.55,33.66,24.53,28.9,27.55,24.86,28.56,28.01,25.44639817592879,99.93774102626483
7.05,34.69,25.2,29.24,28.22,24.86,28.9,28.51833333333333,25.90718844953947,99.83661267829679
7.56,35.03,24.86,29.24,28.56,24.86,29.24,28.63166666666667,26.315860182108548,99.79743427132453
8.06,35.72,24.86,29.91,28.9,24.86,29.91,29.026666666666667,26.722481154792263,99.57192338917564
8.56,36.4,24.86,30.59,29.24,24.86,30.25,29.366666666666664,27.119108981573422,99.18643711297675
9.07,37.09,24.53,30.93,29.57,24.86,30.59,29.595000000000002,27.49049263433741,98.75006436797464
9.58,37.78,24.86,31.27,30.25,24.86,31.27,30.048333333333332,27.874168739186793,97.09192445443304
10.08,37.78,24.53,31.61,30.25,24.86,31.61,30.106666666666666,28.209043428308775,96.76210913649554
10.59,38.48,24.53,31.95,30.59,24.86,31.95,30.39333333333333,28.536686914062454,94.54563625941296
11.09,39.17,24.86,32.29,30.93,24.86,32.63,30.790000000000003,28.874683876953085,89.08059460991151
11.59,39.51,24.86,32.63,31.61,24.86,32.98,31.075000000000003,29.204731295410124,82.599432652177
12.1,40.21,24.53,32.98,31.61,24.86,33.32,31.251666666666665,29.511771601098605,77.23860211056491
12.6,40.21,24.86,33.66,31.95,24.86,33.66,31.533333333333328,29.815005860933812,66.52250003905826
13.11,40.56,24.53,33.66,32.29,24.86,34.0,31.649999999999995,30.090254981793738,61.41996427768974
13.61,40.9,24.53,34.0,32.29,24.86,34.0,31.763333333333332,30.34121673452467,95.03432170696733
14.11,41.25,24.53,34.34,32.98,24.86,34.69,32.10833333333333,30.606284224345973,39.99116292009965
14.62,41.25,24.86,34.69,32.98,24.86,34.69,32.221666666666664,30.84859159069407,87.94970501745138
15.13,41.95,24.86,35.03,33.32,24.86,35.37,32.565,31.10605285208996,85.6668916957071
15.63,41.95,24.86,35.03,33.32,24.53,35.37,32.51,31.316644924276467,79.68481090034841
16.13,42.3,25.2,35.37,33.66,24.86,35.72,32.85166666666667,31.546898185634994,75.97873119237798
16.64,42.65,24.86,35.37,34.0,24.86,35.72,32.910000000000004,31.751363457789743,67.30773678323013
17.14,42.65,24.86,35.72,34.34,25.2,36.06,33.13833333333333,31.95940893912128,52.02843912437874
17.65,43.0,24.86,35.72,34.69,24.86,36.4,33.255,32.153747598253084,42.372625043454974
18.15,43.35,24.53,36.06,34.69,24.86,36.75,33.373333333333335,32.33668545851512,30.159747176966523
18.66,43.0,24.53,36.06,35.03,24.86,36.75,33.37166666666667,32.491932639737854,24.32999279061172
19.16,43.35,24.53,36.75,35.37,24.86,37.09,33.65833333333334,32.666892743777176,18.738437653308164
19.67,43.35,24.86,36.75,35.37,24.86,37.09,33.71333333333333,32.8238588322106,14.61238286472504
20.17,43.0,24.86,36.75,35.72,24.86,37.09,33.71333333333333,32.957280007379005,11.723981713696844
20.68,42.65,24.86,36.4,35.37,24.86,37.44,33.596666666666664,33.05318800627215,9.965559130637688
21.18,42.65,24.86,36.4,35.72,24.53,36.75,33.485,33.117959805331324,8.914466150356722
21.69,42.3,24.53,36.4,35.72,24.86,37.09,33.483333333333334,33.172765834531624,8.10433252814974
22.19,41.95,24.53,36.4,35.37,24.86,37.09,33.36666666666667,33.20185095935188,7.7021820911224435
22.69,41.95,25.2,36.4,35.72,24.86,37.44,33.595,33.2608233154491,6.942444065795643
23.2,41.6,24.86,36.4,35.72,24.86,37.09,33.42166666666667,33.284949818131736,6.652075937926111
23.7,41.6,24.86,36.06,35.72,24.86,37.09,33.365,33.296957345411975,6.511802149840522
24.21,41.25,24.53,36.4,35.72,24.86,37.09,33.30833333333333,33.29866374360017,6.9310616900590984
24.71,40.9,24.86,36.06,35.72,25.2,37.09,33.305,33.29961418206015,6.918809802993654
25.22,40.9,24.86,36.06,35.72,25.2,36.75,33.24833333333333,33.291922054751126,7.494932405113844
25.72,40.56,24.86,35.72,35.72,25.2,36.75,33.135,33.268383746538454,7.844925449738946
26.23,40.56,24.86,36.06,35.37,24.86,36.4,33.01833333333333,33.23087618455769,9.046852484380025
26.73,40.56,24.86,35.37,35.72,24.86,36.75,33.02,33.19924475687403,9.636012261172233
27.24,40.56,24.86,35.72,35.37,24.86,36.4,32.961666666666666,33.163608043342926,11.142191464893875
27.74,40.21,24.53,35.37,35.37,25.2,36.4,32.84666666666667,33.11606683684148,12.271646334413758
28.24,39.86,25.2,35.37,35.72,24.86,36.06,32.845,33.07540681131526,14.418261686111041
28.75,39.86,24.86,35.37,35.37,25.2,36.06,32.78666666666667,33.03209578961797,15.748916040193015
29.25,39.51,24.53,35.37,35.37,25.2,36.06,32.67333333333333,32.978281421175275,19.066367422768874
29.76,39.86,24.86,35.03,35.03,24.86,36.06,32.61666666666667,32.92403920799898,21.247044229234284
30.27,39.51,24.86,35.03,35.37,25.2,35.72,32.615,32.877683326799136,25.31321363499664
30.77,39.51,24.86,35.03,35.37,25.2,36.06,32.67166666666667,32.84678082777926,26.862103473733583
31.27,39.51,25.2,35.03,35.37,25.2,36.06,32.72833333333333,32.82901370361237,30.18851466260498
31.78,39.86,24.53,35.37,35.03,25.2,35.37,32.559999999999995,32.788661648070516,32.53293812255616
32.28,39.51,25.2,35.03,35.37,25.53,35.72,32.72666666666667,32.77936240085993,35.842314544089845
32.79,39.86,24.86,35.37,35.37,25.2,35.72,32.73,32.771958040730944,36.32045040145459
33.29,39.86,24.86,35.37,35.37,25.2,35.72,32.73,32.7656643346213,39.64146800919145
33.79,40.21,25.2,35.37,35.37,25.53,36.06,32.95666666666667,32.7943146844281,37.67155540914368
34.3,40.21,24.53,35.37,35.72,25.53,36.06,32.903333333333336,32.81066748176389,39.36482676347759
34.81,40.21,24.86,35.37,35.72,25.2,36.06,32.90333333333333,32.824567359499305,38.374038640906974
35.31,40.56,25.2,35.72,35.37,25.2,36.06,33.01833333333333,32.853632255574404,39.025035346304215
35.82,40.9,25.2,35.72,35.72,25.2,36.06,33.13333333333333,32.89558741723824,35.97795716426756
36.32,40.56,24.86,35.72,35.72,25.2,36.4,33.07666666666667,32.922749304652505,36.52155477598207
36.83,40.9,25.2,35.37,35.72,25.53,36.06,33.13,32.95383690895463,34.247635452820745
37.33,41.25,25.2,35.72,36.06,25.53,36.4,33.36000000000001,33.01476137261143,30.001290844511814
37.83,41.25,25.53,36.06,35.72,25.53,36.75,33.473333333333336,33.08354716671971,25.590718971243337
38.34,41.25,25.2,36.06,35.72,25.53,36.4,33.36000000000001,33.12501509171175,21.62683324715631
38.84,40.9,25.2,36.06,36.06,25.53,36.75,33.416666666666664,33.16876282795499,19.416592740155217
39.34,41.25,25.53,36.4,36.06,25.53,36.75,33.586666666666666,33.23144840376174,15.520525690489539
39.85,41.25,25.2,36.4,36.06,25.53,36.75,33.531666666666666,33.27648114319748,13.830458989502048
40.36,41.25,25.53,36.06,36.06,25.53,36.75,33.53,33.314508971717856,12.526089925349492
40.86,40.9,25.53,36.06,36.06,25.53,36.75,33.47166666666667,33.33808262596018,11.77150837498088
41.37,40.9,25.2,36.4,36.06,25.87,36.75,33.53,33.366870232066155,10.903747892709395
41.87,40.9,25.2,36.4,36.06,25.53,36.75,33.473333333333336,33.38283969725623,10.446968950285932
42.37,40.9,25.53,36.06,36.4,25.53,36.75,33.528333333333336,33.40466374266779,10.391541111135648
42.88,40.9,25.2,36.06,36.06,25.87,36.75,33.473333333333336,33.41496418126762,10.097944094169613
43.38,40.9,25.53,36.06,36.4,25.53,36.75,33.528333333333336,33.431969554077476,10.13510192833937
43.89,40.56,25.2,36.06,36.4,25.87,36.75,33.473333333333336,33.438174120965854,9.955694019686343
44.39,40.56,25.2,36.06,36.4,25.87,36.75,33.473333333333336,33.44344800282097,10.308766258739828
44.9,40.21,25.2,36.06,36.06,25.87,36.4,33.300000000000004,33.42193080239783,10.98404705416503
45.4,40.21,25.53,35.72,36.06,25.87,36.4,33.29833333333334,33.40339118203815,12.222464264805408
45.91,40.21,25.2,35.72,36.06,25.87,36.4,33.24333333333333,33.379382504732426,13.125581294624217
46.42,39.86,25.53,35.72,36.4,25.87,36.4,33.29666666666667,33.36697512902256,14.375907885052145
46.92,39.86,25.2,35.72,36.06,25.87,36.4,33.185,33.33967885966918,15.592371309213155
47.42,39.86,25.2,35.72,36.06,26.2,36.4,33.24,33.324727030718805,17.235652700651645
47.93,39.86,25.53,35.72,36.06,25.53,36.06,33.12666666666667,33.295017976110984,18.815173569870396
48.43,40.21,25.53,35.72,36.06,25.87,36.4,33.29833333333334,33.29551527969433,19.88644797917443
48.94,39.86,25.87,35.72,36.06,25.87,36.06,33.24,33.287187987740175,20.381878047092005
49.44,39.86,25.53,35.37,36.06,25.87,36.06,33.125,33.26285978957915,23.167679654807383
49.95,39.86,25.53,35.72,36.06,25.87,36.4,33.24,33.25943082114228,23.400429006077612
50.45,39.51,25.87,35.37,36.06,25.87,36.4,33.18,33.24751619797094,25.629541056002815
50.96,39.86,25.53,35.72,36.06,26.2,36.4,33.295,33.25463876827529,25.10366330273849
51.46,39.86,25.87,35.72,36.06,26.2,36.4,33.35166666666667,33.269192953034,25.41174072158511
51.97,40.21,25.53,35.37,36.06,26.2,36.4,33.295,33.2730640100789,25.11936893937181
52.47,40.21,25.53,35.72,36.06,26.2,36.06,33.29666666666667,33.27660440856706,26.229424846417704
52.97,40.21,26.2,35.72,36.06,26.2,36.06,33.40833333333333,33.296363747282,24.692291989482236
53.48,40.21,25.53,35.72,36.06,26.2,36.4,33.35333333333333,33.3049091851897,25.338897440690307
53.98,40.21,25.87,35.72,36.06,26.2,36.4,33.410000000000004,33.32067280741124,24.10693427619274
54.49,40.21,25.87,36.06,35.72,25.87,36.06,33.29833333333334,33.31732188629955,25.64534682052958
54.99,40.56,26.2,35.72,36.4,26.2,36.4,33.58,33.356723603354624,22.549755604624394
55.49,40.56,26.2,36.06,36.06,26.2,36.4,33.58,33.390215062851425,21.132680214144187
56.0,40.21,25.87,35.72,36.06,26.2,36.4,33.410000000000004,33.39318280342371,20.915864814349693
56.5,40.56,26.2,35.72,36.4,26.54,36.4,33.63666666666666,33.42970538291015,19.252684318361286
57.01,40.56,26.2,36.06,36.4,26.54,36.4,33.693333333333335,33.469249575473626,16.636339085819237
57.51,40.56,25.87,36.06,36.4,26.54,36.4,33.638333333333335,33.494612139152586,15.773001027234077
58.02,40.56,25.87,36.06,36.4,26.54,36.75,33.696666666666665,33.52492031827969,14.007906158987069
58.52,40.56,25.53,36.06,36.4,26.54,36.4,33.58166666666667,33.53343227053774,14.098514662935354
59.02,40.21,25.87,36.06,36.4,26.2,36.4,33.52333333333333,33.531917429957076,14.184961379577556
59.53,40.56,25.53,36.06,36.4,26.54,36.75,33.64,33.54812981546351,13.811643626298173
60.04,40.21,26.2,35.72,36.4,26.54,36.4,33.57833333333333,33.552660343143984,13.554803655079354
60.54,40.56,25.53,35.72,36.4,26.87,36.75,33.638333333333335,33.56551129167239,13.342544041954085
61.05,40.21,26.2,35.72,36.4,26.54,36.4,33.57833333333333,33.567434597921526,13.233954465254236
61.55,40.21,26.2,36.06,36.4,26.54,36.4,33.635,33.5775694082333,13.14901433734261
62.06,40.21,26.2,35.72,36.4,26.87,36.4,33.63333333333333,33.58593399699831,12.67871122902606
62.56,40.21,25.87,35.72,36.4,26.87,36.4,33.57833333333333,33.584793897448556,13.210784362055852
63.06,39.86,26.2,35.72,36.06,26.54,36.4,33.46333333333333,33.56657481283127,14.313016698049388
63.57,39.86,25.87,35.72,36.4,26.54,36.4,33.464999999999996,33.55133859090658,15.882982087759185
64.07,40.21,25.87,35.72,36.4,26.87,36.4,33.57833333333333,33.555387802270594,15.603685834845482
64.58,39.86,26.2,35.72,36.06,26.54,36.4,33.46333333333333,33.541579631930006,17.2163359642764
65.08,39.86,26.2,35.72,36.4,26.54,36.4,33.52,33.5383426871405,17.462222824537825
65.58,39.86,25.87,35.72,36.06,26.87,36.4,33.46333333333333,33.52709128406943,19.057274280936763
66.09,39.86,26.54,35.72,36.4,26.87,36.4,33.63166666666667,33.542777591459014,17.784756807583484
66.59,39.86,26.54,35.72,36.06,26.87,36.4,33.575,33.54761095274016,18.066326928481967
67.1,39.86,26.2,35.72,36.06,26.54,36.4,33.46333333333333,33.53496930982913,19.118460782107334
67.6,40.21,26.2,35.72,36.06,26.87,36.4,33.57666666666667,33.54122391335476,19.296566928607366
68.1,39.86,26.2,36.06,36.4,27.21,36.4,33.68833333333334,33.56329032635155,17.444796010321504
68.61,39.86,26.54,35.37,36.06,26.87,36.4,33.51666666666667,33.55629677739881,18.680712825007408
69.11,39.86,26.2,35.37,36.4,26.87,36.06,33.46,33.54185226078899,19.963808185741684
69.62,40.21,26.2,35.72,36.06,27.21,36.06,33.57666666666667,33.54707442167064,20.213048002479418
70.13,39.86,26.2,36.06,36.4,26.87,36.4,33.63166666666667,33.55976325842004,19.052123245910472
70.63,39.86,26.2,35.72,36.4,26.87,36.4,33.575,33.56204876965703,19.527563512043468
71.14,39.86,26.54,35.37,36.06,26.87,36.06,33.46,33.54674145420848,20.985915820402578
71.64,39.86,26.54,35.72,36.4,27.21,36.06,33.63166666666667,33.559480236077206,20.474762133470296
72.14,39.86,26.54,35.72,36.06,26.87,36.4,33.575,33.561808200665624,20.248267939820668
72.65,39.86,26.2,35.72,36.4,27.21,36.06,33.575,33.56378697056578,20.765801655846314
73.15,40.21,26.2,35.72,36.06,27.21,36.4,33.63333333333333,33.57421892498091,19.73823968289905
73.65,40.21,26.54,35.72,36.4,27.21,36.4,33.74666666666667,33.60008608623377,17.93829377133366
74.16,40.21,26.54,35.72,36.4,27.21,36.4,33.74666666666667,33.6220731732987,16.018480597931134
74.66,40.21,26.54,35.37,36.06,26.87,36.06,33.51833333333334,33.6065121973039,17.93103613204064
75.17,40.21,26.87,35.72,36.4,27.21,36.4,33.80166666666667,33.63578536770831,15.375508753371955
75.67,40.56,26.54,35.72,36.4,27.55,36.4,33.86166666666667,33.669667562552064,13.171581245574728
76.17,39.86,26.54,35.72,36.75,27.21,36.75,33.805,33.689967428169254,11.755485627025218
76.68,40.21,26.54,35.72,36.4,27.55,36.4,33.803333333333335,33.706972313943865,10.955252129560419
77.18,39.86,26.87,35.72,36.4,26.87,36.06,33.63,33.69542646685229,11.709086485383885
77.69,40.21,26.54,35.72,36.4,27.55,36.4,33.803333333333335,33.71161249682444,10.942358301073593
78.19,39.86,26.54,35.72,36.4,27.21,36.4,33.68833333333334,33.70812062230078,11.168975170714184
78.69,39.86,26.87,36.06,36.75,27.21,36.4,33.85833333333334,33.730652528955666,10.016686060487494
79.2,39.86,26.54,35.72,36.4,27.21,36.4,33.68833333333334,33.724304649612314,10.406602646998982
79.7,39.86,27.21,35.72,36.4,27.21,36.4,33.800000000000004,33.73565895217046,9.952792686156153
80.21,39.86,26.54,36.06,36.4,27.55,36.06,33.745000000000005,33.737060109344895,9.867727130999091
80.72,39.51,26.54,35.72,36.4,27.55,36.4,33.68666666666667,33.72950109294315,10.587773512038451
81.22,39.51,26.54,35.72,36.4,27.21,36.4,33.63,33.714575929001676,11.603004481556578
81.72,39.51,26.87,35.72,36.4,27.55,36.06,33.685,33.71013953965143,12.228400998590262
82.23,39.51,27.21,35.72,36.06,27.55,36.06,33.685,33.70636860870371,12.51455290692144
82.73,39.51,26.87,35.72,36.4,27.55,36.4,33.74166666666667,33.71166331739815,12.424732799236429
83.24,39.51,26.54,35.72,36.4,27.55,36.06,33.63,33.699413819788425,13.40240215483968
83.74,39.51,27.21,35.37,36.4,27.55,36.4,33.74,33.70550174682016,13.243338007184951
84.25,39.51,26.87,35.72,36.06,27.55,36.06,33.62833333333334,33.69392648479714,14.230563790363144
84.75,39.51,26.87,35.72,36.06,27.55,36.06,33.62833333333334,33.68408751207757,15.52716624116951
85.26,39.51,26.87,35.72,36.4,27.55,36.06,33.685,33.684224385265935,15.51406534785708
85.77,39.17,26.87,35.37,36.4,27.55,36.06,33.57,33.667090727476044,17.704881741823126
86.27,39.17,26.54,35.72,36.06,27.55,36.06,33.51666666666667,33.64452711835464,20.270053174288833
86.77,39.17,26.87,35.37,36.06,27.55,35.72,33.45666666666667,33.61634805060144,24.55274060443063
87.28,39.17,26.87,35.72,36.06,27.55,36.06,33.571666666666665,33.60964584301122,25.495760951748874
87.78,39.51,26.87,35.37,36.06,27.55,36.06,33.57,33.603698966559534,27.12851254193136
88.29,39.51,27.21,35.72,36.4,27.55,36.06,33.74166666666667,33.624394121575605,24.13311506847399
88.79,39.51,26.87,35.72,36.06,27.55,36.06,33.62833333333334,33.62498500333926,24.74266065757395
89.29,39.51,27.21,35.72,36.06,27.88,36.06,33.74,33.64223725283838,22.352748798784866
89.8,39.86,27.21,35.72,36.4,27.55,36.06,33.800000000000004,33.66590166491262,19.87646940040896
90.31,39.51,26.87,35.72,36.4,27.55,36.06,33.685,33.668766415175725,19.52300209345676
90.81,39.86,26.87,35.72,36.4,27.88,36.4,33.855,33.69670145289936,16.743145963735113
91.32,39.86,26.87,35.72,36.4,27.55,36.4,33.800000000000004,33.71219623496446,15.105501756727516
91.82,39.86,27.21,35.37,36.06,27.55,36.06,33.685,33.70811679971979,15.910072428996974
92.32,39.86,27.21,35.72,36.4,27.88,36.4,33.91166666666667,33.73864927976182,12.907140236521025
92.83,39.86,26.87,35.72,36.4,27.55,36.4,33.800000000000004,33.747851887797545,12.372698584832817
93.33,39.51,27.21,35.72,36.06,27.55,36.06,33.685,33.73842410462791,13.224705488813774
93.83,39.86,27.55,36.06,36.4,27.88,36.4,34.025,33.78141048893372,9.907311352103148
94.34,39.51,27.21,35.37,36.06,27.55,36.4,33.68333333333334,33.766698915593665,11.037355253778212
94.84,39.86,27.21,35.72,36.4,27.88,36.4,33.91166666666667,33.788444078254614,9.586082965250972
95.35,39.51,26.87,35.37,36.06,27.88,36.06,33.625,33.76392746651642,11.500585672718179
95.85,39.51,27.21,35.72,36.4,27.88,36.4,33.85333333333333,33.777338346538954,10.624897207848704
96.36,39.51,27.55,35.72,36.4,27.88,36.4,33.910000000000004,33.79723759455811,9.138867984230108
96.86,39.51,27.21,35.72,36.4,27.88,36.4,33.85333333333333,33.805651955374394,8.568664089218323
97.37,39.17,27.55,35.37,36.4,27.88,36.4,33.795,33.80405416206823,8.674400174704944
97.87,39.51,26.87,35.37,36.4,27.88,36.4,33.73833333333334,33.794196037758,9.52920049191232
98.37,39.17,27.21,35.72,36.4,27.88,36.4,33.79666666666667,33.794566632094295,9.5020780411523
98.88,39.17,27.21,35.72,36.4,27.88,36.06,33.74,33.78638163728015,10.313356247629631
99.38,39.51,27.21,35.37,36.4,27.88,36.06,33.73833333333334,33.77917439168813,10.900939921428941
99.89,39.17,27.21,35.72,36.06,28.22,36.06,33.74,33.77329823293491,11.632569115600639
100.4,39.17,27.21,35.37,36.4,27.88,36.4,33.73833333333334,33.76805349799467,12.109883374115082
100.9,39.17,27.21,35.37,36.06,27.88,36.06,33.625,33.74659547329547,14.553733409832045
101.41,39.17,27.21,35.37,36.4,27.88,36.06,33.681666666666665,33.73685615230115,15.65224098539854
101.91,39.17,27.21,35.72,36.4,27.88,36.06,33.74,33.73732772945598,15.946464337024743
102.42,39.17,27.55,35.03,36.06,28.22,35.72,33.625,33.72047857003758,18.060421029052943
102.92,39.17,27.55,34.69,35.72,27.88,35.72,33.455,33.68065678453194,24.491648931934794
103.42,38.82,27.21,34.69,35.37,28.22,35.37,33.28,33.62055826685215,35.777730018556284
103.93,38.82,27.55,34.34,35.03,27.55,35.03,33.053333333333335,33.53547452682432,55.655243045186985
104.43,38.82,27.21,34.0,35.03,27.55,35.03,32.940000000000005,33.446153347800674,73.88508811172845
104.94,39.17,27.21,34.0,34.69,27.55,35.03,32.94166666666667,33.370480345630575,85.71209803557561
105.44,39.17,27.55,33.66,34.69,27.55,35.03,32.94166666666667,33.30615829378599,91.55483270383581
105.95,39.86,27.21,33.66,34.69,27.55,34.69,32.943333333333335,33.25173454971809,95.0680977497734
106.45,40.21,27.21,34.0,34.34,27.88,35.03,33.111666666666665,33.23072436726037,95.9076382738447
106.96,40.9,26.87,34.0,34.69,27.55,35.03,33.17333333333333,33.22211571217131,96.48420046338575
107.46,41.25,27.21,34.0,34.34,27.55,35.03,33.230000000000004,33.22329835534561,96.44629450660894
107.97,41.95,27.21,34.34,34.34,27.88,35.37,33.515,33.267053602043774,95.0873889998469
108.47,42.3,27.21,34.34,34.69,27.55,35.37,33.57666666666667,33.313495561737206,92.56554810086736
108.97,42.65,27.21,34.69,34.69,27.88,35.72,33.806666666666665,33.387471227476624,86.0448894187508
109.48,42.65,27.21,35.03,34.69,27.55,35.72,33.80833333333333,33.45060054335513,77.1939430228355
109.98,43.7,27.21,35.03,34.69,27.88,36.06,34.095,33.54726046185186,56.35916701063507
110.49,43.7,27.21,35.37,35.03,27.88,36.06,34.208333333333336,33.64642139257408,33.70739528659422
111.0,44.05,26.87,35.37,35.37,27.55,36.4,34.26833333333334,33.73970818368797,17.089661025834598
111.5,44.05,27.21,35.37,35.37,27.55,36.4,34.325,33.827501956134775,8.349596274248574
112.0,44.05,27.21,35.72,35.03,27.55,36.4,34.32666666666667,33.90237666271456,4.303037880906613
112.51,43.7,26.87,35.37,35.37,27.55,36.4,34.21,33.94852016330737,2.857073531788057
113.01,43.35,26.87,35.72,35.37,27.55,36.75,34.26833333333334,33.99649213881126,1.8558792174022791
113.52,43.35,27.21,35.37,35.37,27.55,36.4,34.208333333333336,34.02826831798958,0.0
114.02,42.65,26.87,35.37,35.03,27.55,36.4,33.97833333333333,34.020778070291136,0.0
114.52,42.3,27.21,35.03,35.03,27.55,36.06,33.86333333333334,33.997161359747466,1.8448192942155692
115.03,42.3,26.87,35.03,35.03,27.55,36.06,33.80666666666667,33.96858715578535,2.379625469215746
115.54,41.6,27.21,34.69,35.03,27.88,35.72,33.68833333333333,33.926549082417544,3.4503002261495017
116.04,41.6,27.21,34.69,34.69,27.55,35.72,33.57666666666667,33.87406672005491,5.447455165261298
116.55,41.25,26.87,34.69,34.69,27.55,35.72,33.461666666666666,33.812206712046674,9.186432077152574
117.05,40.9,26.87,34.34,34.34,27.55,35.37,33.22833333333333,33.724625705239674,18.746657511604774
117.56,40.56,27.21,34.34,34.69,27.88,35.03,33.285000000000004,33.65868184945372,29.736587714918567
118.06,40.56,26.87,34.0,34.34,27.55,35.37,33.115,33.57712957203566,48.318009400421
118.56,40.56,26.87,33.66,34.34,27.88,35.03,33.056666666666665,33.499060136230305,65.8977454895291
119.07,40.56,27.21,33.66,34.34,27.55,35.03,33.05833333333334,33.43295111579576,79.08835577952145
119.57,40.56,27.21,33.66,34.34,27.88,34.69,33.056666666666665,33.37650844842639,86.53925652175282
120.08,40.56,27.21,33.66,34.34,27.55,34.69,33.00166666666667,33.32028218116243,92.10950506187126
120.59,40.9,27.21,33.66,34.34,27.55,34.69,33.05833333333334,33.28098985398807,94.43069751642578
121.09,41.6,26.87,34.0,34.34,27.55,35.03,33.23166666666667,33.27359137588986,95.13635393554333
121.59,41.6,26.87,34.0,34.69,27.55,35.03,33.29,33.27605266950638,95.02584959648362
122.1,42.3,26.87,34.34,34.69,27.55,35.37,33.52,33.31264476908042,93.50720711482738
122.6,42.65,27.21,34.34,34.69,27.55,35.37,33.635,33.360998053718355,90.00984440428029
123.11,43.35,26.87,34.69,35.03,27.55,35.37,33.81,33.4283483456606,82.41934526261781
123.61,43.35,26.87,35.03,35.03,27.55,35.72,33.925000000000004,33.502846093811506,69.47440480265425
124.12,43.7,26.87,35.03,35.03,27.55,35.72,33.983333333333334,33.57491917973978,52.018299574788784
124.62,44.05,26.54,35.37,35.37,27.55,36.06,34.15666666666667,33.66218130277882,31.931088356997243
125.12,44.05,26.87,35.37,35.72,27.55,36.06,34.27,33.75335410736199,16.01834142510094
125.63,43.35,26.87,35.03,35.37,27.55,36.4,34.095000000000006,33.80460099125769,10.492051912752677
126.14,44.4,27.21,35.37,35.37,27.21,36.75,34.385,33.89166084256904,4.826353257739273
126.64,43.7,26.54,35.37,35.72,27.55,36.4,34.21333333333334,33.93991171618368,3.1214208564408876
127.15,43.7,26.87,35.03,35.37,27.55,36.4,34.153333333333336,33.97192495875613,2.32278342254204
127.65,43.35,26.87,35.37,35.37,27.55,36.4,34.15166666666667,33.99888621494271,1.8170080206418662
128.16,43.0,26.87,35.03,35.37,27.21,36.4,33.980000000000004,33.9960532827013,1.8646111176291065
128.66,42.65,26.54,35.03,35.37,27.21,36.4,33.86666666666667,33.9766452902961,2.225241068932895
129.16,42.3,26.54,34.69,35.37,27.21,35.72,33.638333333333335,33.925898496751685,3.520063587622402
129.67,41.95,26.87,34.69,35.03,27.21,35.72,33.57833333333334,33.87376372223893,5.593511092424448
130.17,41.6,26.54,34.34,35.03,27.55,35.72,33.46333333333333,33.81219916390309,9.505209882655022
130.68,41.25,26.87,34.34,35.03,27.21,35.72,33.403333333333336,33.75086928931763,15.668747656143346
131.19,41.25,26.54,34.0,35.03,27.55,35.37,33.29,33.68173889591998,26.730374005487974
131.69,40.56,26.87,34.0,34.69,27.21,35.03,33.06,33.58847806153198,46.71240563172087
132.2,40.56,26.54,33.66,34.69,27.21,35.03,32.94833333333333,33.49245635230218,69.45895854650132
132.7,40.56,26.54,33.66,34.34,27.21,35.03,32.89,33.40208789945685,84.29263726611063
133.2,40.9,26.54,34.0,34.69,27.21,35.03,33.06166666666667,33.35102471453832,90.29256243009381
133.71,40.9,26.87,33.66,34.69,27.21,34.69,33.00333333333334,33.29887100735757,93.88220045523445
134.21,41.25,26.87,34.0,34.34,27.21,35.03,33.11666666666667,33.27154035625393,95.54707785053851
134.72,41.6,26.87,34.34,34.69,27.21,35.03,33.29,33.27430930281584,95.43139524845067
135.22,41.95,26.87,34.34,34.69,27.21,35.37,33.40500000000001,33.29391290739346,94.88094725412982
135.73,42.3,26.87,34.34,34.69,27.21,35.37,33.46333333333333,33.31932597128444,93.52696970760397
136.23,42.65,26.54,34.69,34.69,27.55,35.72,33.64,33.36742707559178,90.57209241178975
136.74,43.35,26.54,34.69,35.03,27.55,35.72,33.81333333333334,33.43431301425301,83.20604720344956
137.24,43.35,26.87,35.03,34.69,27.21,36.06,33.86833333333333,33.49941606211506,71.21240757662643
137.74,44.05,26.54,35.37,35.03,27.21,36.06,34.04333333333334,33.5810036527978,52.65161503863827
138.25,44.05,26.2,35.37,35.37,27.21,36.4,34.1,33.658853104878126,33.38384273263223
138.75,44.4,26.54,35.37,35.37,27.21,36.4,34.215,33.74227513914641,18.24152553393922
139.26,44.4,26.54,35.72,35.37,27.55,36.75,34.388333333333335,33.839183868274446,7.898887210773556
139.76,44.05,26.54,35.37,35.37,27.21,36.75,34.215,33.895556288033276,4.754617132737094
140.27,44.05,26.54,35.37,35.72,27.21,36.75,34.27333333333333,33.952222844828285,2.802816239488232
140.78,44.05,26.54,35.37,35.72,27.21,36.75,34.27333333333333,34.000389418104035,0.0
141.28,43.35,26.54,35.37,35.37,27.21,36.75,34.098333333333336,34.01508100538843,0.0
141.79,43.0,26.2,35.37,35.37,27.21,36.4,33.925000000000004,34.001568854580164,0.0
142.29,42.65,26.54,35.03,35.37,27.21,36.4,33.86666666666667,33.981333526393136,2.1401331034716633
142.79,42.65,26.2,34.69,35.37,27.21,36.4,33.75333333333334,33.947133497434166,2.937579823022936
143.3,41.6,26.87,34.34,35.03,27.21,36.06,33.51833333333334,33.882813472819045,5.28135590218287
143.8,41.6,26.54,34.34,35.03,27.21,36.06,33.46333333333333,33.81989145189618,9.204069082971596
144.3,41.25,26.54,34.34,34.69,27.21,35.72,33.291666666666664,33.74065773411175,18.089222636291698
144.81,40.9,26.54,34.34,34.69,27.21,35.72,33.233333333333334,33.66455907399499,31.43700812833563
145.31,40.56,26.54,34.0,34.69,27.21,35.37,33.06166666666667,33.57412521289574,53.269961930894496
145.82,40.56,26.87,34.0,34.34,27.21,35.37,33.05833333333334,33.496756430961376,70.71252201131534
146.33,40.9,26.54,34.0,34.34,27.21,35.37,33.06,33.43124296631717,82.83273456418736
146.83,40.9,26.54,34.0,34.34,27.21,35.37,33.06,33.375556521369596,89.27884903192268
147.34,40.9,26.2,33.66,34.34,27.21,35.37,32.946666666666665,33.311223043164155,94.36882086278374
147.84,41.6,26.54,34.0,34.34,26.87,35.72,33.178333333333335,33.29128958668953,95.33021193732608
148.35,41.6,26.54,34.0,34.34,26.87,35.37,33.120000000000005,33.2655961486861,96.59090759369518
148.85,42.3,26.2,34.0,34.34,26.87,35.72,33.23833333333334,33.26150672638319,96.72303132415375
149.35,42.65,26.2,34.34,34.69,27.21,36.06,33.525,33.301030717425704,95.51947426243794
149.86,43.0,26.54,34.69,34.69,27.21,36.06,33.69833333333333,33.36062610981185,92.11209939743853
150.36,43.35,26.2,34.69,35.03,27.21,36.06,33.75666666666667,33.42003219334006,86.50257023044763
150.87,43.7,26.54,35.03,35.03,27.21,36.4,33.98500000000001,33.504777364339056,73.14022392851709
151.38,44.05,26.87,35.03,35.37,27.21,36.4,34.155,33.602310759688194,49.422335781904486
151.88,44.4,26.54,35.37,35.03,26.87,36.75,34.160000000000004,33.685964145734964,29.74142609331946
152.39,44.4,26.54,35.72,35.37,26.87,37.09,34.33166666666667,33.782819523874714,13.588307850506066
152.89,44.4,26.2,35.37,35.72,26.87,37.09,34.275,33.856646595293505,7.038428394366932
153.4,44.4,26.87,35.37,35.37,27.21,37.44,34.443333333333335,33.94464960599948,3.0544020243783554
153.9,44.05,26.54,35.37,35.37,26.87,37.44,34.27333333333333,33.99395216509956,1.9063518655568021
154.41,43.7,26.54,35.37,35.37,26.87,37.09,34.15666666666667,34.01835934033463,0.0
154.91,43.7,26.2,35.37,35.72,27.21,37.09,34.215,34.047855439284426,0.0
155.41,43.0,26.54,35.03,35.37,27.21,37.09,34.04,34.04667712339177,0.0
155.92,42.65,26.54,35.03,35.37,27.21,36.75,33.925000000000004,34.028425554883,0.0
156.42,42.3,26.2,35.03,35.37,27.21,36.75,33.81,33.99566172165055,1.8752735022276816
156.93,42.3,26.2,34.34,35.03,26.87,36.75,33.58166666666667,33.933562463402964,3.393080555401911
157.43,41.6,26.54,34.69,35.03,26.87,36.75,33.580000000000005,33.880528093892515,5.576780781634415
157.93,40.9,26.54,34.0,34.69,26.87,36.06,33.17666666666667,33.77494887980864,14.252201550255297
158.44,40.9,26.54,34.0,34.69,26.87,36.06,33.17666666666667,33.68520654783734,29.244374329197143
158.94,40.9,26.2,34.0,34.69,26.87,36.06,33.12,33.60042556566174,48.89485252121482
159.45,40.9,26.2,33.66,34.34,26.87,36.06,33.005,33.51111173081247,70.86595455882568
159.95,40.56,26.2,34.0,34.34,26.87,35.72,32.94833333333334,33.4266949711906,84.98021698336547
160.46,40.9,25.87,33.66,34.0,26.87,35.72,32.836666666666666,33.33819072551201,93.6092266768519
160.96,40.9,26.2,33.66,34.0,26.87,36.06,32.94833333333333,33.279712116685204,96.35578909311405
161.47,41.25,26.2,34.0,34.34,26.87,36.06,33.120000000000005,33.255755299182425,97.31767311194405
161.97,41.6,26.54,34.0,34.34,26.87,36.06,33.23500000000001,33.25264200430506,97.39933336501306
162.48,42.3,26.2,34.0,34.0,26.87,36.4,33.295,33.258995703659295,97.42276866802378
162.98,42.65,26.54,34.34,34.69,26.87,36.4,33.58166666666667,33.3073963481104,95.82663342360904
163.49,43.0,26.54,34.34,34.69,26.87,37.09,33.755,33.37453689589384,92.447877032714
163.99,43.0,26.2,34.34,34.34,26.87,37.09,33.64,33.41435636150976,88.99953734901392
164.5,43.35,26.2,34.69,34.34,26.54,37.44,33.76,33.4662029072833,81.72924283989538
165.0,44.05,26.2,35.03,34.69,26.87,37.44,34.04666666666667,33.5532724711908,64.59521935426514
165.5,44.05,26.2,35.03,35.03,26.87,37.78,34.160000000000004,33.64428160051218,40.813699072511476
166.01,44.75,26.2,35.37,35.03,26.87,38.13,34.391666666666666,33.75638936043535,18.01736448348319
166.52,44.75,26.54,35.72,35.37,26.87,38.13,34.56333333333333,33.87743095637005,5.672834724817323
167.02,44.4,26.2,35.37,35.37,26.87,38.13,34.39,33.95431631291454,2.773675315971066
167.53,44.4,26.2,35.37,34.34,26.87,38.48,34.276666666666664,34.002668865977355,0.0
168.03,43.7,25.87,35.03,35.37,26.87,38.13,34.16166666666667,34.02651853608075,0.0
168.53,43.7,26.54,35.03,35.37,26.87,38.48,34.33166666666667,34.07229075566864,0.0
169.04,43.0,25.87,35.03,35.37,26.87,38.13,34.045,34.06819714231834,0.0
169.54,42.65,26.2,34.69,35.03,26.54,38.13,33.87333333333333,34.038967570970584,0.0
170.04,42.3,26.2,34.69,35.03,26.54,37.78,33.75666666666667,33.996622435325,1.8574113750508796
170.55,41.95,26.54,34.69,35.03,26.87,37.78,33.81,33.968629070026246,2.42284251679971
171.06,41.6,26.2,34.34,35.03,26.87,37.78,33.63666666666667,33.918834709522315,3.869070989273904
171.56,40.9,26.2,34.0,34.69,26.87,37.44,33.35,33.833509503093964,8.432043962446784
172.07,40.9,25.87,34.0,34.34,26.87,37.44,33.23666666666667,33.74398307762987,17.99574414539339
172.57,40.56,26.2,33.66,34.34,26.54,37.09,33.065,33.64213561598539,37.920380462147385
173.07,40.21,26.2,34.0,34.34,26.87,37.09,33.11833333333333,33.56356527358758,56.882537508477405
173.58,40.21,26.54,33.66,34.34,26.87,37.09,33.11833333333333,33.49678048254944,72.74797465152581
174.08,40.21,26.2,33.32,34.0,26.54,37.09,32.89333333333333,33.40626341016702,86.73803406741516
174.59,40.21,26.54,33.66,34.34,26.54,37.09,33.06333333333333,33.35482389864196,92.06901349948939
175.09,40.56,26.2,33.66,34.34,26.87,36.75,33.06333333333333,33.311100313845664,94.72998244819183
175.6,40.9,26.2,33.66,34.0,26.87,37.09,33.12,33.282435266768815,96.25797099279573
176.1,41.25,26.2,33.66,34.34,26.87,37.09,33.235,33.27531997675349,96.50839416194502
176.6,41.6,26.2,34.0,34.34,26.87,37.09,33.35,33.28652198024046,96.3647962935767
177.11,42.3,26.2,34.0,34.34,26.54,37.78,33.526666666666664,33.32254368320439,94.83412311967676
177.61,42.65,26.2,34.34,34.69,26.87,37.78,33.755,33.387412130723725,90.96735158762903
178.12,43.0,26.2,34.69,34.34,26.54,38.13,33.81666666666667,33.45180031111517,83.8411601015691
178.62,43.35,25.87,34.69,34.69,26.87,37.78,33.875,33.51528026444789,71.9935421718092
179.13,44.05,26.2,35.03,34.69,26.54,38.13,34.10666666666666,33.60398822478071,50.982876051182856
179.63,44.05,25.87,35.03,35.03,26.54,38.48,34.166666666666664,33.688389991063595,29.885862450737395
180.14,44.4,26.2,35.03,35.03,26.54,38.48,34.279999999999994,33.77713149240406,14.816982833447476
180.64,44.05,26.54,35.37,35.37,26.54,38.82,34.44833333333333,33.87781176854345,5.851817326060157
181.15,44.05,26.54,35.37,35.37,26.54,38.82,34.44833333333333,33.96339000326193,2.573327943715646
181.65,43.7,26.2,35.37,35.37,26.54,38.82,34.333333333333336,34.018881502772636,0.0
182.16,43.35,26.2,35.37,35.03,26.87,38.82,34.27333333333333,34.05704927735675,0.0
182.66,43.0,26.2,35.03,35.03,26.54,38.82,34.10333333333333,34.06399188575323,0.0
183.17,42.65,26.54,35.03,35.03,26.54,38.82,34.10166666666667,34.06964310289025,0.0
183.67,42.3,26.2,34.69,35.03,26.54,38.82,33.93,34.04869663745671,0.0
184.17,41.95,26.54,34.34,35.03,26.54,38.48,33.81333333333333,34.0133921418382,0.0
184.68,41.6,25.87,34.34,35.03,26.87,38.48,33.69833333333333,33.96613332056247,2.4971783732739503
185.18,41.25,26.2,34.0,35.03,26.54,38.48,33.583333333333336,33.9087133224781,4.326171182817456
185.69,40.56,26.2,33.66,34.34,26.54,38.13,33.23833333333333,33.808156324106385,10.902417882583604
186.19,40.56,25.87,34.0,34.69,26.54,38.13,33.29833333333333,33.73168287549042,20.69087405147539
186.7,40.21,25.87,33.66,34.34,26.54,37.78,33.06666666666666,33.63193044416686,42.08452700931794
187.2,40.21,25.87,33.66,34.34,26.87,37.44,33.065,33.54689087754183,62.97375867951776
187.71,40.21,25.87,33.32,34.0,26.54,37.44,32.89666666666667,33.44935724591055,82.65673146983993
188.21,40.21,26.2,33.32,34.34,26.54,37.44,33.00833333333333,33.38320365902397,90.28800628675295
188.72,40.56,25.87,33.66,34.0,26.54,37.09,32.95333333333333,33.31872311017037,95.02173527491134
189.22,40.56,25.87,33.32,34.34,26.54,37.44,33.01166666666666,33.272664643644816,96.82875771488364
189.72,40.9,26.2,33.66,34.0,26.54,37.09,33.065,33.24151494709809,97.83824686738944
190.23,41.6,25.87,34.0,34.34,26.54,37.44,33.29833333333333,33.25003770503338,97.64457204735164
190.73,42.3,26.2,34.0,34.0,26.54,37.78,33.47,33.28303204927836,96.94234070037902
191.24,42.3,26.2,34.34,34.34,26.87,37.78,33.638333333333335,33.33632724188661,94.79549201033653
191.75,43.0,25.87,34.34,34.34,26.54,38.13,33.70333333333333,33.39137815560362,91.13044391726687
192.25,43.35,26.54,34.69,34.69,26.87,38.13,34.044999999999995,33.48942143226307,78.75160180591486
192.76,43.7,25.87,34.69,35.03,26.54,38.48,34.05166666666667,33.57375821742361,59.63525957302485
193.26,44.05,25.87,35.03,35.03,26.54,38.48,34.166666666666664,33.66269448481007,37.15079316902573
193.76,44.05,26.2,35.03,35.37,26.54,38.82,34.335,33.76354031208855,16.96498061813177
194.27,44.05,25.87,35.37,35.37,26.54,39.17,34.395,33.858259265275265,7.214185267514517
194.77,44.05,25.87,35.37,35.37,26.54,39.17,34.395,33.938770375483976,3.287609596438211
195.28,43.7,26.2,35.37,35.37,26.87,39.17,34.446666666666665,34.01495481916138,0.0
195.78,43.7,25.87,35.72,35.37,26.87,39.51,34.50666666666667,34.08871159628717,0.0
196.29,43.35,26.2,35.37,35.37,26.87,39.51,34.445,34.142154856844094,0.0
196.79,43.0,26.2,35.37,35.37,26.54,39.17,34.275,34.16208162831748,0.0
197.3,42.3,25.87,35.03,35.03,26.54,39.17,33.99,34.136269384069855,0.0
197.8,41.95,25.87,35.03,35.37,26.54,38.82,33.93,34.105328976459376,0.0
198.31,41.95,26.54,34.69,35.03,26.87,38.48,33.92666666666667,34.07852962999047,0.0
198.81,41.25,26.2,34.69,35.03,26.54,38.48,33.69833333333333,34.0215001854919,0.0
199.31,41.25,25.87,34.34,35.03,26.54,38.82,33.641666666666666,33.96452515766811,2.5538345725435607
199.82,40.9,25.87,34.0,35.03,26.54,38.13,33.41166666666667,33.8815963840179,5.710175720042344
200.32,40.56,26.2,34.0,34.69,26.54,38.13,33.35333333333333,33.80235692641521,11.880400444556669
200.83,40.21,26.2,34.0,34.34,26.87,37.78,33.233333333333334,33.71700338745293,24.723113652043974
201.34,39.86,25.87,34.0,34.69,26.54,37.78,33.123333333333335,33.627952879334984,44.88991999162023
201.84,39.86,26.2,34.0,34.34,26.54,37.78,33.12,33.55175994743473,64.95069232040579
202.35,39.51,26.54,33.66,34.34,26.87,37.78,33.11666666666667,33.486495955319526,78.39934035620867
202.85,39.51,25.87,34.0,34.0,26.54,37.44,32.89333333333333,33.397521562021595,90.60026597403983
203.35,40.21,26.2,34.0,34.34,26.54,37.78,33.178333333333335,33.36464332771835,93.13560979149752
203.86,40.56,25.87,34.34,34.69,26.87,37.78,33.35166666666667,33.3626968285606,93.65341071624972
204.36,41.25,25.87,34.69,34.69,26.54,38.13,33.52833333333333,33.38754230427651,91.91464374383919
204.87,41.6,26.2,34.69,35.03,26.87,38.13,33.75333333333333,33.44241095863503,87.10690025836514
205.37,41.95,25.87,35.03,35.37,26.87,38.48,33.928333333333335,33.51529931483978,75.72804985100858
205.87,42.65,25.87,35.72,35.72,26.87,38.82,34.275,33.62925441761381,47.32327689056984
206.38,43.0,26.2,35.72,35.72,26.54,38.82,34.33333333333333,33.73486625497174,22.86242686059499
206.89,43.0,25.87,36.06,36.06,26.54,39.17,34.449999999999996,33.84213631672598,8.641479903162148
207.39,43.0,26.2,36.4,36.4,26.87,39.86,34.788333333333334,33.984065869217076,2.115939003794548
207.89,43.35,25.87,36.4,36.4,26.54,39.51,34.678333333333335,34.08820598883452,0.0
208.4,43.0,26.2,36.4,36.75,26.87,39.86,34.846666666666664,34.201975090509336,0.0
208.9,43.0,26.2,36.75,36.75,26.87,39.86,34.905,34.307428826932934,0.0
209.41,42.65,26.2,36.75,36.75,27.21,39.86,34.903333333333336,34.39681450289299,0.0
209.91,42.3,26.2,36.75,36.75,26.87,39.86,34.788333333333334,34.45554232745904,0.0
210.41,41.95,26.2,36.75,37.09,26.87,39.86,34.78666666666667,34.50521097834018,0.0
210.92,41.6,26.2,36.4,36.75,26.87,39.51,34.555,34.512679331589155,0.0
211.42,41.6,26.2,36.4,36.75,26.87,39.86,34.61333333333334,34.52777743185079,0.0
211.93,41.25,26.54,36.4,37.09,26.87,39.86,34.66833333333333,34.54886081707316,0.0
212.43,40.9,26.2,36.06,36.75,26.87,39.51,34.38166666666667,34.52378169451219,0.0
212.94,40.9,26.54,36.4,36.75,27.21,39.17,34.495000000000005,34.519464440335355,0.0
213.44,40.56,26.54,36.06,36.4,26.87,39.17,34.26666666666667,34.48154477428505,0.0
213.94,40.56,26.87,36.06,36.75,26.87,39.17,34.38,34.4663130581423,0.0
214.45,40.56,26.54,36.06,36.4,27.21,39.17,34.32333333333333,34.44486609942095,0.0
214.95,40.21,26.2,35.72,36.4,26.87,39.17,34.095,34.39238618450781,0.0
215.46,39.86,26.87,35.37,36.4,26.87,38.82,34.031666666666666,34.33827825683163,0.0
215.96,39.51,26.54,35.72,36.4,26.87,38.82,33.97666666666667,34.284036518306884,0.0
216.47,39.51,26.54,35.37,36.4,27.21,38.82,33.975,34.23768104056085,0.0
216.97,39.17,26.54,35.37,36.06,27.21,38.48,33.805,34.17277888447672,0.0
217.48,39.17,26.54,35.03,36.06,26.87,38.48,33.69166666666667,34.100612051805214,0.0
217.98,38.82,26.87,35.03,36.06,27.21,38.48,33.745,34.04727024403443,0.0
218.49,38.82,26.54,35.37,36.06,27.21,38.13,33.68833333333333,33.993429707429264,1.923372450087509
218.99,38.48,26.87,35.03,35.72,27.21,37.78,33.515,33.92166525131487,3.9721962688266665
219.49,38.48,26.54,35.03,35.72,27.21,38.13,33.51833333333333,33.861165463617645,7.2016357745805655
220.0,38.48,26.54,35.03,36.06,27.21,37.78,33.51666666666667,33.809490644075,11.725320127535639
220.5,38.48,26.54,35.03,35.72,27.21,38.13,33.51833333333333,33.76581704746375,17.300226152109744
221.01,38.13,26.54,34.69,35.72,27.21,37.44,33.288333333333334,33.69419449034418,31.23743756775032
221.52,38.13,26.87,34.69,35.37,27.55,37.44,33.34166666666667,33.64131531679256,44.1812134318273
222.02,38.13,26.54,34.69,35.37,27.21,37.78,33.28666666666667,33.58811801927367,59.047975150931784
222.52,38.82,26.87,35.03,35.72,27.55,37.78,33.62833333333334,33.594150316382624,57.49329847585337
223.03,38.82,26.54,34.69,35.37,27.55,37.78,33.458333333333336,33.57377776892523,63.65862382814864
223.53,39.17,26.54,35.03,35.37,27.21,37.78,33.51666666666667,33.56521110358645,65.75153322140548
224.04,39.51,26.54,35.37,35.72,27.21,37.78,33.68833333333333,33.58367943804848,62.15805023030092
224.54,39.86,26.54,35.37,35.72,27.21,37.78,33.74666666666667,33.608127522341206,55.77961895923086
225.04,40.21,26.87,35.37,35.72,27.21,38.13,33.91833333333333,33.65465839399002,44.13274282854889
225.55,40.56,26.54,35.72,36.06,27.55,38.13,34.093333333333334,33.72045963489151,27.827988565507212
226.05,40.9,26.54,35.72,36.06,27.55,38.48,34.208333333333336,33.793640689657785,14.537831939248063
226.56,40.9,26.54,36.06,36.4,27.21,38.48,34.265,33.864344586209114,7.34460241250824
227.06,41.25,26.87,36.06,36.06,27.55,38.82,34.435,33.949942898277754,3.034263342216498
227.56,40.9,26.54,36.06,36.06,27.55,38.82,34.321666666666665,34.005701463536084,0.0
228.07,40.9,26.54,36.06,36.4,27.55,38.82,34.37833333333334,34.06159624400568,0.0
228.57,40.56,27.21,36.06,36.4,27.55,38.48,34.37666666666667,34.10885680740482,0.0
229.08,40.56,26.54,36.06,36.4,27.55,38.48,34.265,34.1322782862941,0.0
229.58,40.56,26.54,36.06,36.4,27.55,38.82,34.321666666666665,34.16068654334998,0.0
230.08,40.21,27.21,36.06,36.4,27.55,38.48,34.318333333333335,34.18433356184749,0.0
230.59,39.86,26.54,36.06,36.4,27.55,38.48,34.14833333333333,34.17893352757036,0.0
231.09,40.21,26.87,36.06,36.4,27.55,38.48,34.26166666666666,34.191343498434804,0.0
231.6,39.86,26.87,35.72,36.4,27.88,38.48,34.20166666666666,34.19289197366958,0.0
232.1,39.51,26.87,35.37,36.4,27.55,38.48,34.03,34.168458177619144,0.0
232.6,39.51,26.87,35.72,36.4,27.55,38.48,34.08833333333333,34.156439450976265,0.0
233.11,39.17,26.87,35.37,36.06,27.55,38.13,33.858333333333334,34.11172353332982,0.0
233.61,39.17,27.21,35.37,36.06,27.55,38.13,33.915,34.08221500333035,0.0
234.12,39.17,27.21,35.72,36.06,27.88,37.78,33.97,34.06538275283079,0.0
234.62,39.17,26.87,35.37,36.06,27.88,37.78,33.855,34.03382533990618,0.0
235.12,38.48,26.87,35.37,36.06,27.88,37.78,33.74,33.989751538920245,2.002900568470026
235.63,38.48,27.21,35.37,36.06,27.88,37.78,33.79666666666667,33.960788808082214,2.710810405166064
236.13,38.48,26.87,35.37,36.06,27.88,37.78,33.74,33.92767048686988,3.819620867104909
236.64,38.13,27.21,35.03,36.06,27.88,37.78,33.681666666666665,33.89076991383939,5.565928708599622
237.15,38.13,27.55,35.03,35.72,27.88,37.78,33.681666666666665,33.85940442676348,7.61652869662216
237.65,38.13,27.55,35.03,35.72,27.55,37.44,33.57,33.81599376274896,11.597268611008012
238.16,38.13,26.87,35.03,35.72,27.88,37.78,33.568333333333335,33.77884469833661,16.637730819232903
238.66,38.13,27.21,35.03,35.72,27.88,37.44,33.568333333333335,33.74726799358612,21.917264256245375
239.16,38.13,27.21,34.69,35.37,27.88,37.44,33.45333333333333,33.7031777945482,31.76401628208817
239.67,38.13,27.21,34.69,35.72,27.88,37.09,33.45333333333333,33.66570112536597,41.18937341633922
240.17,38.13,26.87,34.69,35.37,27.88,37.09,33.33833333333333,33.61659595656108,55.4147935052873
240.68,38.48,27.21,34.69,35.72,27.88,37.09,33.51166666666666,33.60085656307692,59.64217866235788
241.18,38.82,27.21,35.03,35.72,27.88,37.44,33.68333333333333,33.61322807861537,57.27716143873343
241.69,39.17,27.55,35.03,35.72,27.88,37.44,33.79833333333333,33.64099386682307,49.62420903267451
242.2,39.51,27.88,35.03,35.72,27.88,37.44,33.91,33.681344786799606,39.38728569015975
242.7,39.86,27.21,35.37,35.72,28.22,37.44,33.97,33.72464306877966,28.57731386447738
243.2,40.21,27.21,35.37,35.72,27.88,37.78,34.02833333333333,33.77019660846271,19.369114418292547
243.71,40.21,27.21,35.72,36.06,28.22,37.78,34.199999999999996,33.8346671171933,10.449283552023484
244.21,39.86,27.21,35.72,36.06,27.88,37.78,34.085,33.87221704961431,7.117154638019375
244.72,40.21,27.55,35.72,36.06,28.22,38.13,34.315000000000005,33.93863449217216,3.5137851085402607
245.22,40.21,26.87,35.72,36.06,27.88,37.78,34.086666666666666,33.96083931834633,2.761479451911204
245.73,39.86,27.21,36.06,36.4,27.88,38.13,34.25666666666667,34.00521342059438,0.0
246.23,40.21,27.21,35.72,36.06,28.22,38.13,34.25833333333333,34.04318140750522,0.0
246.73,39.86,27.21,36.06,36.06,28.22,38.13,34.25666666666667,34.07520419637944,0.0
247.24,39.51,27.21,35.72,36.4,27.88,38.13,34.141666666666666,34.08517356692252,0.0
247.74,39.51,27.55,35.72,36.06,28.22,37.78,34.14,34.09339753188414,0.0
248.25,39.17,27.88,35.72,36.4,28.22,37.78,34.195,34.10863790210153,0.0
248.75,39.17,27.55,35.72,36.4,28.22,37.78,34.14,34.11334221678629,0.0
249.26,39.17,27.55,35.72,36.06,28.22,37.78,34.083333333333336,34.108840884268346,0.0
249.76,38.82,27.55,35.37,36.4,28.56,37.78,34.080000000000005,34.104514751628095,0.0
250.26,38.48,27.88,35.37,36.06,28.22,37.78,33.964999999999996,34.083587538883876,0.0
250.77,38.82,27.55,35.37,36.06,28.22,37.44,33.910000000000004,34.057549408051294,0.0
251.27,38.48,27.55,35.37,36.06,28.56,37.78,33.96666666666667,34.0439169968436,0.0
251.78,38.48,27.55,35.03,36.06,28.22,37.44,33.79666666666667,34.00682944731706,0.0
252.28,38.48,27.21,35.03,35.72,28.22,37.44,33.68333333333333,33.95830503021949,2.83872742873214
252.79,38.13,27.55,35.03,35.72,28.22,37.09,33.623333333333335,33.90805927568657,4.878747523657702
253.29,38.13,27.88,34.69,35.72,28.22,37.09,33.62166666666667,33.86510038433358,7.662413235698535
253.79,38.13,27.55,35.03,35.72,28.22,37.09,33.623333333333335,33.828835326683546,11.076451182943758
254.3,37.78,27.55,34.69,35.37,28.22,37.09,33.449999999999996,33.77201002768101,19.408011324396547
254.8,38.13,27.55,34.69,35.72,28.56,36.75,33.56666666666667,33.741208523528854,25.432889831579402
255.31,37.78,27.55,34.69,35.37,28.56,36.75,33.449999999999996,33.69752724499953,36.54444396862387
255.81,37.78,27.21,34.69,35.37,28.56,37.09,33.45,33.6603981582496,46.79094209422319
256.32,38.13,27.88,34.69,35.72,28.56,36.75,33.62166666666667,33.654588434512156,49.30586967540893
256.82,38.13,27.55,34.69,35.37,28.56,36.75,33.50833333333333,33.63265016933533,55.5896147011192
257.33,38.48,27.88,34.69,35.72,28.22,37.09,33.68,33.639752643935026,54.459848806193655
257.83,38.82,27.88,35.03,35.72,28.22,37.09,33.79333333333333,33.662789747344775,47.79240942960307
258.33,39.17,27.55,35.37,35.37,28.56,37.09,33.85166666666667,33.69112128524305,40.46519115158981
258.84,39.51,27.55,35.37,35.72,28.56,37.09,33.96666666666667,33.732453092456595,29.53164836696118
259.34,39.86,27.55,35.37,36.06,28.56,37.44,34.14,33.793585128588106,17.009614729320976
259.85,39.86,27.55,35.37,35.72,28.56,37.44,34.083333333333336,33.83704735929989,10.973467752015303
260.35,40.21,27.88,35.37,36.06,28.22,37.44,34.196666666666665,33.8909902554049,6.153808701056136
260.85,39.86,27.88,35.37,36.06,28.56,37.78,34.251666666666665,33.945091717094165,3.3648047086529256
261.36,39.86,27.88,35.37,36.06,28.56,37.78,34.251666666666665,33.99107795953004,1.9925815274384708
261.87,39.86,27.88,35.72,36.4,28.56,37.78,34.36666666666667,34.04741626560053,0.0
262.37,39.86,27.88,35.72,36.06,28.56,37.78,34.309999999999995,34.08680382576045,0.0
262.88,39.17,27.88,35.37,36.06,28.56,37.44,34.08,34.08578325189638,0.0
263.38,39.51,27.55,35.72,36.4,28.56,37.78,34.25333333333334,34.11091576411192,0.0
263.88,39.17,27.55,35.37,36.4,28.56,37.44,34.08166666666667,34.10652839949513,0.0
264.39,39.17,27.88,35.37,36.06,28.56,37.44,34.08,34.10254913957086,0.0
264.89,39.17,27.88,35.37,36.06,28.9,37.44,34.13666666666666,34.107666768635234,0.0
265.4,38.82,27.88,35.37,36.06,28.56,37.44,34.02166666666667,34.09476675333995,0.0
265.9,38.82,27.88,35.03,36.06,28.9,37.09,33.96333333333334,34.07505174033895,0.0
266.4,38.48,27.55,35.03,36.06,28.56,37.44,33.85333333333333,34.0417939792881,0.0
266.91,38.48,27.88,35.03,36.06,28.56,37.09,33.85,34.01302488239489,0.0
267.41,38.13,27.88,35.03,35.72,28.56,37.09,33.735,33.971321150035656,2.497817393727103
267.92,38.13,27.88,35.03,35.72,28.9,36.75,33.735,33.9358729775303,3.733717156608411
268.42,38.13,27.88,34.69,35.72,28.9,36.75,33.678333333333335,33.897242030900756,5.744687037334922
268.92,38.13,27.88,34.69,35.72,28.9,37.09,33.73500000000001,33.87290572626564,7.495205006631385
269.43,37.78,27.88,34.69,35.72,28.9,36.75,33.62,33.834969867325796,11.213188917449099
269.93,38.13,28.22,35.03,35.72,28.9,36.75,33.791666666666664,33.828474387226926,11.992397129420567
270.44,37.44,27.88,34.34,35.37,28.9,36.75,33.446666666666665,33.771203229142884,21.413167828573464
270.94,37.78,27.88,34.69,35.37,28.56,36.75,33.505,33.73127274477145,30.385266680409124
271.44,37.78,27.55,34.69,35.37,28.9,36.4,33.44833333333333,33.68883183305574,42.62668550821041
271.95,38.13,27.88,34.69,35.37,28.9,36.4,33.56166666666667,33.669757058097375,48.247992789719554
272.45,37.78,28.22,34.69,35.72,28.9,36.4,33.61833333333333,33.66204349938277,51.386594563940044
272.96,38.13,28.22,35.03,35.37,28.9,36.75,33.733333333333334,33.672736974475356,48.1797124875822
273.46,38.48,28.22,34.69,35.72,28.9,36.75,33.79333333333333,33.69082642830405,43.56095996947031
273.97,38.82,28.22,35.03,35.72,28.9,36.75,33.906666666666666,33.72320246405844,34.28205881038405
274.47,39.17,27.88,35.03,36.06,28.9,36.75,33.964999999999996,33.75947209444967,25.624845132484637
274.97,39.17,28.56,35.37,36.06,28.9,37.09,34.19166666666667,33.82430128028222,13.511437632543455
275.48,39.51,28.22,35.37,35.72,28.9,37.09,34.135,33.870906088239884,8.128202640779982
275.98,39.86,28.22,35.37,36.06,28.9,37.44,34.30833333333333,33.9365201750039,3.821561341062062
276.49,39.86,27.88,35.37,36.06,28.9,37.09,34.193333333333335,33.97504214875331,2.417392018415479
276.99,39.51,27.88,35.72,36.06,28.9,37.44,34.25166666666667,34.01653582644032,0.0
277.5,39.51,27.88,35.37,36.06,28.9,37.44,34.193333333333335,34.04305545247426,0.0
278.0,39.51,27.88,35.37,36.06,29.24,37.09,34.19166666666667,34.06534713460312,0.0
278.5,39.17,27.88,35.37,36.4,28.9,37.09,34.135,34.07579506441265,0.0
279.01,39.17,28.56,35.37,36.06,28.9,37.44,34.25,34.10192580475075,0.0
279.51,38.82,27.88,35.03,36.06,28.9,37.09,33.96333333333334,34.081136934038135,0.0
280.02,38.82,27.88,35.03,36.06,29.24,37.09,34.02,34.07196639393241,0.0
280.52,38.48,28.22,35.37,36.06,28.9,37.09,34.02,34.06417143484256,0.0
281.03,38.48,28.22,35.03,36.06,28.9,36.75,33.906666666666666,34.04054571961617,0.0
281.53,38.48,28.22,35.03,35.72,28.9,36.75,33.85,34.01196386167374,0.0
282.03,38.13,28.22,35.03,36.06,29.24,36.75,33.905,33.99591928242268,1.887941277943302
282.54,38.13,28.22,35.03,36.06,29.24,36.75,33.905,33.98228139005928,2.2191493288418584
283.04,38.13,28.22,35.03,35.72,29.24,36.75,33.848333333333336,33.962189181550386,2.812716597351772
283.55,37.78,28.22,35.03,35.72,28.9,36.75,33.733333333333334,33.92786080431783,4.200251190236464
284.05,37.78,28.22,34.69,35.72,29.24,36.4,33.675000000000004,33.889931683670156,6.487769947508605
284.56,37.44,28.22,34.69,35.72,28.9,36.4,33.56166666666667,33.84069193111963,11.181122302630001
285.06,37.78,28.22,34.34,35.72,29.24,36.4,33.61666666666667,33.807088141451686,15.89894292881848
285.56,37.78,28.22,34.69,35.72,28.9,36.4,33.61833333333333,33.77877492023393,21.398767940820175
286.07,37.78,28.22,34.34,35.37,28.9,36.06,33.445,33.728708682198835,33.397836872412014
286.57,37.78,28.22,34.69,35.72,28.9,36.4,33.61833333333333,33.71215237986901,38.7110548470752
287.08,37.78,28.22,34.34,35.72,28.9,36.06,33.50333333333334,33.68082952288866,48.14577243127015
287.58,38.13,28.56,34.69,35.72,28.9,36.4,33.733333333333334,33.68870509445535,46.50711926698236
288.09,38.48,28.22,35.03,35.37,29.24,36.4,33.79,33.70389933028705,41.864173498428286
288.59,38.48,28.56,35.03,35.37,29.24,36.4,33.84666666666667,33.72531443074399,36.20609023611891
289.1,38.82,27.88,35.03,35.37,29.24,36.75,33.848333333333336,33.743767266132394,31.064816293650388
289.6,38.82,28.22,35.03,35.72,29.24,36.4,33.905,33.76795217621254,25.422629382951317
290.11,39.17,28.56,35.03,35.72,29.24,36.75,34.07833333333334,33.81450934978066,15.93841023975386
290.61,39.17,28.56,35.03,36.06,28.9,36.75,34.07833333333333,33.85408294731356,10.326655138945561
291.11,39.51,28.22,35.37,35.72,28.9,37.09,34.135,33.89622050521652,6.342459207921249
291.62,39.17,28.56,35.37,36.06,29.24,37.09,34.248333333333335,33.94903742943404,3.3638341776198573
292.13,39.17,28.22,35.37,35.72,29.24,37.09,34.135,33.976931815018936,2.390806637035344
292.63,38.82,28.22,35.03,36.06,28.9,36.75,33.96333333333333,33.97489204276609,2.451523601471516
293.13,39.17,28.56,35.37,36.06,29.24,37.09,34.248333333333335,34.01590823635118,0.0
293.64,38.82,28.22,35.03,36.06,28.9,36.75,33.96333333333333,34.00802200089851,0.0
294.14,38.82,28.56,35.37,36.06,29.24,37.09,34.190000000000005,34.03531870076373,0.0
294.64,38.82,28.22,35.03,36.06,28.9,37.09,34.02,34.033020895649166,0.0
295.15,38.48,28.56,35.37,36.06,29.24,37.09,34.13333333333333,34.04806776130179,0.0
295.65,38.48,28.56,35.03,35.72,29.24,36.75,33.96333333333333,34.03535759710652,0.0
296.16,38.48,28.56,35.03,35.72,29.24,36.75,33.96333333333333,34.02455395754054,0.0
296.66,38.13,28.56,35.03,35.72,29.24,36.4,33.84666666666667,33.997870863909455,1.8466227748664779
297.17,38.13,28.56,34.69,36.06,29.24,36.75,33.905,33.983940234323036,2.1931688689515276
297.67,37.78,28.22,35.03,35.72,29.24,36.4,33.73166666666667,33.94609919917458,3.4862799988140547
298.18,37.78,28.56,35.03,35.72,29.24,36.4,33.788333333333334,33.9224343192984,4.641205499909893
298.68,37.78,28.9,34.69,35.37,29.24,36.4,33.730000000000004,33.893569171403634,6.543820066297405
299.19,37.44,28.56,34.69,35.72,29.57,36.4,33.73,33.869033795693085,8.70796177340293
299.69,37.78,28.9,34.69,35.72,29.24,36.4,33.788333333333334,33.85692872633912,9.999303650721929
300.2,37.44,28.56,34.69,35.72,29.57,36.06,33.67333333333333,33.82938941738825,0
300.7,37.44,28.56,34.69,35.37,29.24,36.06,33.56,33.78898100478001,0
301.2,37.44,28.22,34.34,35.37,29.24,36.06,33.445,33.73738385406301,0
301.71,37.44,28.9,34.34,35.37,29.24,36.06,33.55833333333334,33.710526275953555,0
302.21,37.09,28.56,34.34,35.37,29.24,36.06,33.443333333333335,33.67044733456052,0
302.72,36.75,28.9,34.34,35.37,29.57,35.72,33.44166666666667,33.63613023437644,0
303.22,37.09,28.56,34.0,35.37,29.24,36.06,33.38666666666667,33.59871069921997,0
303.72,37.09,28.56,33.66,35.37,29.24,36.06,33.330000000000005,33.55840409433697,0
304.23,37.09,28.9,34.34,35.03,29.24,35.72,33.38666666666667,33.53264348018643,0
304.73,36.75,28.22,34.34,35.03,29.24,35.37,33.15833333333334,33.476496958158464,0
305.24,36.4,28.56,33.66,35.03,28.9,35.37,32.986666666666665,33.403022414434695,0
305.74,36.4,28.56,33.66,34.69,28.9,35.37,32.93,33.33206905226949,0
306.25,36.4,28.56,34.0,34.69,29.24,35.03,32.986666666666665,33.28025869442906,0
306.75,36.4,28.56,34.0,34.69,29.24,35.37,33.04333333333333,33.2447198902647,0
307.25,36.06,28.56,34.0,35.03,29.24,35.37,33.04333333333334,33.214511906724994,0
307.76,36.4,28.56,33.66,35.03,29.24,35.37,33.04333333333333,33.18883512071624,0
308.26,36.06,28.9,33.66,34.69,29.24,35.37,32.98666666666667,33.15850985260881,0
308.76,36.06,28.56,33.66,34.69,29.24,35.37,32.93,33.124233374717484,0
309.27,36.06,28.56,33.66,34.34,29.24,35.03,32.815000000000005,33.07784836850986,0
309.77,36.06,28.56,33.66,34.69,29.24,35.03,32.873333333333335,33.04717111323338,0
310.28,36.06,28.22,33.66,34.34,29.24,35.03,32.75833333333333,33.00384544624838,0
310.78,36.06,28.56,33.32,34.34,29.57,35.03,32.81333333333333,32.97526862931112,0
311.28,35.72,28.56,33.32,34.34,29.24,35.03,32.70166666666667,32.93422833491445,0
311.79,35.72,28.56,33.32,34.34,29.57,34.69,32.699999999999996,32.89909408467728,0
312.3,35.37,28.9,33.32,34.34,29.57,34.69,32.69833333333333,32.86897997197569,0
312.8,35.37,28.22,33.32,34.34,29.24,34.69,32.53,32.818132976179335,0
313.31,35.72,28.56,33.32,34.34,29.24,34.34,32.586666666666666,32.78341302975244,0
313.81,35.37,28.22,33.32,34.0,29.24,34.69,32.473333333333336,32.736901075289566,0
314.32,35.37,28.22,32.98,34.0,29.57,34.34,32.413333333333334,32.68836591399613,0
314.82,35.37,28.56,32.98,34.0,29.24,34.34,32.415,32.64736102689671,0
315.32,35.03,28.56,32.98,34.0,29.24,34.69,32.416666666666664,32.61275687286221,0
315.83,35.03,28.9,32.98,34.0,29.57,34.34,32.47,32.59134334193287,0
316.33,35.03,28.56,32.98,34.0,29.24,34.34,32.358333333333334,32.55639184064294,0
316.84,35.03,28.9,32.98,34.0,29.24,34.0,32.358333333333334,32.526683064546496,0
317.34,34.69,28.56,32.98,33.66,29.57,34.0,32.24333333333333,32.48418060486452,0
317.84,34.69,28.9,32.63,33.66,29.57,34.34,32.29833333333333,32.45630351413484,0
318.35,35.03,28.56,32.98,34.0,29.57,34.0,32.35666666666666,32.44135798701461,0
318.85,34.69,28.56,32.63,33.66,29.57,34.0,32.184999999999995,32.40290428896242,0
319.36,34.69,28.56,32.98,33.66,29.57,34.0,32.24333333333333,32.37896864561805,0
319.86,34.69,28.56,32.63,33.66,29.57,33.66,32.12833333333333,32.34137334877534,0
320.36,34.69,28.56,32.63,33.32,29.57,34.0,32.12833333333333,32.30941734645904,0
320.87,34.69,28.22,32.63,33.66,29.24,33.66,32.016666666666666,32.26550474449018,0
321.37,34.69,28.9,32.63,33.66,29.24,34.0,32.18666666666667,32.253679032816656,0
321.88,34.34,28.9,32.63,33.66,29.57,34.0,32.18333333333333,32.24312717789415,0
322.38,34.34,28.9,32.29,33.32,29.57,33.66,32.01333333333333,32.20865810121003,0
322.88,34.0,29.24,32.29,33.32,29.57,33.66,32.01333333333333,32.17935938602852,0
323.39,34.34,28.56,32.29,33.32,29.57,33.32,31.899999999999995,32.137455478124245,0
323.89,34.0,28.56,32.29,33.32,29.24,33.66,31.845,32.093587156405604,0
324.4,34.0,28.56,32.29,33.32,29.24,33.32,31.78833333333333,32.047799082944756,0
324.9,34.0,28.56,31.95,32.98,29.24,33.32,31.675,31.991879220503044,0
325.4,34.0,28.9,32.29,32.98,29.24,33.32,31.78833333333333,31.961347337427583,0
325.91,34.0,28.56,32.29,32.98,29.24,33.32,31.731666666666666,31.926895236813444,0
326.41,33.66,28.9,31.95,33.32,29.57,33.32,31.78666666666666,31.905860951291427,0
326.92,34.0,28.9,32.29,32.98,29.57,33.32,31.84333333333333,31.896481808597713,0
327.42,33.66,28.9,31.95,32.98,29.24,32.98,31.61833333333333,31.85475953730805,0
327.92,33.66,28.56,31.95,32.63,29.24,33.32,31.560000000000002,31.81054560671184,0
328.43,33.66,28.56,31.95,32.63,29.24,33.32,31.560000000000002,31.772963765705065,0
328.93,33.32,28.56,31.95,32.98,29.24,32.63,31.44666666666667,31.724019200849302,0
329.43,33.66,28.9,31.61,32.63,29.24,32.98,31.50333333333333,31.690916320721904,0
329.94,33.32,28.56,31.61,32.63,29.57,32.63,31.386666666666667,31.645278872613616,0
