0.0,27.55,26.87,26.87,27.55,27.21,27.55,27.26666666666667,16.7843831411114,99.99226170474263
0.5,27.88,26.87,26.87,28.22,27.21,27.21,27.37666666666667,18.37322566994469,99.99035767395594
1.01,28.56,27.21,26.87,27.88,27.21,27.55,27.546666666666667,19.749241819452987,99.65980542970827
1.51,29.24,26.87,27.21,27.88,27.21,27.55,27.66,20.935855546535038,99.59701976299003
2.02,29.91,26.87,27.55,28.22,27.21,27.88,27.939999999999998,21.98647721455478,99.9787565982405
2.52,30.59,26.54,27.88,28.22,27.21,28.22,28.11,22.905005632371562,99.97103844847497
3.03,31.27,27.21,28.22,28.56,27.21,28.56,28.505,23.745004787515825,99.94299217395263
3.53,32.29,26.87,28.56,28.9,27.21,28.9,28.788333333333338,24.501504069388453,99.90774997637956
4.04,32.98,26.87,28.9,29.24,27.21,29.24,29.073333333333334,25.187278458980185,99.83739919733222
4.54,33.66,26.87,29.24,29.24,27.21,29.57,29.298333333333332,25.803936690133156,99.75212028940804
5.04,34.34,27.21,29.57,29.57,27.21,30.25,29.691666666666666,26.38709618661318,99.45679941557499
5.55,35.03,26.87,30.25,29.91,27.21,30.25,29.92,26.917031758621203,99.12145436251402
6.05,35.72,26.87,30.59,30.25,27.21,30.93,30.26166666666667,27.41872699482802,98.32231036434395
6.56,36.4,26.54,31.27,30.59,26.87,31.27,30.49,27.87941794560382,97.38098668456028
7.07,37.44,26.87,31.61,30.93,27.21,31.95,31.001666666666665,28.347755253763243,93.41136403332958
7.57,37.78,26.87,31.95,31.27,27.21,32.29,31.228333333333335,28.779841965698754,90.00247853090089
8.08,38.48,26.87,32.29,31.95,26.87,32.63,31.514999999999997,29.190115670843937,83.1551990086894
8.58,38.48,26.87,32.63,31.95,27.21,32.98,31.686666666666664,29.564598320217346,77.29422593967394
9.08,39.17,26.54,32.98,32.29,26.87,33.32,31.861666666666665,29.909158572184744,66.96641970777759
9.59,39.51,26.54,33.32,32.63,26.87,33.66,32.08833333333333,30.23603478635703,56.29967770624012
10.09,40.21,26.54,33.32,32.98,27.21,34.0,32.376666666666665,30.557129568403475,42.00665998114952
10.6,40.21,26.54,34.0,32.98,27.21,34.34,32.54666666666667,30.855560133142955,33.999122244179944
11.1,40.56,26.87,34.0,33.32,27.21,34.34,32.71666666666667,31.134726113171507,26.779606543241467
11.6,40.21,26.87,34.34,33.66,26.54,35.03,32.775,31.380767196195777,23.029137721584252
12.11,40.56,26.54,34.69,34.0,26.87,35.03,32.94833333333333,31.615902116766406,16.64729483460723
12.61,40.21,26.87,34.34,34.0,26.87,35.03,32.88666666666667,31.806516799251444,50.42227665439475
13.12,40.21,26.87,34.69,34.0,26.87,35.37,33.001666666666665,31.985789279363726,41.65342035783748
13.62,40.21,26.54,34.69,34.34,27.21,35.37,33.06,32.14692088745917,35.254264626768055
14.12,40.21,26.87,35.03,34.34,27.21,35.37,33.17166666666667,32.30063275434029,28.391666290041734
14.63,40.56,27.21,34.69,34.69,26.87,35.37,33.23166666666667,32.440287841189246,36.269405825596
15.13,40.56,26.87,35.03,34.69,26.87,35.72,33.29,32.567744665010856,30.058543272021794
15.64,40.21,26.87,35.03,34.69,26.87,35.72,33.23166666666667,32.66733296525923,25.45558617269223
16.14,40.56,26.54,35.03,34.69,26.87,35.72,33.235,32.75248302047034,21.771352650069666
16.65,40.21,26.87,35.03,35.03,26.87,35.72,33.288333333333334,32.83286056739979,18.702854108808147
17.15,40.56,26.87,35.03,35.03,26.87,35.72,33.34666666666667,32.90993148228983,16.12753169573078
17.66,40.21,26.87,35.03,35.03,26.87,36.06,33.345,32.97519175994635,14.228325062571578
18.16,39.86,26.87,35.03,35.03,26.87,36.06,33.28666666666667,33.021912995954395,12.908075914433613
18.66,39.86,26.54,35.03,35.03,26.87,35.72,33.175000000000004,33.04487604656124,12.092025326721686
19.17,39.86,26.54,35.03,35.37,26.87,36.06,33.288333333333334,33.08139463957705,11.13467705706055
19.67,39.86,26.87,35.03,35.03,26.87,36.06,33.28666666666667,33.11218544364049,10.378359015320413
20.18,39.51,26.87,35.03,35.37,26.87,36.06,33.285000000000004,33.13810762709441,9.81352496802757
20.68,39.86,26.54,35.03,35.37,27.21,36.06,33.345000000000006,33.16914148303025,9.311754301653732
21.19,39.17,26.54,35.03,35.03,26.87,35.72,33.06,33.152770260575714,9.365071344725452
21.7,39.51,26.87,35.03,35.03,27.21,35.72,33.22833333333333,33.16410472148935,9.093680453986746
22.2,39.17,26.54,35.03,35.03,27.21,35.72,33.11666666666667,33.15698901326595,9.074787752624223
22.7,39.17,26.54,35.03,35.03,26.87,35.37,33.00166666666667,33.133690661276056,9.236394897934359
23.21,39.17,26.54,34.69,35.03,26.87,35.72,33.00333333333334,33.114137062084644,9.555748684804719
23.71,38.82,26.54,35.03,35.37,27.21,35.37,33.056666666666665,33.10551650277194,9.618710017352722
24.22,38.82,26.54,34.34,35.03,27.21,35.37,32.885000000000005,33.072439027356154,10.091009640236862
24.72,38.82,26.87,34.69,35.03,26.87,35.37,32.94166666666667,33.05282317325273,10.469809237824542
25.23,38.48,26.2,34.69,35.03,27.21,35.37,32.83,33.019399697264824,11.535847404969962
25.73,38.48,26.54,34.69,35.03,27.21,35.03,32.830000000000005,32.9909897426751,12.567396856445246
26.24,38.48,26.87,34.69,35.03,27.21,35.37,32.94166666666667,32.98359128127383,13.455096115645897
26.75,38.48,26.87,34.34,35.03,26.87,35.37,32.82666666666667,32.96005258908276,14.626608144887623
27.25,38.48,26.2,34.69,34.69,27.21,35.03,32.71666666666667,32.92354470072034,16.261536722629593
27.76,38.48,26.87,34.34,34.69,27.21,35.03,32.77,32.90051299561229,17.723867017175472
28.26,37.78,26.54,34.34,34.69,26.87,35.03,32.541666666666664,32.84668604627045,19.891912687091455
28.76,38.13,26.54,34.34,34.69,27.21,35.03,32.656666666666666,32.818183139329875,21.764402832517234
29.27,38.13,26.54,34.0,35.03,26.87,35.03,32.6,32.785455668430394,24.023772286900705
29.77,38.13,26.54,34.34,35.03,27.21,35.03,32.71333333333334,32.77463731816584,25.685773401409556
30.27,38.13,26.87,34.34,35.03,27.21,35.03,32.76833333333334,32.773691720440965,27.43391088818332
30.78,38.48,27.21,34.34,35.03,27.21,35.03,32.88333333333333,32.790137962374814,28.441974099699358
31.28,38.48,26.54,34.34,34.69,27.21,35.03,32.715,32.778867268018594,30.400120945826153
31.79,38.82,26.87,34.69,35.03,27.21,35.03,32.94166666666667,32.803287177815804,31.0089419211013
32.3,38.48,26.54,34.34,35.03,27.21,35.03,32.77166666666667,32.79854410114343,32.47469858478006
32.8,38.82,26.54,34.69,35.03,27.21,35.03,32.88666666666666,32.81176248597191,33.16615014100952
33.31,38.82,26.87,34.34,35.03,27.21,35.03,32.88333333333333,32.82249811307613,34.24775265445892
33.81,38.82,26.54,34.34,35.03,27.21,35.03,32.82833333333334,32.82337339611471,35.27519577399417
34.32,39.17,27.21,34.69,35.03,27.55,35.37,33.17,32.8753673866975,34.833810888857826
34.82,39.17,26.87,34.69,35.37,27.21,35.37,33.11333333333334,32.911062278692874,34.70442851011697
35.33,39.17,27.21,35.03,35.03,27.21,35.37,33.17,32.94990293688894,34.45278555303835
35.83,39.17,26.54,35.03,35.37,27.21,35.37,33.115,32.9746674963556,34.76242107310246
36.34,39.51,26.87,35.03,35.03,27.21,35.37,33.17,33.003967371902256,34.30697892790873
36.84,39.86,26.87,35.37,35.37,27.21,35.72,33.4,33.063372266116914,32.96502614081986
37.34,39.86,26.54,35.03,35.72,27.21,35.72,33.34666666666667,33.10586642619938,32.12088009133281
37.85,40.21,26.87,35.03,35.72,27.21,35.72,33.46,33.158986462269475,31.04034436793226
38.35,40.21,26.87,35.37,35.37,27.55,36.06,33.571666666666665,33.22088849292905,29.592449772235206
38.86,40.21,26.54,35.37,35.72,27.55,35.72,33.51833333333334,33.265505218989695,28.35979331342635
39.36,40.21,26.54,35.37,35.72,27.21,36.06,33.51833333333334,33.303429436141236,27.488270946692815
39.87,40.56,26.87,35.37,36.06,27.21,36.06,33.68833333333334,33.36116502072005,25.89927055130244
40.37,40.21,26.87,35.72,36.06,27.21,36.06,33.68833333333334,33.410240267612046,24.484707042796146
40.88,40.21,26.87,35.72,35.72,27.55,36.4,33.745,33.46045422747024,23.202029061484193
41.38,40.21,27.21,35.72,36.06,27.55,36.4,33.858333333333334,33.5201360933497,21.7306870683892
41.89,40.56,26.87,35.37,36.06,27.55,36.06,33.745000000000005,33.55386567934724,20.77427436821845
42.4,40.21,26.87,35.72,36.06,27.55,36.4,33.80166666666667,33.591035827445154,19.806531893049527
42.9,40.21,26.87,35.72,36.06,27.21,36.4,33.745000000000005,33.61413045332838,19.171795880105783
43.41,40.21,26.54,35.72,35.72,27.21,36.4,33.63333333333333,33.617010885329115,18.940240689452594
43.91,40.21,26.87,35.72,36.06,27.21,36.4,33.745000000000005,33.636209252529746,18.52204780546716
44.41,39.86,26.54,35.72,35.72,26.87,36.4,33.51833333333334,33.61852786465028,18.933145716011207
44.92,40.21,26.87,35.72,36.06,27.55,36.4,33.80166666666667,33.64599868495274,18.400977030773344
45.42,40.21,27.21,35.72,36.06,27.55,36.4,33.858333333333334,33.67784888220983,17.90905184520478
45.93,40.21,26.87,35.72,36.06,27.55,36.4,33.80166666666667,33.69642154987835,17.58384712106339
46.43,40.21,26.87,35.72,36.06,27.55,36.4,33.80166666666667,33.712208317396595,17.577328540610498
46.94,39.86,27.21,35.72,36.4,27.21,36.06,33.74333333333333,33.71687706978711,17.482168225576935
47.44,40.21,26.54,36.06,36.4,27.55,36.06,33.803333333333335,33.72984550931904,17.168913423517917
47.95,40.21,26.87,35.72,36.4,27.55,36.06,33.80166666666667,33.74061868292118,16.9922013042494
48.45,39.86,26.54,35.72,36.4,27.21,36.4,33.68833333333334,33.732775880483004,17.236640784890696
48.96,39.86,26.87,35.72,36.4,27.55,36.4,33.800000000000004,33.74285949841055,17.171078275045403
49.46,40.21,26.87,35.72,36.06,27.55,36.06,33.745000000000005,33.74318057364897,17.254799369964672
49.97,40.21,27.21,36.06,36.06,27.55,36.06,33.85833333333334,33.76045348760162,16.980719577594627
50.47,39.86,26.87,35.72,36.06,27.55,36.06,33.68666666666667,33.749385464461376,17.451791580274023
50.98,39.86,26.54,35.72,36.06,27.55,36.4,33.68833333333334,33.74022764479217,17.76637557996013
51.48,39.86,26.87,35.72,36.06,27.55,36.4,33.74333333333333,33.74069349807334,17.94393426007791
51.99,39.86,26.87,35.72,36.06,27.88,36.4,33.79833333333333,33.74933947336234,17.810739828953302
52.5,39.51,27.55,35.72,36.4,27.21,36.06,33.74166666666667,33.74818855235799,18.10318759281632
53.0,40.21,26.87,35.72,36.4,27.55,36.4,33.858333333333334,33.76471026950429,17.978405512758254
53.5,40.21,26.87,35.72,36.06,27.55,36.4,33.80166666666667,33.77025372907865,18.021788233331108
54.01,39.86,27.21,35.72,36.4,27.55,36.06,33.800000000000004,33.77471566971685,18.025457158521967
54.51,39.86,26.87,35.72,36.06,27.55,36.4,33.74333333333333,33.77000831925932,18.309949239012944
55.02,39.86,27.21,35.72,36.4,27.88,36.06,33.855,33.78275707137042,18.06411806188113
55.52,39.86,26.87,35.72,36.4,27.55,36.4,33.800000000000004,33.78534351066486,18.124606128327734
56.03,39.86,27.21,35.72,36.06,27.88,36.06,33.79833333333333,33.78729198406512,18.206094808517573
56.53,39.51,27.21,35.37,36.06,27.88,36.06,33.681666666666665,33.77144818645535,18.771912554378847
57.04,39.86,26.87,35.72,36.06,27.55,36.06,33.68666666666667,33.75873095848704,19.15245315085828
57.54,40.21,26.87,35.72,36.06,27.55,36.06,33.745000000000005,33.756671314713984,19.369587020259655
58.05,39.86,27.21,35.72,36.4,27.88,36.06,33.855,33.77142061750689,19.187990850677476
58.56,40.21,27.55,35.72,36.4,27.55,36.4,33.97166666666667,33.80145752488085,18.769656524110793
59.06,40.21,26.87,35.72,36.06,27.88,36.06,33.800000000000004,33.801238896148725,19.02444324137096
59.56,39.86,26.87,35.72,36.4,27.55,36.06,33.74333333333333,33.792553061726416,19.40365608154326
60.07,39.86,27.21,35.72,36.4,27.88,36.06,33.855,33.80192010246745,19.224114818499444
60.57,39.86,27.55,35.72,36.4,27.88,36.4,33.968333333333334,33.82688208709733,18.55303727472794
61.08,39.86,27.21,35.72,36.4,27.88,36.06,33.855,33.83109977403273,18.58672482019693
61.58,39.86,27.21,35.72,36.4,27.88,36.4,33.91166666666667,33.84318480792782,18.496949642730783
62.09,39.86,27.21,35.72,36.4,27.88,36.06,33.855,33.844957086738646,18.503134550755465
62.6,39.86,27.21,35.72,36.4,27.88,36.06,33.855,33.84646352372785,18.39685270253286
63.1,39.86,26.87,35.37,36.06,27.55,36.4,33.685,33.82224399516867,19.05284684878777
63.6,39.86,27.21,35.72,36.4,27.88,36.4,33.91166666666667,33.835657395893364,18.777614230548544
64.11,39.86,27.55,35.72,36.4,27.88,35.72,33.855,33.83855878650936,18.820873074225325
64.61,40.21,26.87,35.72,36.4,27.88,36.06,33.85666666666666,33.84127496853295,18.868416683953114
65.12,40.21,27.21,35.72,36.4,27.88,36.4,33.97,33.86058372325301,18.71759736218666
65.62,40.21,27.21,35.37,36.4,27.88,36.4,33.91166666666667,33.868246164765054,18.54156234169887
66.12,39.86,27.21,36.06,36.4,27.88,36.06,33.91166666666667,33.874759240050295,18.46679106012437
66.63,39.86,27.55,35.72,36.4,27.88,36.4,33.968333333333334,33.88879535404275,18.214404491653255
67.14,40.21,27.21,35.72,36.4,27.88,36.4,33.97,33.900976050936336,17.874658924265546
67.64,40.21,27.21,35.72,36.4,27.88,36.4,33.97,33.911329643295886,17.656570084274996
68.15,39.86,27.55,35.72,36.75,27.88,36.4,34.026666666666664,33.9286301968015,17.28689159583599
68.65,39.86,27.55,35.72,36.4,27.88,36.4,33.968333333333334,33.934585667281276,17.10632991139619
69.16,40.21,27.21,36.06,36.4,28.22,36.4,34.083333333333336,33.95689781718908,16.582452898763634
69.66,40.21,27.55,35.72,36.4,27.88,36.4,34.026666666666664,33.967363144610715,16.3179803490264
70.17,40.21,27.55,35.72,36.4,27.88,36.4,34.026666666666664,33.97625867291911,16.03585042690939
70.67,39.86,27.21,35.72,36.4,27.88,36.4,33.91166666666667,33.966569871981235,16.214744278924346
71.18,39.86,27.21,35.72,36.75,28.22,36.4,34.026666666666664,33.97558439118405,15.898586740897066
71.68,39.86,27.55,35.72,36.75,28.22,36.4,34.083333333333336,33.99174673250644,15.513820897883587
72.19,39.86,26.87,35.72,36.4,27.88,36.4,33.855,33.97123472263047,15.881145463007357
72.69,40.21,27.55,35.72,36.4,28.22,36.4,34.083333333333336,33.988049514235904,15.618680073281347
73.2,39.86,27.21,36.06,36.4,28.22,36.4,34.025,33.99359208710052,15.45463711502161
73.7,39.86,27.88,35.72,36.75,28.22,36.06,34.08166666666666,34.006803274035434,15.089261356239264
74.21,39.86,27.55,36.06,36.4,28.22,36.4,34.08166666666667,34.01803278293012,14.99354848375721
74.71,39.86,27.21,35.72,36.4,28.22,36.06,33.91166666666667,34.002077865490605,15.191160563080505
75.22,39.86,27.55,35.72,36.4,28.22,36.4,34.025,34.00551618566701,15.085758953103316
75.72,39.86,27.55,35.72,36.4,28.22,36.06,33.968333333333334,33.999938757816956,15.10836464159929
76.23,39.86,27.55,36.06,36.4,28.22,36.4,34.08166666666667,34.01219794414441,14.795382923577275
76.73,39.86,27.88,35.72,36.4,28.22,36.06,34.02333333333333,34.01386825252274,14.855724814231147
77.24,39.51,27.55,35.72,36.4,28.22,36.06,33.910000000000004,33.99828801464433,15.132774724520132
77.74,39.51,27.88,35.72,36.4,28.22,36.06,33.964999999999996,33.99329481244768,15.26959000586513
78.25,39.86,27.88,35.72,36.4,28.22,36.4,34.08,34.00630059058053,14.936824817489653
78.75,39.86,27.55,35.72,36.75,28.22,36.4,34.083333333333336,34.017855501993445,14.696264676538137
79.26,39.86,27.88,35.72,36.4,28.22,36.06,34.02333333333333,34.018677176694425,14.766906650272462
79.76,39.51,27.88,35.72,36.4,28.22,36.4,34.02166666666667,34.019125600190264,14.777830936107335
80.27,39.86,27.88,35.72,36.75,28.22,36.4,34.13833333333333,34.037006760161724,14.340303627010492
80.77,39.17,27.21,35.37,36.4,28.22,36.06,33.73833333333334,33.992205746137465,15.116477217158874
81.27,39.51,27.55,35.72,36.4,28.22,36.06,33.910000000000004,33.97987488421685,15.36308545707565
81.78,39.86,27.88,35.72,36.4,28.22,36.06,34.02333333333333,33.986393651584315,15.242263372106017
82.29,39.51,27.55,35.37,36.4,28.56,36.06,33.90833333333334,33.97468460384667,15.370455822609147
82.79,39.51,27.21,35.72,36.4,28.22,36.06,33.85333333333333,33.95648191326967,16.057503286945305
83.3,39.51,27.55,35.72,36.4,28.56,36.06,33.96666666666667,33.95800962627922,16.138182228735438
83.8,39.51,27.55,35.72,36.4,28.56,36.06,33.96666666666667,33.95930818233733,16.095290731415393
84.31,39.86,27.55,35.37,36.75,28.56,36.06,34.025,33.96916195498674,15.995818322458513
84.81,39.51,27.55,35.37,36.4,28.56,36.06,33.90833333333334,33.96003766173872,16.331683924750696
85.32,39.86,27.55,35.72,36.4,28.56,36.06,34.025,33.969782012477914,16.14304901237448
85.82,39.51,27.55,35.72,36.4,28.56,36.06,33.96666666666667,33.96931471060623,16.164529510393653
86.32,39.86,27.55,35.72,36.4,28.22,36.06,33.968333333333334,33.96916750401529,16.121692000092313
86.83,39.51,27.55,35.72,36.4,28.22,36.4,33.96666666666667,33.968792378413,16.212298391292943
87.34,39.51,27.88,35.72,36.75,28.22,36.4,34.080000000000005,33.985473521651045,15.819982834042822
87.84,39.51,27.88,35.72,36.4,28.56,36.06,34.02166666666667,33.99090249340339,15.720956330746244
88.35,39.51,27.88,35.37,36.4,28.56,36.06,33.96333333333333,33.98676711939287,15.813104043565831
88.85,39.51,27.88,35.72,36.4,28.56,36.06,34.02166666666667,33.992002051483944,15.716629146077638
89.36,39.51,27.88,35.72,36.4,28.56,36.06,34.02166666666667,33.99645174376135,15.521079838273213
89.86,39.51,27.88,35.37,36.4,28.56,36.06,33.96333333333333,33.99148398219714,15.588897318445785
90.37,39.51,27.55,35.72,36.4,28.56,36.4,34.02333333333333,33.996261384867566,15.52437742367227
90.87,39.86,27.55,35.72,36.4,28.56,36.4,34.08166666666667,34.009072177137426,15.23433583417488
91.37,39.51,27.88,35.37,36.4,28.56,36.06,33.96333333333333,34.00221135056682,15.33735768821081
91.88,39.86,27.88,35.72,36.4,28.56,36.4,34.13666666666666,34.022379647981786,14.965996856065702
92.39,39.51,27.55,35.72,36.4,28.56,36.06,33.96666666666667,34.01402270078452,15.086601326101052
92.89,39.51,27.55,35.72,36.4,28.56,36.4,34.02333333333333,34.01541929566684,14.968215562627945
93.4,39.51,27.55,35.72,36.4,28.9,36.06,34.02333333333333,34.016606401316814,14.978648109861862
93.9,39.51,27.55,35.72,36.4,28.56,36.06,33.96666666666667,34.00911544111929,14.987520484208577
94.41,39.51,27.88,35.72,36.4,28.56,36.06,34.02166666666667,34.01099812495139,14.99777424801924
94.91,39.51,27.55,35.72,36.4,28.56,36.06,33.96666666666667,34.004348406208685,15.113627157705418
95.42,39.51,27.88,35.72,36.4,28.56,36.06,34.02166666666667,34.00694614527738,15.051669969831249
95.92,39.51,27.88,35.72,36.4,28.56,36.06,34.02166666666667,34.00915422348577,15.051358650525662
96.42,39.51,27.55,35.72,36.4,28.56,36.06,33.96666666666667,34.0027810899629,15.160095971970014
96.93,39.51,28.22,35.37,36.4,28.56,36.4,34.07666666666667,34.01386392646847,14.981001910402778
97.44,39.51,28.22,35.72,36.4,28.9,36.06,34.135,34.032034337498196,14.600953730380187
97.94,39.51,27.88,35.37,36.4,28.56,36.06,33.96333333333333,34.021729186873465,14.767161942295685
98.45,39.17,27.88,35.37,36.4,28.9,36.06,33.96333333333333,34.01296980884244,14.965573720435135
98.95,39.17,27.88,35.37,36.4,28.9,36.4,34.02,34.01402433751607,14.866273622917625
99.46,39.17,27.88,35.72,36.4,28.9,36.06,34.02166666666667,34.01517068688866,14.720520257629616
99.96,39.51,28.22,35.37,36.4,28.56,36.06,34.02,34.01589508385536,14.761633271573096
100.47,39.17,28.22,35.37,36.4,28.56,36.06,33.96333333333333,34.008010821277054,14.961617359655222
100.97,39.51,27.88,35.37,36.06,28.56,36.06,33.906666666666666,33.992809198085496,15.251891160850928
101.47,39.51,27.88,35.37,36.4,28.9,36.4,34.07666666666667,34.005387818372675,14.998860617040993
101.98,39.51,27.88,35.37,36.4,28.9,36.06,34.02,34.00757964561677,14.947567480992625
102.49,39.17,28.56,35.37,36.4,28.9,36.06,34.07666666666667,34.017942698774256,14.789352171489224
102.99,39.51,28.22,35.03,36.4,28.9,36.06,34.02,34.018251293958116,14.867976814381558
103.5,39.51,27.88,35.03,36.06,28.56,35.72,33.79333333333334,33.9845135998644,15.447806207940426
104.0,39.51,27.88,34.69,35.72,28.56,35.37,33.62166666666667,33.930086559884735,16.57763829136768
104.5,39.17,27.55,34.34,35.37,28.56,35.03,33.336666666666666,33.84107357590202,18.549125410318947
105.01,39.17,27.55,34.0,35.37,28.56,34.69,33.223333333333336,33.748412539516714,20.946375278305222
105.51,39.17,27.88,34.34,35.37,28.22,34.34,33.22,33.66915065858921,23.579799618911807
106.02,38.82,27.88,33.66,35.03,28.22,34.34,32.99166666666667,33.56752805980083,27.396742872294833
106.52,38.82,27.88,33.66,35.03,28.22,34.0,32.934999999999995,33.4726488508307,31.834395307931356
107.03,38.82,28.22,33.66,34.69,27.88,34.0,32.87833333333333,33.38350152320609,36.57446188860591
107.54,38.82,27.88,33.66,34.69,27.88,33.66,32.765,33.290726294725175,41.67185234076328
108.04,39.17,27.55,33.66,34.34,27.88,33.32,32.65333333333333,33.1951173505164,47.4574439815596
108.55,38.82,27.55,33.32,34.34,27.88,33.32,32.538333333333334,33.09659974793894,53.45936379400792
109.05,39.17,27.88,33.32,34.34,27.88,33.32,32.651666666666664,33.029859785748094,58.21940205341717
109.56,39.17,27.55,33.66,34.0,27.88,33.32,32.596666666666664,32.96488081788588,62.8876178483495
110.06,39.51,27.55,33.66,34.0,27.88,33.66,32.71,32.926648695203,66.512526314609
110.56,39.86,27.55,33.32,34.0,27.55,33.32,32.6,32.877651390922544,70.3723218790226
111.07,39.86,27.21,33.66,33.66,27.55,32.98,32.486666666666665,32.81900368228416,73.9906451789131
111.57,40.56,27.21,34.0,34.0,27.55,33.32,32.77333333333333,32.81215312994154,75.9079598588979
112.08,40.9,27.55,33.66,34.0,27.88,33.32,32.885,32.82308016045031,77.01594136060912
112.58,41.25,27.55,34.0,34.34,27.88,33.32,33.056666666666665,32.85811813638276,77.52587910085413
113.09,41.6,27.55,34.0,34.34,27.55,33.66,33.11666666666667,32.896900415925344,77.98088432904594
113.59,41.6,27.21,34.34,34.34,27.21,33.66,33.06,32.921365353536544,78.3335728368466
114.1,41.95,27.21,34.34,34.69,27.55,34.0,33.29,32.97666055050606,77.69487835989098
114.6,42.3,27.21,34.34,34.34,27.55,34.0,33.29,33.02366146793015,77.00811680146738
115.11,42.65,27.55,34.69,34.69,27.55,34.0,33.52166666666667,33.098362247740624,75.44353170667696
115.61,42.65,27.55,35.03,34.69,27.21,34.0,33.52166666666667,33.161857910579535,74.20862595707509
116.11,43.35,27.21,35.03,34.69,27.21,34.34,33.638333333333335,33.233329223992605,72.3185723703781
116.62,43.35,27.21,35.03,35.03,27.21,34.34,33.695,33.30257984039371,70.42906113961067
117.12,43.35,27.21,35.37,35.03,27.55,34.69,33.86666666666667,33.38719286433465,67.57228215241007
117.63,44.05,27.21,35.72,35.37,27.21,34.69,34.041666666666664,33.48536393468445,64.12771596049986
118.14,44.05,27.55,35.72,35.03,27.21,34.69,34.041666666666664,33.56880934448178,60.86324600063462
118.64,44.05,27.21,35.72,35.03,27.21,34.69,33.985,33.63123794280951,58.21820407882122
119.15,44.4,27.21,35.72,35.37,27.21,34.69,34.1,33.70155225138808,54.95571996992395
119.65,44.4,27.55,35.72,35.37,26.87,34.69,34.1,33.761319413679864,51.80120806584968
120.16,44.4,26.87,35.72,35.72,26.87,35.03,34.10166666666667,33.81237150162789,49.07910669125562
120.66,44.4,27.55,35.72,35.72,27.21,35.03,34.27166666666667,33.8812657763837,45.872938671210164
121.16,44.75,26.87,36.06,35.37,26.87,35.03,34.15833333333334,33.922825909926146,43.558556368447775
121.67,44.75,27.21,35.72,35.37,26.87,34.69,34.10166666666667,33.949652023437224,41.904307369622344
122.17,44.4,26.54,35.72,35.37,26.87,34.69,33.931666666666665,33.946954219921636,41.44668144226723
122.68,44.4,27.21,35.72,35.37,26.87,34.69,34.04333333333333,33.96141108693339,40.13765048804549
123.19,44.05,27.21,35.72,35.37,26.54,34.69,33.93,33.95669942389338,39.86051243008462
123.69,44.05,26.87,36.06,35.72,26.87,34.69,34.04333333333333,33.969694510309374,39.110473198756736
124.19,44.05,26.54,35.72,35.72,26.87,34.69,33.931666666666665,33.963990333762965,39.38958627191481
124.7,44.05,26.87,36.06,35.72,26.87,35.03,34.1,33.98439178369852,38.50860683410865
125.2,43.7,26.87,35.72,35.37,26.54,34.34,33.75666666666667,33.95023301614374,39.8448687381807
125.71,44.05,26.87,36.06,35.37,26.54,34.69,33.93,33.947198063722176,39.86152775701419
126.21,44.05,26.54,35.72,35.37,26.87,34.34,33.815000000000005,33.927368354163846,40.733101081626074
126.72,43.7,26.54,35.72,35.72,26.87,34.34,33.815000000000005,33.91051310103927,41.206061411183875
127.22,43.7,26.87,35.37,35.37,26.54,34.69,33.75666666666667,33.88743613588338,42.60145926614336
127.73,43.7,26.87,35.72,35.37,26.87,34.34,33.81166666666667,33.876070715500866,43.20803695455962
128.24,43.7,26.54,35.72,35.37,26.54,34.34,33.70166666666667,33.849910108175735,44.60340221408436
128.74,43.7,26.54,35.37,35.37,26.54,34.34,33.64333333333334,33.81892359194938,46.18873686078563
129.24,43.7,26.54,35.37,35.03,26.54,34.0,33.53,33.775585053156966,48.376076817840584
129.75,43.35,26.54,35.37,35.37,26.54,34.0,33.52833333333333,33.73849729518342,50.235240781475
130.25,43.35,26.2,35.37,35.03,26.54,34.0,33.415,33.689972700905905,52.7666277993197
130.76,43.35,26.54,35.37,35.03,26.2,33.66,33.35833333333333,33.64022679577002,55.450234106779625
131.26,43.35,26.54,35.37,35.37,26.54,34.0,33.52833333333333,33.62344277640452,57.06619003916651
131.77,43.7,26.54,35.72,35.37,26.2,34.0,33.58833333333333,33.61817635994384,58.17805164340252
132.27,43.7,26.54,35.37,35.37,26.2,34.0,33.53,33.60494990595226,59.72311415058742
132.78,43.7,26.2,35.37,35.03,26.2,34.0,33.416666666666664,33.57670742005942,61.83009106192869
133.28,43.7,26.54,35.72,35.37,26.2,34.0,33.58833333333333,33.57845130705051,62.46180469883698
133.79,44.05,26.54,35.72,35.37,26.54,34.0,33.70333333333333,33.59718361099293,62.33688005291701
134.29,44.05,26.2,35.72,35.03,26.2,34.0,33.53333333333333,33.58760606934399,63.30842139753794
134.8,44.4,26.54,35.37,35.37,26.2,34.34,33.70333333333333,33.60496515894239,63.490213952678175
135.3,44.4,26.2,35.72,35.37,26.2,34.0,33.64833333333333,33.61147038510103,63.6938796532641
135.81,44.4,26.54,35.72,35.37,26.2,34.0,33.705,33.62549982733587,63.42322953953943
136.31,44.75,26.2,35.72,35.37,26.2,34.34,33.76333333333333,33.64617485323549,63.22506515084425
136.81,44.75,26.2,36.06,35.37,25.87,34.34,33.765,33.663998625250166,62.791189491622355
137.32,44.75,26.2,36.06,35.37,26.2,34.34,33.82,33.68739883146264,62.25877122068637
137.83,44.75,26.2,36.06,35.72,26.2,34.69,33.93666666666667,33.72478900674324,61.09261458708913
138.33,45.1,26.54,36.06,35.37,26.2,34.34,33.934999999999995,33.75632065573175,60.00697823814085
138.84,45.1,26.2,36.06,35.72,26.2,34.34,33.93666666666666,33.78337255737198,59.07574488224986
139.34,45.1,25.87,36.06,35.72,26.2,34.34,33.88166666666667,33.79811667376619,58.5010213935936
139.85,45.1,26.54,36.06,35.72,26.2,34.69,34.05166666666667,33.836149172701255,56.852215150110474
140.35,45.1,25.87,36.4,35.72,26.2,34.34,33.93833333333333,33.85147679679607,56.082058053269044
140.86,45.1,25.87,36.4,35.72,25.87,34.69,33.94166666666667,33.86500527727666,55.41428924827325
141.36,45.45,25.87,36.4,35.72,25.87,34.69,34.0,33.88525448568515,54.62215236709992
141.86,45.1,25.87,36.4,36.06,25.87,34.34,33.940000000000005,33.89346631283238,53.97678658140047
142.37,45.45,25.87,36.4,35.72,25.87,34.34,33.94166666666667,33.90069636590752,53.64015958429478
142.88,45.45,26.2,36.4,35.72,25.87,34.34,33.99666666666667,33.91509191102139,53.04005314048601
143.38,45.1,26.2,36.4,35.72,25.87,34.69,33.99666666666666,33.92732812436818,52.42078017752551
143.89,45.45,25.87,36.4,35.72,25.87,34.34,33.94166666666667,33.929478905712955,52.3258438133285
144.39,45.45,25.87,36.4,35.72,25.87,34.34,33.94166666666667,33.93130706985601,52.25293135373931
144.9,45.45,25.87,36.4,36.06,25.87,34.34,33.998333333333335,33.94136100937761,51.77004961671232
145.4,45.45,25.87,36.4,36.06,25.53,34.34,33.94166666666667,33.94140685797097,51.68871648909804
145.91,45.1,26.2,36.4,35.72,25.87,34.34,33.93833333333333,33.94094582927532,51.75286193599202
146.41,45.1,25.87,36.4,35.72,25.87,34.34,33.88333333333333,33.93230395488402,52.138114162416706
146.91,45.45,25.87,36.4,35.72,25.87,34.34,33.94166666666667,33.93370836165142,52.04280613278082
147.42,45.45,25.87,36.4,36.06,25.87,34.34,33.998333333333335,33.943402107403706,51.74988772664545
147.93,45.1,26.2,36.06,35.72,25.53,34.69,33.88333333333333,33.934391791293145,52.17488944035678
148.43,45.45,25.87,36.4,35.72,25.53,34.34,33.885,33.926983022599174,52.65089814480132
148.94,45.1,25.87,36.4,36.06,25.53,34.34,33.88333333333333,33.920435569209296,52.97728973985212
149.44,45.1,25.53,36.06,36.06,25.53,34.34,33.77,33.8978702338279,53.82601267594864
149.95,45.1,25.53,36.06,36.06,25.53,34.34,33.77,33.87868969875372,54.802195353311426
150.45,45.45,25.87,36.4,35.72,25.53,34.34,33.885,33.87963624394065,55.007766362635316
150.95,45.45,25.87,36.4,36.06,25.53,34.34,33.94166666666667,33.888940807349556,54.88076657152847
151.46,45.45,25.53,36.4,35.72,25.87,34.34,33.885,33.888349686247125,55.319942322146645
151.96,45.45,25.53,36.4,35.72,25.53,34.34,33.82833333333333,33.87934723331005,56.03869907109815
152.47,45.45,25.53,36.4,36.06,25.53,34.34,33.885,33.88019514831354,56.14325153691389
152.98,45.45,25.53,36.4,35.72,25.53,34.34,33.82833333333333,33.872415876066505,56.47281569312843
153.48,45.45,25.87,36.06,35.72,25.53,34.34,33.82833333333334,33.865803494656525,56.88835882500306
153.99,45.45,25.53,36.4,36.06,25.53,34.34,33.885,33.868682970458046,57.05377608765612
154.49,45.45,25.53,36.4,35.72,25.53,34.34,33.82833333333333,33.86263052488933,57.43370838077539
154.99,45.45,25.87,36.4,36.06,25.53,34.34,33.94166666666667,33.874485946155936,57.24736852741942
155.5,45.45,25.53,36.4,35.72,25.53,34.69,33.88666666666666,33.87631305423254,57.4124886941273
156.0,45.81,25.53,36.4,36.06,25.53,34.0,33.888333333333335,33.87811609609766,57.4601577822454
156.51,45.81,25.87,36.4,35.72,25.53,34.34,33.945,33.888148681683006,57.3029092499517
157.01,45.81,25.87,36.4,36.06,25.2,34.0,33.89,33.888426379430555,57.28417709872525
157.52,45.81,25.53,36.4,35.72,25.53,34.69,33.946666666666665,33.89716242251597,57.06685392556682
158.03,45.81,25.53,36.75,35.72,25.53,34.34,33.946666666666665,33.904588059138575,56.88865905670255
158.54,45.81,25.53,36.4,35.72,25.53,34.34,33.888333333333335,33.90214985026778,56.975299290148065
159.04,46.16,25.53,36.4,36.06,25.53,34.34,34.00333333333334,33.91732737272762,56.51455524211596
159.55,45.81,25.53,36.4,36.06,25.2,34.34,33.89,33.91322826681848,56.664878483879455
160.05,45.81,25.53,36.4,36.06,25.2,34.34,33.89,33.9097440267957,56.81280019641787
160.56,45.81,25.53,36.75,36.06,25.53,34.34,34.00333333333334,33.92378242277635,56.41912758903796
161.06,46.16,25.87,36.75,36.06,25.2,34.34,34.06333333333333,33.94471505935989,55.52648882710404
161.56,46.16,25.53,36.4,36.06,25.53,34.34,34.00333333333334,33.95350780045591,55.30870269202537
162.07,45.81,25.53,36.4,36.06,25.53,34.34,33.945,33.95223163038752,55.458070581564954
162.57,46.16,25.53,36.75,36.06,25.2,34.34,34.00666666666667,33.96039688582939,55.030654676045884
163.08,45.81,25.53,36.75,36.06,25.53,34.34,34.00333333333334,33.96683735295498,54.57319449559893
163.59,46.16,25.53,36.4,36.06,25.2,34.34,33.94833333333333,33.96406175001174,54.61196328858957
164.09,45.81,25.53,36.75,36.06,25.53,34.69,34.06166666666667,33.97870248750997,54.10936621086806
164.59,46.16,25.2,36.75,36.06,25.53,34.69,34.065000000000005,33.991647114383476,53.535697268913566
165.1,46.16,25.53,36.75,36.06,25.2,34.34,34.00666666666667,33.99390004722595,53.37908395270616
165.6,46.16,25.2,36.75,36.06,25.2,34.34,33.95166666666667,33.98756504014206,53.66545642176482
166.11,45.81,25.2,36.75,36.06,25.53,34.69,34.00666666666667,33.99043028412075,53.38834910395135
166.61,45.81,25.53,36.4,35.72,25.2,34.0,33.776666666666664,33.95836574150263,54.474205655006955
167.12,46.16,25.53,36.75,36.06,25.53,34.34,34.06166666666667,33.973860880277236,53.90170153945725
167.62,45.81,25.53,36.75,36.06,25.2,34.69,34.00666666666667,33.97878174823565,53.82334979311696
168.13,45.81,25.2,36.4,36.06,24.86,34.0,33.721666666666664,33.9402144860003,55.29607607293994
168.63,45.81,25.2,36.75,36.06,25.2,34.34,33.89333333333333,33.933182313100254,56.03449373103205
169.13,45.81,25.2,36.75,36.06,25.2,34.34,33.89333333333333,33.927204966135214,56.15414436670524
169.64,45.81,25.2,36.75,36.06,25.2,34.34,33.89333333333333,33.92212422121493,56.37695125443989
170.14,46.16,25.2,36.75,36.06,25.2,34.34,33.95166666666667,33.926555588032684,56.77761366363473
170.65,46.16,25.2,37.09,36.06,25.53,34.34,34.06333333333333,33.947072249827784,56.172628052062464
171.15,46.16,25.2,36.75,36.06,25.2,34.34,33.95166666666667,33.947761412353614,56.28502761434265
171.65,46.16,25.53,36.75,35.72,25.2,34.34,33.949999999999996,33.94809720050057,56.39896035310043
172.16,45.81,25.2,36.75,36.4,25.2,34.34,33.949999999999996,33.94838262042548,56.39741251254561
172.66,46.16,25.2,36.75,36.06,25.2,34.34,33.95166666666667,33.94887522736166,56.189731169403935
173.17,46.16,25.53,36.75,36.06,25.2,34.34,34.00666666666667,33.95754394325741,55.913221202149984
173.67,46.16,25.2,36.75,36.4,25.2,34.34,34.00833333333333,33.9651623517688,55.670186386128975
174.18,46.16,25.53,36.75,36.06,25.2,34.69,34.065,33.980137999003475,55.13617454637559
174.68,46.16,25.53,36.75,36.06,25.2,34.34,34.00666666666667,33.98411729915295,55.00203966713107
175.18,46.16,25.53,36.75,36.06,25.2,34.34,34.00666666666667,33.987499704280005,54.784569282758945
175.69,46.16,25.2,36.75,36.06,25.2,34.69,34.01,33.990874748638,54.57602532538971
176.19,46.16,25.2,36.75,36.4,25.2,34.34,34.00833333333333,33.9934935363423,54.30094387769143
176.7,46.16,25.2,37.09,36.06,25.2,34.34,34.00833333333333,33.99571950589095,54.17399783813389
177.2,46.16,25.53,36.75,36.06,25.2,34.34,34.00666666666667,33.99736158000731,54.074122177392006
177.71,46.16,25.2,36.4,36.06,24.86,34.34,33.836666666666666,33.97325734300621,54.96193811025382
178.21,46.16,25.53,36.75,36.06,25.2,34.34,34.00666666666667,33.978268741555276,54.77027287380862
178.71,46.16,25.53,36.75,36.4,25.2,34.34,34.06333333333333,33.99102843032198,54.279233036145634
179.22,46.16,25.2,36.75,36.06,25.2,34.34,33.95166666666667,33.985124165773684,54.49702098181303
179.72,46.16,25.2,36.75,36.06,25.2,34.34,33.95166666666667,33.98010554090763,55.00673997278276
180.23,46.16,24.86,36.75,36.4,25.2,34.34,33.95166666666666,33.975839709771485,55.132955306714635
180.73,46.16,25.2,36.75,36.4,25.2,34.34,34.00833333333333,33.98071375330576,54.81794194799395
181.24,46.16,24.86,36.75,36.06,25.2,34.34,33.894999999999996,33.96785669030989,55.40782361845882
181.74,46.16,25.2,36.75,36.06,24.86,34.34,33.895,33.956928186763406,55.92744657741257
182.25,46.51,24.86,36.75,36.06,25.2,34.34,33.95333333333333,33.956388958748896,56.053666015542056
182.75,46.16,25.2,36.75,36.06,25.2,34.34,33.95166666666667,33.95568061493656,56.07439316865891
183.26,46.16,25.2,36.75,36.06,25.2,34.34,33.95166666666667,33.95507852269608,56.31016377044189
183.76,46.51,25.2,36.75,36.4,25.2,34.34,34.06666666666666,33.97181674429166,55.86107195842028
184.27,46.16,25.2,36.75,36.06,24.86,34.34,33.895,33.96029423264791,56.34226039512363
184.77,46.16,25.2,37.09,36.06,24.86,34.34,33.95166666666667,33.959000097750724,56.449117118980666
185.28,46.16,25.2,36.75,36.06,25.2,34.34,33.95166666666667,33.95790008308811,56.54880554268665
185.78,46.51,25.2,36.75,36.06,25.2,34.34,34.01,33.965715070624896,56.09672200954421
186.29,46.16,24.86,36.75,36.06,25.2,34.34,33.894999999999996,33.95510781003115,56.68486542246601
186.79,46.16,24.86,36.75,36.4,24.86,34.34,33.894999999999996,33.946091638526475,57.098520468273584
187.3,46.51,25.2,36.75,36.4,24.86,34.34,34.01,33.9556778927475,56.81380905367968
187.8,46.16,25.2,36.75,36.06,25.2,34.34,33.95166666666667,33.95507620883538,56.79519091899591
188.31,46.16,24.53,36.75,36.4,24.86,34.34,33.839999999999996,33.93781477751006,57.634936780695824
188.81,46.16,25.2,36.75,36.4,24.86,34.34,33.95166666666667,33.93989256088356,57.74225716349789
189.32,46.51,25.2,36.75,36.06,24.86,34.0,33.89666666666667,33.93340867675102,57.94373115642762
189.82,46.16,25.2,37.09,36.4,24.86,34.34,34.00833333333333,33.94464737523837,57.60733024434595
190.32,46.16,25.2,36.75,36.4,24.86,34.34,33.95166666666667,33.945700268952606,57.84565838557898
190.83,46.51,25.2,37.09,36.4,24.86,34.69,34.125,33.97259522860972,56.867068263090005
191.33,46.51,25.2,37.09,36.06,24.86,34.69,34.068333333333335,33.98695594431826,56.43370282404491
191.84,46.16,24.86,36.75,36.4,24.86,34.34,33.894999999999996,33.973162552670516,56.83678981032225
192.34,46.51,25.2,37.09,36.4,25.2,34.34,34.12333333333333,33.99568816976994,55.99837300774975
192.85,46.51,25.2,37.09,36.4,25.2,34.34,34.12333333333333,34.01483494430445,54.93851196509457
193.36,46.51,24.86,37.09,36.4,24.86,34.34,34.010000000000005,34.01410970265878,54.7701645356955
193.86,46.16,25.2,37.09,36.06,24.86,34.69,34.01,34.01349324725996,54.9471451644472
194.37,46.51,25.53,36.75,36.4,24.86,34.34,34.065000000000005,34.021219260170966,54.354505012947364
194.87,46.51,24.86,37.09,36.4,25.2,34.34,34.06666666666667,34.02803637114532,53.828036942342074
195.37,46.51,24.86,37.09,36.06,25.2,34.34,34.01,34.02533091547352,53.90642165577047
195.88,46.16,24.86,37.09,36.4,24.86,34.34,33.95166666666667,34.014281278152495,54.30790746696361
196.38,46.51,24.86,37.09,36.4,25.2,34.34,34.06666666666667,34.02213908642962,53.891809722761884
196.89,46.51,25.53,37.09,36.4,25.2,34.69,34.236666666666665,34.054318223465174,52.53768623614556
197.39,46.51,25.53,36.75,36.4,24.86,34.34,34.065000000000005,34.0559204899454,52.441757302120976
197.9,46.16,25.2,36.75,36.4,25.2,34.34,34.00833333333333,34.048782416453584,52.78563388739561
198.41,46.51,24.86,37.09,36.06,25.2,34.69,34.068333333333335,34.051715053985546,52.513560415293824
198.91,46.51,24.86,36.75,36.4,25.2,34.34,34.01,34.045457795887714,52.28966426006916
199.42,46.51,24.86,37.09,36.4,24.86,34.34,34.010000000000005,34.040139126504556,52.41862553394764
199.92,46.51,25.2,37.09,36.06,25.2,34.34,34.06666666666667,34.04411825752887,52.30374303786236
200.42,46.16,25.2,37.09,36.4,24.86,34.34,34.00833333333333,34.03875051889954,52.41967782898202
200.93,46.51,24.86,36.75,36.4,24.86,34.34,33.95333333333333,34.02593794106461,52.94442365854363
201.43,46.51,24.86,37.09,36.4,25.2,34.34,34.06666666666667,34.03204724990492,52.742404611782945
201.94,46.16,24.86,37.44,36.4,24.86,34.69,34.06833333333333,34.03749016241918,52.442502872465866
202.44,46.51,24.86,37.44,36.4,24.86,34.69,34.126666666666665,34.0508666380563,51.9453616246809
202.95,46.51,25.2,37.78,36.75,25.2,35.03,34.41166666666667,34.10498664234785,49.945767909343076
203.46,46.86,25.2,37.78,36.75,25.2,35.03,34.47,34.159738645995674,47.61833182473553
203.96,46.51,25.53,37.78,37.09,25.2,35.03,34.52333333333333,34.21427784909633,45.249793592850054
204.47,46.51,24.86,38.13,37.44,25.2,35.37,34.585,34.269886171731876,42.69813177841064
204.97,46.86,25.53,38.48,37.09,25.2,35.37,34.755,34.342653245972095,38.99502519363947
205.47,46.86,24.86,38.48,37.44,25.2,35.72,34.76,34.40525525907628,35.68498467985321
205.98,46.86,24.86,38.48,37.78,25.2,35.72,34.81666666666666,34.466966970214834,32.47014735118343
206.48,46.86,25.2,38.82,37.78,25.2,36.06,34.986666666666665,34.544921924682605,28.818173519777368
206.99,46.86,25.2,38.82,38.13,25.2,36.06,35.044999999999995,34.61993363598022,25.272541605794537
207.49,46.86,24.86,38.82,37.78,25.2,36.06,34.93,34.66644359058318,22.81974957222047
208.0,46.51,25.2,39.17,38.13,25.2,36.4,35.10166666666667,34.7317270519957,20.038583559395224
208.51,46.51,25.2,38.82,38.13,25.53,36.4,35.098333333333336,34.786717994196344,17.58553293432211
209.01,46.51,24.86,39.17,38.48,25.2,36.4,35.10333333333333,34.83421029506689,15.510117471254247
209.52,46.16,25.2,39.17,38.13,25.53,36.4,35.098333333333336,34.87382875080685,13.925238308838534
210.02,46.16,24.86,39.17,38.48,25.53,36.4,35.1,34.907754438185826,12.450633421641404
210.52,45.81,25.2,39.17,38.48,25.53,36.4,35.098333333333336,34.936341272457945,11.228363966341334
211.03,45.81,25.2,39.17,38.48,25.53,36.4,35.098333333333336,34.960640081589254,10.194018282941112
211.53,45.45,25.2,39.17,38.82,25.53,36.4,35.095000000000006,34.980794069350864,9.322060689897663
212.04,45.45,25.2,39.17,38.48,25.53,36.4,35.038333333333334,34.989424958948234,8.672373504254642
212.54,45.45,25.2,39.17,38.48,25.53,36.4,35.038333333333334,34.99676121510599,8.095462519114614
213.05,44.75,25.2,38.82,38.48,25.53,36.4,34.86333333333334,34.976747032840095,7.8680454339194075
213.56,44.75,25.53,38.82,38.82,25.53,36.4,34.975,34.97648497791408,7.4542393330481165
214.06,44.75,25.2,38.82,38.48,25.53,36.4,34.86333333333334,34.95951223122697,7.271237112283348
214.57,44.4,25.2,38.48,38.48,25.53,36.06,34.69166666666666,34.91933539654292,7.343238944971371
215.07,44.05,25.53,38.48,38.48,25.53,36.06,34.68833333333333,34.88468508706148,7.4649165243716284
215.57,43.7,25.2,38.13,38.48,25.53,36.06,34.516666666666666,34.82948232400226,7.756414637834464
216.08,44.05,25.2,38.48,38.48,25.53,36.06,34.63333333333333,34.800059975401915,7.847168450749688
216.58,43.7,25.2,38.13,38.48,25.87,36.06,34.57333333333333,34.76605097909163,8.087656765652545
217.09,43.35,25.2,38.13,38.48,25.87,36.06,34.515,34.72839333222788,8.370003944488863
217.59,43.35,25.2,38.13,38.48,25.87,36.06,34.515,34.6963843323937,8.688244227057355
218.09,43.35,25.53,38.13,38.13,25.87,35.72,34.455,34.66017668253464,8.978238988758186
218.6,43.0,25.2,37.78,38.13,25.87,35.72,34.28333333333334,34.603650180154446,9.580907685390878
219.11,43.0,25.53,37.78,38.13,25.87,35.72,34.33833333333333,34.56385265313127,10.025895308333748
219.61,42.65,25.2,38.13,37.78,25.87,35.72,34.225,34.51302475516158,10.642825636933404
220.12,43.0,25.53,37.78,38.13,25.87,35.72,34.33833333333333,34.486821041887346,10.961427311417204
220.62,42.65,25.2,37.78,38.13,25.87,35.72,34.225,34.44754788560424,11.610004741552705
221.13,42.65,25.87,37.78,38.13,25.87,35.37,34.278333333333336,34.42216570276361,11.993690080371607
221.63,42.3,25.53,37.78,38.13,25.87,35.37,34.163333333333334,34.38334084734906,12.691186467918
222.13,42.3,25.87,37.78,37.78,26.2,35.72,34.275,34.3670897202467,12.904607339134595
222.64,42.3,25.53,37.44,37.78,26.2,35.37,34.10333333333333,34.327526262209695,13.624738903613862
223.14,41.95,25.53,37.44,38.13,26.2,35.37,34.10333333333333,34.293897322878244,14.204905197732579
223.65,42.3,25.87,37.44,37.78,26.2,35.37,34.16,34.27381272444651,14.647428280582112
224.16,41.95,25.53,37.44,37.78,25.87,35.37,33.99,34.23124081577953,15.419061575770787
224.66,42.3,25.53,37.44,37.78,26.2,35.37,34.10333333333333,34.2120546934126,15.920619835604418
225.17,41.95,25.53,37.44,37.78,26.2,35.03,33.98833333333333,34.17849648940071,16.715593767308416
225.67,41.95,25.87,37.44,37.78,26.2,35.03,34.045,34.158472015990604,17.168048257718183
226.18,41.95,25.53,37.44,37.44,26.2,35.37,33.98833333333334,34.13295121359201,17.933722801252394
226.68,41.95,25.53,37.09,37.78,26.2,35.03,33.93,34.102508531553205,18.683432251342513
227.18,41.95,25.53,37.44,37.78,26.2,35.37,34.044999999999995,34.093882251820226,19.066604076869883
227.69,41.95,25.87,37.09,37.78,26.54,35.03,34.04333333333333,34.08629991404719,19.33141899537512
228.19,41.95,25.87,37.09,37.78,26.2,35.37,34.04333333333333,34.07985492694011,19.62052991537247
228.7,41.6,25.53,37.09,37.78,26.2,35.03,33.87166666666666,34.04862668789909,20.5780473230303
229.21,41.95,25.87,37.09,37.78,26.2,35.37,34.04333333333333,34.04783268471422,20.62896318211347
229.71,41.95,26.2,37.09,37.78,26.2,35.37,34.098333333333336,34.05540778200709,20.46014573359892
230.22,41.95,25.87,37.44,37.78,26.54,35.37,34.15833333333334,34.07084661470602,20.08071300429081
230.72,41.95,26.2,37.44,37.44,26.54,35.37,34.156666666666666,34.08371962250012,19.954528071054266
231.23,41.95,26.2,37.09,37.44,26.54,35.37,34.098333333333336,34.085911679125104,19.839985439051837
231.73,41.95,25.87,37.09,37.44,26.54,35.03,33.98666666666667,34.07102492725634,20.07948199790167
232.23,41.95,25.87,37.09,37.78,26.54,35.37,34.1,34.075371188167885,19.792062856094937
232.74,41.95,26.2,37.09,37.44,26.54,35.37,34.098333333333336,34.0788155099427,19.54646678812261
233.24,41.95,26.2,37.09,37.44,26.54,35.37,34.098333333333336,34.081743183451294,19.396335688894588
233.75,42.3,26.2,37.44,37.78,26.54,35.37,34.27166666666667,34.1102317059336,18.766399689443165
234.26,41.95,26.2,37.09,37.78,26.54,35.37,34.155,34.11694695004356,18.492130926086283
234.76,41.95,26.2,37.44,37.44,26.54,35.37,34.156666666666666,34.12290490753703,18.240186665767105
235.27,41.95,26.2,37.09,37.78,26.54,35.37,34.155,34.12771917140647,18.016502759129306
235.77,41.6,26.2,37.09,37.44,26.54,35.37,34.04,34.1145612956955,18.013024370467477
236.27,41.95,26.2,37.09,37.44,26.87,35.37,34.153333333333336,34.12037710134118,17.747260733924183
236.78,41.95,26.2,37.44,37.78,26.87,35.37,34.26833333333334,34.14257053614,17.12260010209256
237.28,41.95,25.87,37.09,37.78,26.87,35.37,34.155,34.144434955719,16.946992262938217
237.79,41.6,26.2,37.09,37.78,26.54,35.37,34.09666666666667,34.137269712361146,17.094773058316505
238.29,41.95,25.87,37.44,37.78,26.87,35.37,34.21333333333334,34.14867925550698,16.709159486983744
238.8,41.95,26.2,37.09,37.44,26.87,35.37,34.153333333333336,34.14937736718093,16.437984153484635
239.31,41.95,26.2,37.09,37.44,26.87,35.37,34.153333333333336,34.14997076210379,16.310354105917003
239.81,41.6,26.2,37.09,37.44,26.87,35.72,34.15333333333333,34.15047514778822,16.246331384929977
240.31,41.6,26.2,37.44,37.44,26.87,35.72,34.211666666666666,34.15965387561999,15.87619976035656
240.82,41.6,26.2,37.09,37.78,27.21,35.37,34.208333333333336,34.16695579427699,15.615520982498948
241.32,41.25,26.54,37.09,37.44,26.87,35.37,34.093333333333334,34.15591242513543,15.727492392787887
241.83,41.6,26.2,37.09,37.44,27.21,35.72,34.21,34.16402556136512,15.456081784496648
242.33,41.25,26.2,37.09,37.44,26.87,35.37,34.03666666666667,34.14492172716035,15.67715494703113
242.83,41.6,26.54,37.09,37.44,26.87,35.72,34.21,34.1546834680863,15.336148802155025
243.34,41.6,26.54,37.09,37.78,27.21,35.37,34.265,34.171230947873354,14.97787890036936
243.85,41.6,26.54,36.75,37.44,27.21,35.37,34.151666666666664,34.16829630569235,14.875408930914737
244.35,41.25,26.2,36.75,37.44,27.21,35.37,34.03666666666667,34.14855185983849,15.281830440911342
244.86,41.6,26.54,37.09,37.78,27.21,35.37,34.265,34.16601908086272,14.778904866489365
245.36,41.6,26.54,36.75,37.78,26.87,35.37,34.15166666666667,34.16386621873331,14.612954852848556
245.87,41.25,26.54,36.75,37.44,27.21,35.37,34.093333333333334,34.153286285923315,14.734062821053207
246.37,41.25,26.54,37.09,37.78,27.21,35.72,34.265,34.17004334303482,14.43798859283698
246.87,41.25,26.54,37.09,37.44,27.21,35.37,34.15,34.167036841579595,14.283329216385773
247.38,41.25,26.54,36.75,37.44,27.21,35.37,34.093333333333334,34.15598131534265,14.404480828957544
247.88,41.25,26.54,36.75,37.44,27.21,35.72,34.151666666666664,34.15533411804125,14.385923113601152
248.39,41.25,26.2,36.75,37.44,27.55,35.72,34.151666666666664,34.15478400033506,14.198598182760911
248.9,41.25,26.54,36.75,37.44,27.21,35.37,34.093333333333334,34.1455664002848,14.296967311842723
249.4,40.9,26.54,36.75,37.44,27.21,35.37,34.035000000000004,34.12898144024208,14.593018203811543
249.91,40.9,26.87,36.75,37.44,27.21,35.37,34.089999999999996,34.12313422420577,14.629670340488978
250.41,40.9,26.54,36.75,37.44,27.21,35.03,33.97833333333333,34.1014140905749,14.980104037080963
250.91,40.9,26.54,36.75,37.44,27.55,35.37,34.09166666666667,34.09995197698866,15.003099161596909
251.42,41.25,26.87,36.75,37.44,27.55,35.37,34.205000000000005,34.11570918044036,14.7356489172777
251.92,40.9,26.87,36.4,37.09,27.55,35.37,34.03,34.10285280337431,14.951357548687607
252.43,40.9,26.87,36.75,37.44,27.55,35.37,34.14666666666667,34.10942488286816,14.89461527858035
252.93,40.9,26.54,36.75,37.44,27.55,35.37,34.09166666666667,34.10676115043793,14.886866735975484
253.43,40.9,26.87,36.4,37.09,27.55,35.37,34.03,34.09524697787224,14.94563132113017
253.94,40.9,26.54,36.4,37.44,27.55,35.37,34.03333333333334,34.085959931191404,15.150945827178457
254.45,40.9,26.87,36.75,37.44,27.55,35.37,34.14666666666667,34.09506594151269,14.874108301934157
254.95,40.9,26.54,36.4,37.44,27.55,35.72,34.09166666666667,34.09455605028579,14.840824844012598
255.46,40.56,27.21,36.4,37.09,27.55,35.37,34.03000000000001,34.084872642742916,15.04467055301231
255.96,40.9,26.87,36.75,37.44,27.55,35.37,34.14666666666667,34.09414174633148,14.867022256577926
256.47,40.9,26.87,36.4,37.09,27.55,35.37,34.03,34.084520484381756,14.938711258487599
256.97,40.56,26.87,36.4,37.44,27.55,35.37,34.03166666666667,34.07659241172449,15.044709896283587
257.47,40.9,26.87,36.75,37.09,27.55,35.37,34.08833333333334,34.07835354996582,15.022768917802331
257.98,40.56,26.54,36.4,37.09,27.88,35.37,33.973333333333336,34.06260051747095,15.226425923578132
258.48,40.56,27.21,36.75,37.44,27.55,35.37,34.14666666666667,34.0752104398503,14.997257413220558
258.99,40.56,27.21,36.4,37.09,27.55,35.37,34.03000000000001,34.06842887387276,15.134365261592045
259.5,40.56,26.87,36.4,37.09,27.88,35.37,34.028333333333336,34.06241454279184,15.19895700909939
260.0,40.9,26.87,36.4,37.09,27.88,35.37,34.085,34.065802361373066,15.19257386751956
260.51,40.9,27.21,36.4,37.09,27.88,35.37,34.141666666666666,34.0771820071671,14.845001550769496
261.01,40.56,27.21,36.4,37.09,27.88,35.72,34.14333333333334,34.08710470609204,14.645770712205483
261.52,40.56,26.87,36.06,36.75,27.55,35.37,33.86000000000001,34.05303900017823,15.30075362003173
262.02,40.9,27.21,36.4,37.09,27.55,35.37,34.086666666666666,34.0580831501515,15.143773520455023
262.52,40.56,27.21,36.4,37.09,27.55,35.37,34.03000000000001,34.05387067762877,15.11726098549517
263.03,40.9,27.21,36.4,37.09,27.88,35.37,34.141666666666666,34.06704007598445,14.760616208643034
263.53,40.56,27.21,36.4,37.09,27.88,35.37,34.085,34.06973406458678,14.880609893622296
264.04,40.56,26.87,36.4,37.09,27.88,35.37,34.028333333333336,34.06352395489877,14.926480690229749
264.55,40.56,27.21,36.4,37.09,27.88,35.72,34.14333333333334,34.075495361663954,14.678976436192626
265.05,40.56,27.21,36.4,37.09,27.88,35.37,34.085,34.07692105741436,14.522253250056414
265.56,40.56,27.55,36.4,36.75,27.88,35.37,34.085,34.0781328988022,14.434693891885313
266.06,40.56,27.55,36.4,36.75,27.88,35.37,34.085,34.07916296398187,14.405098873919572
266.56,40.56,27.21,36.06,37.09,27.88,35.37,34.028333333333336,34.071538519384596,14.428221230592378
267.07,40.21,27.21,36.4,37.09,27.88,35.37,34.026666666666664,34.064807741476905,14.504230703785517
267.57,40.56,27.21,36.06,37.09,27.88,35.37,34.028333333333336,34.05933658025536,14.561789113084576
268.08,40.21,27.21,36.4,37.09,28.22,35.37,34.083333333333336,34.06293609321706,14.449418477120515
268.58,40.21,27.21,36.06,36.75,27.88,35.37,33.913333333333334,34.040495679234496,14.893157372625474
269.09,40.21,27.21,36.4,37.09,28.22,35.37,34.083333333333336,34.04692132734932,14.784239075518688
269.6,40.56,27.21,36.4,37.09,28.22,35.37,34.14166666666667,34.06113312824692,14.5136950742352
270.1,40.21,27.55,36.06,37.09,27.88,35.37,34.02666666666667,34.055963159009885,14.552909061569332
270.61,40.21,27.21,36.06,36.75,28.22,35.37,33.970000000000006,34.0430686851584,14.90973888948946
271.11,40.21,26.87,36.06,37.09,28.22,35.37,33.970000000000006,34.03210838238464,15.05778892977908
271.62,40.21,27.21,36.06,37.09,28.22,35.37,34.026666666666664,34.031292125026944,14.962797518918485
272.12,40.21,27.55,36.4,37.09,28.22,35.37,34.14,34.0475983062729,14.656803727234433
272.63,40.21,27.21,36.06,37.09,28.22,35.37,34.026666666666664,34.04445856033197,14.768907747535353
273.13,40.21,27.55,36.06,37.09,28.22,35.37,34.083333333333336,34.05028977628217,14.696284333947482
273.63,40.21,27.21,36.06,36.75,27.88,35.37,33.913333333333334,34.029746309839844,15.072996094302521
274.14,40.21,27.21,36.06,37.09,28.22,35.03,33.97,34.020784363363866,15.127489170650286
274.64,39.86,27.55,36.06,37.09,27.88,35.37,33.968333333333334,34.01291670885929,15.291599187019491
275.14,40.21,27.55,36.06,37.09,28.22,35.37,34.083333333333336,34.02347920253039,15.035180209367233
275.65,39.86,27.21,36.06,36.75,28.22,35.37,33.91166666666667,34.00670732215083,15.489017185510734
276.15,40.21,27.21,36.06,37.09,28.22,35.37,34.026666666666664,34.0097012238282,15.482539560605622
276.66,40.21,27.55,36.06,36.75,28.22,35.03,33.97,34.00374604025397,15.649180990935536
277.16,40.21,27.55,36.06,36.75,28.22,35.37,34.026666666666664,34.007184134215876,15.507178526591762
277.67,39.86,27.21,36.4,36.75,28.22,35.37,33.968333333333334,34.00135651408349,15.732017977391571
278.17,39.86,27.55,36.06,36.75,28.56,35.37,34.025,34.004903036970966,15.638624556323197
278.68,40.21,27.55,36.06,36.75,28.22,35.37,34.026666666666664,34.00816758142532,15.607941127515831
279.19,40.21,27.88,36.06,36.75,28.22,35.03,34.025,34.01069244421152,15.52853560175
279.69,39.86,27.88,36.06,36.75,28.22,35.37,34.02333333333333,34.01258857757979,15.521193773132866
280.2,40.21,27.88,36.06,36.75,28.22,35.37,34.08166666666667,34.02295029094282,15.280638374061795
280.7,40.21,27.21,36.06,36.75,28.22,35.37,33.970000000000006,34.0150077473014,15.404434193098188
281.21,39.86,27.88,36.06,36.75,28.22,35.03,33.96666666666667,34.00775658520619,15.525052960724564
281.71,39.86,27.88,36.06,37.09,28.22,35.37,34.08,34.01859309742525,15.288733089898942
282.22,39.86,27.21,36.06,36.75,28.56,35.37,33.968333333333334,34.011054132811466,15.361074767476238
282.72,39.86,27.55,36.06,36.75,28.22,35.37,33.968333333333334,34.004646012889744,15.53546297342333
283.22,39.86,27.55,36.06,37.09,28.22,35.37,34.025,34.00769911095628,15.51790049722164
283.73,39.86,27.55,36.06,36.75,28.56,35.37,34.025,34.01029424431284,15.389523463799948
284.24,40.21,27.88,36.06,36.75,28.56,35.37,34.138333333333335,34.02950010766591,15.047435860274225
284.74,39.86,27.55,36.06,36.75,28.56,35.37,34.025,34.02882509151602,15.082947831007044
285.25,40.21,28.22,35.72,36.75,28.56,35.37,34.138333333333335,34.04525132778861,14.72243896924143
285.75,39.86,27.55,36.06,36.75,28.56,35.37,34.025,34.042213628620324,14.736861652267432
286.26,39.86,27.88,36.06,36.75,28.22,35.03,33.96666666666667,34.030881584327275,14.810532605733176
286.76,39.86,27.55,36.06,36.75,28.56,35.37,34.025,34.02999934667818,14.812562763059233
287.26,39.86,27.88,35.72,36.4,28.56,35.37,33.964999999999996,34.02024944467646,14.880822567099022
287.77,39.86,27.55,36.06,36.75,28.56,35.03,33.968333333333334,34.01246202797498,15.040831331599817
288.27,39.86,27.88,35.72,36.75,28.22,35.03,33.91,33.997092723778735,15.413422974604224
288.77,39.86,28.22,35.72,36.75,28.56,35.37,34.080000000000005,34.00952881521193,15.171327620702279
289.28,39.86,27.21,36.06,36.75,28.22,35.03,33.855,33.98634949293014,15.697635228833388
289.79,39.86,27.88,36.06,36.75,28.56,35.72,34.138333333333335,34.009147068990615,15.294854990478846
290.29,40.21,27.88,35.72,36.75,28.56,35.37,34.08166666666667,34.02002500864202,15.170464638812554
290.8,39.86,27.55,36.06,36.75,28.56,35.72,34.083333333333336,34.02952125734572,14.890289632461531
291.3,39.86,28.22,36.06,36.75,28.56,35.37,34.13666666666666,34.04559306874386,14.70372970615072
291.81,40.21,27.55,35.72,36.75,28.56,35.37,34.02666666666667,34.042754108432284,14.587747493870179
292.31,39.86,27.55,35.72,36.75,28.56,35.37,33.968333333333334,34.03159099216744,14.709350570459753
292.81,39.86,27.55,36.06,37.09,28.56,35.72,34.14,34.04785234334232,14.318135799402096
293.32,39.86,27.55,36.06,36.75,28.9,35.37,34.08166666666667,34.052924491840976,14.095210016889636
293.82,39.86,27.88,36.06,36.75,28.9,35.37,34.13666666666667,34.06548581806483,13.846460998135035
294.33,39.51,27.88,36.06,36.75,28.56,35.37,34.02166666666667,34.058912945355104,13.99619364155275
294.84,39.86,27.88,36.06,36.75,28.56,35.37,34.080000000000005,34.06207600355184,13.804953801949841
295.34,39.51,27.88,35.72,36.75,28.56,35.37,33.965,34.04751460301906,14.007647805845162
295.85,39.86,28.22,35.72,36.75,28.56,35.37,34.080000000000005,34.0523874125662,13.813535929883876
296.35,39.51,27.55,35.72,36.75,28.9,35.37,33.96666666666667,34.03952930068127,14.060585693686702
296.86,39.51,28.22,35.72,36.75,28.9,35.37,34.07833333333333,34.04534990557908,13.909261176549482
297.36,39.86,27.88,36.06,36.75,28.9,35.37,34.13666666666667,34.059047419742214,13.716192337885621
297.86,39.86,27.88,35.72,36.75,28.56,35.37,34.02333333333333,34.05369030678088,13.750724463883856
298.37,39.51,28.22,35.72,36.75,28.56,35.37,34.02166666666667,34.04888676076374,13.883976305429652
298.87,39.51,28.22,36.06,36.75,28.56,35.37,34.07833333333333,34.053303746649185,13.738739308069924
299.38,39.51,27.88,35.72,36.75,28.56,35.37,33.965,34.040058184651805,13.869822577785184
299.89,39.51,27.55,35.72,36.75,28.9,35.37,33.96666666666667,34.029049456954034,14.083097918584423
300.39,39.51,27.88,36.06,36.75,28.9,35.37,34.07833333333333,34.036442038410925,13.956418420030717
300.9,39.86,28.22,35.72,36.75,28.56,35.37,34.080000000000005,34.04297573264929,13.78726877309974
301.4,39.51,27.88,35.72,36.4,28.9,35.37,33.96333333333333,34.03102937275189,14.062828870865754
301.91,39.51,27.88,35.72,36.75,28.9,35.37,34.02166666666667,34.0296249668391,14.137071111445094
302.41,39.51,27.88,35.72,36.75,28.9,35.37,34.02166666666667,34.028431221813236,14.096731639137166
302.92,39.51,28.22,35.72,36.75,28.9,35.37,34.07833333333333,34.03591653854125,13.900610581499102
303.42,39.51,28.22,35.72,36.75,28.9,35.37,34.07833333333333,34.04227905776006,13.832715438117358
303.92,39.51,28.22,35.72,36.4,28.56,35.37,33.96333333333333,34.03043719909605,14.035905542323412
304.43,39.17,28.22,35.37,36.4,28.9,35.03,33.848333333333336,34.003121619231635,14.543083688797811
304.94,39.51,28.22,35.72,36.75,28.9,35.37,34.07833333333333,34.01440337634689,14.279313762341467
305.44,39.51,28.22,35.72,36.75,28.9,35.37,34.07833333333333,34.023992869894855,14.051158323694727
305.95,39.51,27.88,35.72,36.75,28.9,35.37,34.02166666666667,34.023643939410626,14.114828329324341
306.45,39.51,28.22,35.72,36.4,28.9,35.37,34.02,34.023097348499036,14.277108118510276
306.95,39.17,28.22,35.72,36.4,28.9,35.37,33.96333333333333,34.01413274622418,14.36421629725495
307.46,39.51,28.22,35.72,36.75,28.9,35.37,34.07833333333333,34.02376283429055,14.114757725711913
307.96,39.17,27.88,35.72,36.4,28.9,35.37,33.906666666666666,34.00619840914696,14.435501157332581
308.47,39.17,28.22,35.72,36.4,28.56,35.03,33.85,33.98276864777492,14.889420385565083
308.97,39.51,28.22,35.72,36.75,28.9,35.37,34.07833333333333,33.997103350608675,14.676837996624936
309.48,39.17,27.88,35.72,36.4,28.9,35.37,33.906666666666666,33.98353784801737,14.882849597742265
309.99,39.51,28.56,35.72,36.75,28.9,35.37,34.135,34.00625717081476,14.561339484710306
310.49,39.51,28.22,35.72,36.4,28.9,35.37,34.02,34.00831859519255,14.663737811243
310.99,39.17,28.56,35.37,36.75,28.9,35.37,34.02,34.010070805913664,14.535327287890777
311.5,39.51,27.88,35.72,36.4,28.9,35.37,33.96333333333333,34.00306018502661,14.749618394838004
312.0,39.51,28.56,35.72,36.4,28.9,35.37,34.07666666666667,34.01410115727262,14.393289790384243
312.51,39.17,28.22,35.37,36.4,29.24,35.37,33.961666666666666,34.00623598368173,14.522595613369797
313.01,39.51,28.22,35.72,36.75,28.9,35.37,34.07833333333333,34.017050586129464,14.30118192051964
313.52,39.51,27.88,35.72,36.4,28.9,35.37,33.96333333333333,34.00899299821004,14.487766968590684
314.02,39.17,28.56,35.72,36.4,28.9,35.37,34.02,34.01064404847853,14.38241924181912
314.53,39.51,28.22,35.37,36.4,28.9,35.37,33.961666666666666,34.003297441206755,14.565473088594343
315.03,39.51,28.22,35.37,36.4,28.9,35.37,33.961666666666666,33.99705282502574,14.61665454797864
315.54,39.51,28.22,35.37,36.4,28.9,35.37,33.961666666666666,33.99174490127187,14.772132109613404
316.04,39.51,28.22,35.72,36.4,29.24,35.37,34.07666666666667,34.004483166081094,14.520152817544178
316.55,39.17,28.56,35.72,36.4,29.24,35.37,34.07666666666667,34.01531069116893,14.355441435106847
317.05,39.51,28.22,35.37,36.4,28.9,35.37,33.961666666666666,34.00726408749359,14.538724405919695
317.55,39.17,28.56,35.37,36.4,29.24,35.37,34.01833333333334,34.00892447436954,14.535210450454764
318.06,39.17,28.22,35.37,36.4,28.9,35.37,33.905,33.993335803214116,14.752032855835012
318.56,39.17,28.22,35.37,36.4,28.9,35.37,33.905,33.980085432732,14.94748470109735
319.07,39.51,28.22,35.37,36.4,29.24,35.37,34.01833333333334,33.985822617822194,14.898305555942319
319.58,39.51,28.22,35.72,36.4,28.9,35.37,34.02,33.99094922514887,14.796308619870487
320.08,39.51,27.88,35.37,36.4,29.24,35.37,33.961666666666666,33.98655684137653,14.987115555300305
320.59,39.17,28.22,35.37,36.4,29.24,35.37,33.961666666666666,33.98282331517005,15.154587293105651
321.09,39.17,28.56,35.37,36.4,28.9,35.03,33.905,33.97114981789454,15.362558114245287
321.59,39.17,28.22,35.72,36.75,29.24,35.37,34.07833333333334,33.987227345210364,15.027006736771241
322.1,39.51,28.56,35.72,36.4,29.24,35.37,34.13333333333333,34.0091432434288,14.633763152628584
322.6,39.17,27.88,35.37,36.06,28.9,35.03,33.735,33.96802175691448,15.46650196035729
323.11,39.17,28.22,35.72,36.4,28.9,35.03,33.906666666666666,33.95881849337731,15.752356284254923
323.61,39.51,28.22,35.72,36.4,29.24,35.37,34.07666666666667,33.97649571937071,15.314425716390309
324.12,39.17,28.22,35.72,36.4,29.24,35.37,34.02,33.983021361465106,15.058150272217022
324.62,39.51,28.56,35.37,36.4,28.9,35.37,34.01833333333334,33.98831815724534,15.227762373931714
325.13,39.51,28.22,35.72,36.4,29.24,35.37,34.07666666666667,34.001570433658536,15.030598660948852
325.63,39.17,28.56,35.72,36.4,29.24,35.37,34.07666666666667,34.01283486860975,14.696825113654006
326.14,39.51,28.22,35.72,36.4,29.24,35.37,34.07666666666667,34.02240963831829,14.463367763106763
326.64,39.51,28.22,35.72,36.4,29.24,35.37,34.07666666666667,34.03054819257054,14.26185568978239
327.15,39.17,28.22,35.03,36.75,28.9,35.03,33.85,34.00346596368496,14.680469676322843
327.65,39.51,28.22,35.37,36.4,29.24,35.37,34.01833333333334,34.00569606913221,14.564837134483907
328.16,39.17,27.88,35.37,36.4,28.9,35.03,33.791666666666664,33.97359165876238,15.129784828821258
328.66,39.51,28.56,35.37,36.4,29.24,35.37,34.075,33.98880290994803,14.794831447806503
329.16,39.51,28.56,35.37,36.75,28.9,35.37,34.07666666666667,34.00198247345582,14.715246608583618
329.67,39.17,28.56,35.72,36.75,29.24,35.37,34.135,34.021935102437446,14.316441713305231
330.18,39.51,28.22,35.37,36.4,29.24,35.37,34.01833333333334,34.021394837071824,14.511264027650558
330.68,39.17,28.22,35.37,36.4,29.24,35.37,33.961666666666666,34.01243561151105,14.576034073375421
331.19,39.17,28.22,35.72,36.4,28.56,35.37,33.906666666666666,33.99657026978439,14.793771382026682
331.69,39.17,28.22,35.72,36.4,29.24,35.37,34.02,34.00008472931673,14.602544166740447
332.2,39.17,28.56,35.72,36.75,29.24,35.37,34.135,34.02032201991922,14.218951168293534
332.7,39.17,28.56,35.37,36.75,28.9,35.37,34.02,34.020273716931335,14.26216405728344
333.21,39.17,28.9,35.72,36.75,29.24,35.37,34.19166666666667,34.04598265939163,13.864214404503894
333.71,39.17,28.56,35.72,36.75,29.24,35.37,34.135,34.05933526048289,13.571249529155512
334.21,39.17,28.56,35.37,36.75,29.24,35.37,34.07666666666667,34.06193497141046,13.371748972670863
334.72,39.51,28.56,35.72,36.4,29.24,35.37,34.13333333333333,34.072644725698886,13.14550345866129
335.23,39.17,28.56,35.37,36.75,29.24,35.37,34.07666666666667,34.073248016844055,12.947864621447899
335.73,39.17,28.56,35.37,36.75,29.24,35.37,34.07666666666667,34.073760814317446,12.822890983000601
336.24,39.17,28.22,35.37,36.4,29.24,35.37,33.961666666666666,34.05694669216983,13.060320667001287
336.74,39.17,28.56,35.37,36.4,29.24,35.37,34.01833333333334,34.05115468834435,13.069127480502788
337.25,39.17,27.88,35.37,36.4,29.24,35.72,33.96333333333333,34.03798148509269,13.269915009341071
337.75,39.17,28.56,35.37,36.4,29.24,35.37,34.01833333333334,34.03503426232879,13.297707667105444
338.26,39.17,28.56,35.37,36.4,29.24,35.37,34.01833333333334,34.032529122979476,13.419678918998045
338.76,39.17,28.9,35.72,36.4,29.24,35.37,34.13333333333333,34.04764975453255,13.164202025318877
339.26,39.17,28.56,35.37,36.75,29.24,35.37,34.07666666666667,34.05200229135267,13.135167382547811
339.77,39.17,28.9,35.37,36.4,29.24,35.37,34.075,34.05545194764977,13.06148221510895
340.28,39.51,28.9,35.72,36.75,29.24,35.37,34.248333333333335,34.0843841555023,12.54394327942004
340.78,38.82,28.56,35.72,36.4,29.57,35.37,34.07333333333333,34.08272653217695,12.443251345683533
341.29,38.82,28.22,35.37,36.4,29.24,35.37,33.903333333333336,34.055817552350405,12.83404527531086
341.79,39.17,28.56,35.37,36.4,29.24,35.37,34.01833333333334,34.05019491949785,12.881096707026574
342.3,38.82,28.22,35.37,36.4,29.57,35.37,33.958333333333336,34.03641568157317,12.930350627567988
342.8,39.17,28.22,35.37,36.4,29.24,35.37,33.961666666666666,34.025203329337195,13.115967569250358
343.31,38.82,28.56,35.37,36.06,28.9,35.37,33.84666666666667,33.998422829936615,13.74017682760754
343.81,39.17,28.56,35.37,36.4,29.24,35.37,34.01833333333334,34.00140940544612,13.719578551908473
344.31,39.17,28.56,35.37,36.4,29.24,35.37,34.01833333333334,34.00394799462921,13.753757067792339
344.82,38.82,28.56,35.37,36.4,29.24,35.37,33.96,33.99735579543482,13.940174440370939
345.33,39.17,28.56,35.37,36.4,29.24,35.37,34.01833333333334,34.0005024261196,14.044213427660749
345.83,39.17,28.9,35.37,36.4,29.24,35.37,34.075,34.011677062201656,13.818328144775712
346.34,39.17,28.56,35.37,36.4,29.57,35.37,34.07333333333333,34.02092550287141,13.626671422510487
346.84,39.17,28.56,35.37,36.4,29.24,35.37,34.01833333333334,34.020536677440695,13.66027969768949
347.35,39.17,28.22,35.37,36.4,29.57,35.37,34.016666666666666,34.01995617582459,13.640237482394921
347.85,38.82,28.56,35.37,36.4,29.24,35.37,33.96,34.010962749450904,13.727105188005526
348.35,39.17,28.22,35.37,36.4,29.24,35.37,33.961666666666666,34.003568337033265,13.801754198101394
348.86,39.17,28.9,35.37,36.4,29.24,35.37,34.075,34.01428308647827,13.605545849274566
349.36,38.82,28.56,35.37,36.06,29.24,35.37,33.903333333333336,33.997640623506534,13.906541656360465
349.87,39.17,28.56,35.03,36.4,29.24,35.37,33.961666666666666,33.99224452998055,14.062658989770348
350.38,38.82,28.56,35.37,36.4,29.24,35.37,33.96,33.98740785048347,14.203209741440833
350.88,38.82,28.56,35.37,36.4,29.57,35.37,34.015,33.99154667291095,14.067963856188884
351.39,38.82,28.22,35.37,36.4,29.24,35.37,33.903333333333336,33.97831467197431,14.425337126647683
351.89,39.17,28.56,35.37,36.4,29.24,35.37,34.01833333333334,33.98431747117816,14.357304666885684
352.4,38.82,28.56,35.37,36.06,29.57,35.37,33.958333333333336,33.980419850501434,14.471340910955702
352.9,39.17,28.56,35.03,36.06,29.24,35.37,33.905,33.96910687292622,14.676071009910874
353.4,39.17,28.9,35.37,36.4,29.24,35.37,34.075,33.98499084198729,14.471157931689454
353.91,38.82,28.56,35.37,36.06,29.24,35.37,33.903333333333336,33.972742215689195,14.679514120894737
354.41,39.17,28.56,35.37,36.4,29.24,35.37,34.01833333333334,33.97958088333582,14.588466431861052
354.92,38.82,28.56,35.37,36.4,29.57,35.37,34.015,33.98489375083545,14.569070320617017
355.43,38.82,28.56,35.37,36.4,29.24,35.37,33.96,33.98115968821013,14.55166786186924
355.93,39.17,28.56,35.37,36.06,29.24,35.37,33.961666666666666,33.97823573497861,14.696478653746844
356.44,38.82,28.9,35.37,36.4,29.24,35.37,34.01666666666667,33.984000374731814,14.555798279666071
356.94,38.82,28.56,35.37,36.06,29.24,35.72,33.961666666666666,33.980650318522045,14.597339154043448
357.44,38.82,28.22,35.37,36.06,29.57,35.37,33.901666666666664,33.968802770743736,14.863595244804612
357.95,38.82,28.9,35.37,36.4,29.57,35.37,34.071666666666665,33.98423235513217,14.601131835747502
358.45,38.82,28.56,35.37,36.06,29.57,35.72,34.016666666666666,33.98909750186235,14.48140142489493
358.96,38.82,28.9,35.03,36.4,29.24,35.37,33.96,33.984732876582996,14.593033793885738
359.46,38.82,28.56,35.37,36.06,29.57,35.37,33.958333333333336,33.98077294509554,14.753605006502516
359.97,39.17,28.56,35.37,36.4,29.57,35.37,34.07333333333333,33.994657003331206,14.401540612056586
360.48,38.82,28.9,35.03,36.06,29.24,35.37,33.903333333333336,33.98095845283152,14.63819220467919
360.98,38.82,28.56,35.37,36.4,29.57,35.37,34.015,33.9860646849068,14.578561613061842
361.49,38.82,28.56,35.37,36.4,29.24,35.37,33.96,33.982154982170776,14.68769956909217
361.99,38.82,28.56,35.03,36.06,29.24,35.37,33.84666666666667,33.961831734845155,15.00948903045628
362.49,38.82,28.56,35.37,36.4,29.24,35.37,33.96,33.96155697461838,15.127017336588247
363.0,38.82,28.56,35.37,36.06,29.24,35.37,33.903333333333336,33.952823428425624,15.29346147092875
363.5,39.17,28.56,35.37,36.06,29.24,35.72,34.02,33.96289991416178,15.147585696917453
364.0,39.17,28.9,35.37,36.06,29.57,35.03,34.016666666666666,33.970964927037514,15.141364025069077
364.51,39.17,28.56,35.37,36.06,29.57,35.37,34.016666666666666,33.977820187981884,15.025621362608307
365.02,39.17,28.56,35.03,36.06,29.57,35.37,33.96,33.975147159784605,15.148849131014519
365.52,38.82,28.9,35.03,36.06,29.24,35.72,33.961666666666666,33.97312508581691,15.140349650120147
366.03,38.82,28.56,35.37,36.4,29.57,35.72,34.07333333333333,33.98815632294437,14.809481113568722
366.53,38.82,28.56,35.37,36.06,29.57,35.37,33.958333333333336,33.98368287450271,14.861262239496403
367.04,38.82,28.9,35.37,36.4,29.24,35.37,34.01666666666667,33.9886304433273,14.791600631291505
367.54,38.82,28.56,35.37,36.06,29.24,35.37,33.903333333333336,33.97583587682821,15.063498642767707
368.04,38.82,28.9,35.37,36.4,29.24,35.37,34.01666666666667,33.98196049530398,14.862453663190156
368.55,39.17,28.56,35.37,36.4,29.57,35.37,34.07333333333333,33.99566642100837,14.634809838517388
369.05,38.82,28.9,35.03,36.4,29.57,35.37,34.015,33.998566457857116,14.550656118595587
369.56,38.82,28.9,35.03,36.06,29.57,35.37,33.958333333333336,33.992531489178546,14.748498063057216
370.07,39.17,28.9,35.37,36.06,29.24,35.37,34.01833333333334,33.996401765801764,14.63959765230368
370.57,39.17,28.9,35.37,36.4,29.24,35.37,34.075,34.0081915009315,14.33058963140968
371.08,38.82,28.56,35.37,36.06,29.57,35.37,33.958333333333336,34.000712775791776,14.45048930065321
371.58,38.82,28.9,35.37,36.06,29.24,35.37,33.96,33.994605859423004,14.605052081935591
372.09,38.82,28.56,35.37,36.06,29.57,35.37,33.958333333333336,33.98916498050956,14.689663924716909
372.59,38.82,28.56,35.03,36.06,29.57,35.37,33.901666666666664,33.97604023343312,14.878514727260647
373.1,39.17,28.9,35.37,36.06,29.57,35.72,34.13166666666667,33.99938419841815,14.487119595302175
373.6,39.17,28.56,35.37,36.06,29.57,35.37,34.016666666666666,34.00197656865543,14.475553631856448
374.1,38.82,28.56,35.37,36.06,29.57,35.37,33.958333333333336,33.99543008335711,14.634349573755081
374.61,38.82,28.56,35.37,36.4,29.57,35.37,34.015,33.99836557085354,14.66236622094722
375.12,38.82,28.56,35.03,36.06,29.24,35.37,33.84666666666667,33.97561073522551,14.961145464197745
375.62,38.82,28.9,35.03,36.4,29.57,35.72,34.07333333333333,33.990269124941676,14.673412063879605
376.13,38.82,28.56,35.37,36.4,29.24,35.37,33.96,33.98572875620042,14.809114758115038
376.63,39.17,28.56,35.37,36.06,29.57,35.37,34.016666666666666,33.990369442770366,14.709132326717194
377.13,39.17,28.9,35.37,36.06,29.57,35.37,34.07333333333333,34.002814026354805,14.616161136083527
377.64,38.82,28.56,35.37,36.06,29.24,35.72,33.961666666666666,33.99664192240159,14.642349094670834
378.14,39.17,28.22,35.37,36.06,29.57,35.37,33.96,33.991145634041345,14.779829129373292
378.65,38.82,28.56,35.37,36.06,29.57,35.72,34.016666666666666,33.99497378893514,14.681713583923198
379.15,38.82,28.22,35.03,36.06,29.24,35.72,33.848333333333336,33.97297772059487,15.037496964147278
379.66,38.82,28.9,35.03,36.06,29.57,35.37,33.958333333333336,33.97078106250564,15.137962948879544
380.17,39.17,28.56,35.37,36.06,29.57,35.72,34.074999999999996,33.98641390312979,14.88254641291443
380.67,38.82,28.56,35.37,36.4,29.57,35.72,34.07333333333333,33.99945181766032,14.612947791892877
381.18,38.82,28.56,35.03,36.4,29.57,35.37,33.958333333333336,33.993284045011265,14.871680225163498
381.68,39.17,28.9,35.03,36.06,29.24,35.37,33.961666666666666,33.988541438259574,14.983244121435934
382.18,39.17,29.24,35.37,36.4,29.24,35.37,34.13166666666667,34.01001022252064,14.474377962219586
382.69,38.82,28.56,35.37,36.06,29.57,35.37,33.958333333333336,34.002258689142536,14.53632743948359
383.19,39.17,28.9,35.37,36.4,29.24,35.37,34.075,34.013169885771156,14.363984376065405
383.7,39.17,28.9,35.37,36.4,29.57,35.37,34.13,34.03069440290548,14.053758394980594
384.2,38.82,28.9,35.03,36.06,29.57,35.37,33.958333333333336,34.019840242469655,14.108864923533249
384.7,38.82,28.9,35.37,36.4,29.57,35.72,34.13,34.03636420609921,13.83567658711178
385.21,39.17,28.56,35.37,36.06,29.57,35.72,34.074999999999996,34.04215957518433,13.643011452311818
385.72,38.82,28.9,35.03,36.06,29.57,35.37,33.958333333333336,34.029585638906674,13.744880760259687
386.23,38.82,28.9,35.03,36.06,29.57,35.72,34.016666666666666,34.02764779307068,13.82750281765115
386.73,38.82,28.56,35.37,36.06,29.57,35.37,33.958333333333336,34.01725062411007,13.904791560334594
387.23,39.17,28.56,35.37,36.4,29.57,35.37,34.07333333333333,34.02566303049356,13.704896186653098
387.74,38.82,28.56,35.37,36.06,29.57,35.37,33.958333333333336,34.01556357591952,13.951047721658261
388.24,38.82,28.56,35.37,36.4,29.57,35.37,34.015,34.01547903953159,13.954910998157802
388.75,38.82,28.56,35.37,36.4,29.24,35.72,34.01833333333334,34.01590718360185,14.000132626499981
389.25,39.17,28.56,35.37,36.4,29.57,35.72,34.13166666666667,34.03327110606157,13.62026204810472
389.76,38.82,28.56,35.03,36.06,29.57,35.37,33.901666666666664,34.01353044015233,14.025056861694518
390.27,38.82,28.9,35.37,36.4,29.57,35.37,34.071666666666665,34.02225087412948,13.855291571711142
390.77,39.17,29.24,35.03,36.4,29.57,35.37,34.13,34.03841324301006,13.54344223400991
391.28,38.82,28.56,35.37,36.06,29.57,35.72,34.016666666666666,34.03515125655856,13.478627895943696
391.78,38.82,28.22,35.37,36.4,29.57,35.72,34.016666666666666,34.03237856807477,13.624014189260391
392.28,38.82,28.56,35.37,36.4,29.57,35.37,34.015,34.029771782863556,13.601216734343593
392.79,38.82,28.9,35.03,36.06,29.57,35.37,33.958333333333336,34.019056015434025,13.684154032528332
393.29,38.82,28.9,35.37,36.4,29.24,35.37,34.01666666666667,34.01869761311892,13.698732714592419
393.8,39.17,28.9,35.37,36.06,29.57,35.37,34.07333333333333,34.02689297115108,13.554538245472383
394.3,39.17,28.56,35.37,36.06,29.57,35.72,34.074999999999996,34.034109025478415,13.423535744146095
394.81,38.82,28.56,35.03,36.06,29.57,35.37,33.901666666666664,34.01424267165665,13.828913013289446
395.31,38.82,28.56,35.37,36.4,29.57,35.37,34.015,34.014356270908145,13.820466229654677
395.81,38.82,28.9,35.37,36.06,29.57,35.72,34.07333333333333,34.02320283027193,13.601269738319363
396.32,38.48,28.9,35.03,36.4,29.57,35.72,34.016666666666666,34.022222405731135,13.563140554246662
396.82,38.48,28.56,35.37,36.06,29.57,35.37,33.901666666666664,34.004139044871465,14.00099807107574
397.33,38.82,28.9,35.37,36.4,29.57,35.37,34.071666666666665,34.01426818814074,13.809883322336944
397.83,38.82,28.56,35.03,36.06,29.57,35.37,33.901666666666664,33.99737795991963,14.062267677537927
398.34,38.82,29.24,35.03,36.06,29.57,35.37,34.015,34.000021265931686,14.020315674953743
398.84,38.82,28.56,35.37,36.06,29.57,35.37,33.958333333333336,33.99376807604193,14.247661354834593
399.35,38.48,28.56,35.03,36.06,29.24,35.37,33.79,33.96320286463564,14.77639494848989
399.85,38.48,28.56,35.37,36.06,29.24,35.37,33.84666666666667,33.94572243494029,15.25333997970172
400.36,38.48,28.56,35.03,36.06,29.24,35.03,33.733333333333334,33.91386406969925,15.921303740463589
400.86,38.48,28.9,35.37,36.06,29.57,35.03,33.901666666666664,33.91203445924436,16.05925435066525
401.37,38.82,28.9,35.37,36.06,29.57,35.03,33.958333333333336,33.918979290357704,16.179813696714497
401.87,38.82,28.9,35.37,36.06,29.57,35.37,34.015,33.93338239680404,16.050936480576762
402.38,38.82,28.9,35.37,36.06,29.57,35.37,34.015,33.945625037283435,16.0547632352184
402.88,38.48,28.56,35.03,36.06,29.24,35.37,33.79,33.92228128169092,16.59865611092381
403.38,38.48,28.56,35.37,36.06,29.57,35.37,33.901666666666664,33.91918908943728,16.670856569659424
403.89,38.82,28.22,35.37,36.06,29.24,35.37,33.84666666666667,33.90831072602168,16.862048982556356
404.4,38.82,28.56,35.03,36.06,29.57,35.37,33.901666666666664,33.90731411711843,16.862159552455896
404.9,38.82,28.9,35.37,36.06,29.57,35.37,34.015,33.92346699955067,16.74011782964723
405.41,38.82,28.56,35.03,36.06,29.57,35.37,33.901666666666664,33.92019694961807,16.886152753041696
405.91,38.82,28.22,35.37,36.06,29.24,35.37,33.84666666666667,33.90916740717535,17.261702369939854
406.42,38.82,28.22,35.03,36.06,29.57,35.37,33.845,33.89954229609905,17.54862078190342
406.92,38.82,28.9,35.03,36.4,29.57,35.37,34.015,33.91686095168419,17.120220182900717
407.43,38.82,28.56,35.37,36.06,29.57,35.37,33.958333333333336,33.92308180893156,17.065655919518868
407.93,38.48,28.56,35.37,36.06,29.57,35.37,33.901666666666664,33.91986953759183,17.269569393652034
408.44,39.17,28.56,35.37,36.06,29.24,35.37,33.961666666666666,33.92613910695305,17.256732504443296
408.94,38.82,28.56,35.37,36.06,29.24,35.37,33.903333333333336,33.92271824091009,17.261531549687298
409.45,38.82,28.9,35.37,36.06,29.57,35.72,34.07333333333333,33.94531050477357,16.777646001669254
409.95,38.82,28.9,35.37,36.06,29.24,35.72,34.01833333333334,33.956263929057535,16.601935986532467
410.46,38.82,28.56,35.37,36.06,29.24,35.37,33.903333333333336,33.9483243396989,16.759797812597068
410.96,39.17,28.56,35.37,36.4,29.57,35.72,34.13166666666667,33.97582568874407,16.23181230863364
411.47,39.17,28.56,35.03,36.4,29.24,35.03,33.905,33.96520183543245,16.31874271713502
411.97,38.82,28.56,35.37,36.4,29.57,35.72,34.07333333333333,33.98142156011758,15.928226479181816
412.48,39.17,28.56,35.37,36.06,29.24,35.37,33.961666666666666,33.97845832609995,16.055743011252087
412.98,38.82,28.9,35.37,36.06,29.57,35.72,34.07333333333333,33.99268957718495,15.59312957947874
413.48,39.17,28.56,35.37,36.4,29.57,35.37,34.07333333333333,34.00478614060721,15.421850036702326
413.99,39.17,28.9,35.37,36.06,29.57,35.72,34.13166666666667,34.02381821951612,14.934602425658625
414.49,38.82,28.9,35.37,36.4,29.57,35.72,34.13,34.03974548658871,14.627308254712288
415.0,38.82,28.9,35.37,36.06,29.57,35.72,34.07333333333333,34.0447836636004,14.41737576575697
415.51,38.82,28.56,35.37,36.4,29.57,35.72,34.07333333333333,34.04906611406034,14.234192648606422
416.01,39.17,28.56,35.37,36.4,29.57,35.72,34.13166666666667,34.06145619695128,13.857845198826372
416.52,39.17,29.24,35.37,36.4,29.57,35.72,34.245,34.08898776740859,13.229038059412476
417.02,38.82,28.56,35.37,36.06,29.57,35.37,33.958333333333336,34.0693896022973,13.500065956332977
417.53,39.17,28.56,35.37,36.06,29.57,35.37,34.016666666666666,34.0614811619527,13.577879535161639
418.03,38.82,28.9,35.37,36.4,29.57,35.72,34.13,34.07175898765979,13.284883272466901
418.54,38.82,28.56,35.37,36.4,29.57,35.72,34.07333333333333,34.07199513951082,13.082076221840989
419.04,38.82,28.56,35.37,36.4,29.57,35.37,34.015,34.06344586858419,13.304836213501497
419.55,38.82,28.9,35.37,36.4,29.24,35.72,34.075,34.065178988296566,13.282884872072682
420.05,38.82,28.56,35.37,36.06,29.24,35.37,33.903333333333336,34.04090214005208,13.623214546595758
420.56,38.82,28.56,35.37,36.06,29.57,35.72,34.016666666666666,34.03726681904427,13.664117083492638
421.06,38.82,28.9,35.37,36.4,29.57,35.72,34.13,34.051176796187626,13.43978141963125
421.57,38.82,28.9,35.37,36.4,29.57,35.37,34.071666666666665,34.05425027675948,13.34479614631429
422.07,38.82,28.9,35.37,36.06,29.57,35.72,34.07333333333333,34.05711273524556,13.402595477883361
422.58,38.82,28.9,35.03,36.4,29.57,35.37,34.015,34.050795824958726,13.504513984851247
423.08,38.82,28.9,35.37,36.06,29.57,35.72,34.07333333333333,34.054176451214914,13.333324058943994
423.59,38.82,28.9,35.03,36.06,29.57,35.72,34.016666666666666,34.04854998353267,13.385125398684497
424.09,38.82,29.24,35.37,36.06,29.57,35.72,34.13,34.06076748600277,13.123040297652185
424.6,38.82,28.9,35.37,36.06,29.57,35.37,34.015,34.05390236310235,13.246213212035727
425.1,39.17,28.56,35.03,36.06,29.57,35.72,34.01833333333333,34.048567008637,13.290914545936447
425.61,38.82,28.9,35.37,36.4,29.57,35.37,34.071666666666665,34.05203195734145,13.233561278328851
426.11,38.82,29.24,35.03,36.4,29.57,35.37,34.071666666666665,34.054977163740226,13.081871678778857
426.62,38.82,28.56,35.37,36.06,29.57,35.72,34.016666666666666,34.049230589179196,13.191311774092165
427.12,38.82,28.9,35.37,36.06,29.57,35.37,34.015,34.04409600080231,13.285089422342555
427.63,38.82,28.56,35.03,36.4,29.57,35.37,33.958333333333336,34.03123160068196,13.470526751365952
428.13,38.82,28.9,35.37,36.06,29.57,35.37,34.015,34.02879686057966,13.479150585934432
428.64,38.82,28.9,35.37,36.06,29.57,35.37,34.015,34.02672733149271,13.533369510895657
429.14,38.82,28.9,35.03,36.06,29.57,35.37,33.958333333333336,34.016468231768805,13.735107262576445
429.65,38.82,28.56,35.37,36.4,29.57,35.37,34.015,34.01624799700348,13.805760340224465
430.15,38.82,28.56,35.37,36.06,29.57,35.37,33.958333333333336,34.00756079745296,13.971641790033807
430.66,38.82,28.9,35.37,36.06,29.57,35.72,34.07333333333333,34.01742667783502,13.796656439197433
431.16,38.82,28.56,35.03,36.06,29.24,35.37,33.84666666666667,33.99181267615976,14.327847978338726
431.67,38.82,28.9,35.03,36.06,29.57,35.72,34.016666666666666,33.9955407747358,14.263414059506072
432.17,38.82,28.56,35.03,36.06,29.57,35.37,33.901666666666664,33.981459658525424,14.589218423530939
432.68,38.82,28.56,35.03,36.06,29.57,35.37,33.901666666666664,33.96949070974661,14.771407276036083
433.18,38.48,28.56,35.37,36.06,29.24,35.37,33.84666666666667,33.95106710328462,15.31955549650981
433.69,38.82,29.24,35.03,36.06,29.57,35.37,34.015,33.960657037791925,15.135198664611243
434.19,38.82,28.56,35.37,36.06,29.57,35.37,33.958333333333336,33.96030848212313,15.258245790059958
434.7,38.82,28.56,35.37,36.06,29.24,35.37,33.903333333333336,33.95176220980466,15.534594484121547
435.2,38.82,28.56,35.37,36.06,29.57,35.37,33.958333333333336,33.95274787833396,15.667527915586485
435.71,38.82,29.24,35.03,36.06,29.57,35.37,34.015,33.96208569658387,15.445446662666123
436.21,38.82,28.9,35.03,36.06,29.57,35.37,33.958333333333336,33.96152284209629,15.483913212591588
436.72,38.48,28.56,35.03,36.06,29.57,35.37,33.845,33.94404441578184,15.924562806445467
437.22,38.48,28.9,35.37,35.72,29.24,35.37,33.84666666666667,33.92943775341457,16.261391864079325
437.73,38.82,28.9,35.03,36.06,29.57,35.72,34.016666666666666,33.94252209040238,15.971797748134417
438.23,38.82,28.56,35.37,36.06,29.57,35.37,33.958333333333336,33.94489377684202,15.96480954384161
438.74,38.82,28.9,35.03,36.06,29.57,35.37,33.958333333333336,33.946909710315715,16.077419768844795
439.24,38.82,28.9,35.37,36.4,29.57,35.37,34.071666666666665,33.96562325376836,15.82206872389984
439.74,38.82,28.56,35.37,36.06,29.57,35.37,33.958333333333336,33.964529765703105,15.78044674240712
440.25,38.82,28.56,35.37,36.06,29.57,35.72,34.016666666666666,33.97235030084764,15.627759525096826
440.76,39.17,28.9,35.03,36.4,29.57,35.72,34.13166666666667,33.99624775572049,15.150363399745933
441.26,38.82,28.56,35.37,36.4,29.57,35.72,34.07333333333333,34.00781059236241,14.805378882370265
441.77,38.82,28.9,35.03,36.06,29.57,35.37,33.958333333333336,34.000389003508054,14.953051208038174
442.27,38.82,28.9,35.37,36.06,29.57,35.72,34.07333333333333,34.01133065298184,14.689340159833938
442.78,39.17,28.9,35.03,36.06,29.57,35.72,34.074999999999996,34.020881055034565,14.350289515622194
443.28,38.82,28.9,35.37,36.06,29.57,35.37,34.015,34.01999889677938,14.283334241286266
443.78,38.82,28.9,35.03,36.06,29.57,35.37,33.958333333333336,34.01074906226247,14.49333100472926
444.29,38.82,28.56,35.37,36.06,29.57,35.72,34.016666666666666,34.0116367029231,14.40206104453518
444.79,38.82,28.9,35.03,36.06,29.57,35.37,33.958333333333336,34.003641197484626,14.489017323949682
445.3,38.82,28.56,35.03,36.4,29.24,35.72,33.961666666666666,33.99734501786193,14.613580654960028
445.81,38.82,28.56,35.03,36.4,29.24,35.37,33.903333333333336,33.983243265182644,14.948825379656402
446.31,38.82,28.56,35.37,36.4,29.57,35.72,34.07333333333333,33.996756775405245,14.68940302684284
446.82,38.82,28.9,35.37,36.06,29.24,35.72,34.01833333333334,33.99999325909446,14.678671241959673
447.32,38.82,28.56,35.37,36.06,29.57,35.72,34.016666666666666,34.00249427023029,14.66955432951797
447.82,38.82,28.9,35.03,36.06,29.57,35.37,33.958333333333336,33.995870129695746,14.886086633589779
448.33,38.82,28.9,35.03,36.06,29.57,35.72,34.016666666666666,33.99898961024138,14.742407374744095
448.83,39.17,28.56,35.37,36.06,29.57,35.72,34.074999999999996,34.01039116870517,14.50221444907408
449.34,38.82,28.56,35.37,36.4,29.57,35.37,34.015,34.01108249339939,14.467016559426838
449.84,38.82,28.9,35.37,36.4,29.57,35.72,34.13,34.02892011938948,14.161737040959
450.35,38.82,28.56,35.37,36.06,29.57,35.37,33.958333333333336,34.01833210148106,14.325483284418855
450.86,38.82,28.56,35.03,36.4,29.57,35.72,34.016666666666666,34.018082286258895,14.249188419901484
451.36,38.82,28.9,35.37,36.06,29.57,35.72,34.07333333333333,34.02636994332006,14.077823026259303
451.87,38.82,28.9,35.03,36.06,29.57,35.72,34.016666666666666,34.02491445182205,13.981557973232798
452.37,38.82,28.9,35.03,36.06,29.57,35.37,33.958333333333336,34.01492728404874,14.21807661052198
452.87,38.82,28.9,35.37,36.06,29.57,35.37,34.015,34.01493819144142,14.210292568596644
453.38,38.48,28.9,35.37,36.4,29.57,35.37,34.015,34.01494746272521,14.150599457025702
453.88,38.48,28.9,35.37,36.06,29.57,35.37,33.958333333333336,34.006455343316425,14.311018773901873
454.39,38.48,28.9,35.03,36.4,29.57,35.72,34.016666666666666,34.00798704181896,14.339206024317924
454.89,38.82,28.56,35.37,36.4,29.24,35.72,34.01833333333334,34.009538985546115,14.30472124566271
455.4,38.48,28.9,35.37,36.06,29.57,35.37,33.958333333333336,34.001858137714194,14.445330533977094
455.91,38.82,28.9,35.03,36.06,29.57,35.72,34.016666666666666,34.00407941705706,14.454109494144552
456.41,38.48,28.9,35.37,36.06,29.57,35.37,33.958333333333336,33.99721750449851,14.574041513145438
456.92,38.82,28.56,35.37,36.06,29.57,35.37,33.958333333333336,33.99138487882373,14.678979778044814
457.42,38.48,28.56,35.37,36.06,29.57,35.37,33.901666666666664,33.97792714700017,14.996524578680923
457.92,38.82,28.9,35.37,36.06,29.24,35.37,33.96,33.97523807495015,15.049645324161991
458.43,38.48,28.56,35.37,36.4,29.24,35.72,33.961666666666666,33.97320236370762,15.149951998748637
458.93,38.82,28.9,35.37,36.06,29.57,35.72,34.07333333333333,33.98822200915148,14.907018077194484
459.44,38.82,28.9,35.03,36.06,29.57,35.37,33.958333333333336,33.983738707778755,15.088898534335096
459.94,38.82,28.56,35.37,36.06,29.57,35.37,33.958333333333336,33.97992790161194,15.192511343389784
460.45,38.82,29.24,35.37,36.06,29.57,35.37,34.071666666666665,33.993688716370144,14.94541047241444
460.96,38.82,28.56,35.03,36.4,29.57,35.72,34.016666666666666,33.99713540891462,14.786747196356098
461.46,38.82,28.56,35.37,36.06,29.57,35.72,34.016666666666666,34.000065097577426,14.759599911362583
461.97,38.82,28.9,35.37,36.06,29.57,35.37,34.015,34.002305332940814,14.739855722728262
462.47,38.82,28.56,35.37,36.06,29.57,35.72,34.016666666666666,34.00445953299969,14.6104501593013
462.97,38.82,28.9,35.03,36.4,29.57,35.72,34.07333333333333,34.01479060304973,14.387812323918606
463.48,38.82,28.56,35.03,36.06,29.57,35.37,33.901666666666664,33.99782201259227,14.687186289973987
463.98,38.82,28.9,35.37,36.4,29.57,35.72,34.13,34.01764871070343,14.293891406374476
464.49,38.82,28.9,35.37,36.06,29.57,35.72,34.07333333333333,34.02600140409792,14.112249467136333
464.99,38.82,29.24,35.37,36.06,29.57,35.37,34.071666666666665,34.032851193483225,13.906460956082329
465.5,38.48,28.56,35.03,36.06,29.57,35.72,33.90333333333333,34.01342351446074,14.354832196180546
466.01,38.82,28.9,35.03,36.06,29.57,35.72,34.016666666666666,34.01390998729163,14.215996086458341
466.51,38.82,28.56,35.37,36.4,29.57,35.72,34.07333333333333,34.02282348919788,13.989618166249906
467.02,38.82,28.56,35.37,36.4,29.57,35.72,34.07333333333333,34.0303999658182,13.794522568334585
467.52,38.82,28.56,35.37,36.06,29.57,35.72,34.016666666666666,34.02833997094547,13.930489699256544
468.03,38.82,28.56,35.37,36.06,29.57,35.37,33.958333333333336,34.01783897530364,14.10666349354651
468.53,38.82,28.56,35.37,36.06,29.57,35.72,34.016666666666666,34.0176631290081,14.045269525573536
469.04,38.82,28.9,35.03,36.06,29.24,35.72,33.961666666666666,34.00926365965688,14.146351549628067
469.54,38.48,28.22,35.37,36.06,29.57,35.72,33.90333333333333,33.993374110708345,14.45512932602337
470.04,38.48,28.56,35.37,36.06,29.57,35.37,33.901666666666664,33.97961799410209,14.79100287530144
470.55,38.82,28.56,35.37,36.06,29.57,35.72,34.016666666666666,33.985175294986774,14.696642616664368
471.06,38.82,28.56,35.37,36.06,29.57,35.72,34.016666666666666,33.98989900073876,14.666820576288888
471.56,38.82,28.9,35.03,36.06,29.24,35.37,33.903333333333336,33.97691415062795,15.028095666287639
472.07,38.82,28.56,35.37,36.06,29.57,35.72,34.016666666666666,33.982877028033755,15.01264952293549
472.57,38.48,28.56,35.37,36.06,29.57,35.37,33.901666666666664,33.97069547382869,15.230312005331859
473.08,38.82,29.24,35.03,36.06,29.57,35.72,34.07333333333333,33.98609115275438,14.913388855489687
473.58,38.82,28.9,35.37,36.06,29.57,35.72,34.07333333333333,33.99917747984123,14.747973023279263
474.09,38.82,28.9,35.37,36.06,29.57,35.37,34.015,34.00155085786504,14.664946116518026
474.59,38.82,28.56,35.37,36.06,29.57,35.72,34.016666666666666,34.003818229185285,14.696244675842987
475.09,38.48,28.56,35.37,36.06,29.57,35.37,33.901666666666664,33.988495494807495,14.896206933383807
475.6,38.82,28.9,35.37,36.4,29.57,35.72,34.13,34.009721170586374,14.410164209170025
476.11,38.82,28.9,35.03,36.06,29.57,35.72,34.016666666666666,34.010762994998416,14.36966387509107
476.61,38.82,29.24,35.37,36.4,29.57,35.72,34.18666666666667,34.03714854574865,13.85375877004128
477.12,38.82,29.24,35.03,36.06,29.57,35.37,34.015,34.033826263886354,13.98500126837946
477.62,38.82,29.24,35.37,36.06,29.57,35.72,34.13,34.048252324303405,13.573196953149699
478.13,38.82,28.9,35.37,36.06,29.57,35.37,34.015,34.04326447565789,13.629575878910117
478.63,38.82,28.9,35.03,36.06,29.57,35.37,33.958333333333336,34.0305248043092,13.68134298440321
479.13,38.82,28.9,35.37,36.4,29.57,35.72,34.13,34.045446083662824,13.412065534247455
479.64,38.82,28.56,35.37,36.06,29.57,35.72,34.016666666666666,34.0411291711134,13.379649935201648
480.14,38.48,28.56,35.37,36.06,29.57,35.72,33.96,34.02895979544639,13.604912356083146
480.65,38.48,28.22,35.37,36.06,29.57,35.37,33.845,34.00136582612942,14.175281030216352
481.16,38.82,28.9,35.03,36.06,29.57,35.37,33.958333333333336,33.994910952210006,14.2054320205698
481.66,38.82,28.56,35.03,36.06,29.57,35.37,33.901666666666664,33.98092430937851,14.501595202914658
482.17,38.82,28.56,35.03,36.06,29.57,35.37,33.901666666666664,33.96903566297173,14.820200185693496
482.67,38.82,28.9,35.37,36.06,29.57,35.37,34.015,33.975930313525964,14.879104578881577
483.18,38.48,28.9,35.03,36.06,29.57,35.37,33.901666666666664,33.964790766497075,15.156003967884027
483.68,38.82,28.56,35.37,36.06,29.57,35.37,33.958333333333336,33.963822151522514,15.288346087437695
484.18,38.82,28.56,35.03,36.06,29.57,35.37,33.901666666666664,33.95449882879414,15.578136725860883
484.69,38.82,28.56,35.37,36.4,29.57,35.37,34.015,33.963574004475014,15.378775629396312
485.19,38.82,28.56,35.37,36.06,29.57,35.37,33.958333333333336,33.96278790380376,15.491151800371949
485.7,38.82,28.9,35.37,36.06,29.57,35.72,34.07333333333333,33.979369718233194,15.187835994350142
486.21,38.82,28.9,35.37,36.4,29.57,35.72,34.13,34.00196426049821,14.81389809065642
486.71,38.82,28.9,35.37,36.06,29.57,35.72,34.07333333333333,34.01266962142348,14.547996025291631
487.22,38.82,28.9,35.37,36.4,29.57,35.37,34.071666666666665,34.02151917820996,14.375342905485939
487.72,38.48,28.9,35.37,36.06,29.57,35.37,33.958333333333336,34.01204130147846,14.44099759017313
488.23,38.48,28.9,35.03,36.4,29.57,35.72,34.016666666666666,34.01273510625669,14.281425768511236
488.73,38.82,28.9,35.03,36.4,29.57,35.72,34.07333333333333,34.02182484031818,14.03738619738178
489.24,38.82,28.56,35.03,36.06,29.57,35.37,33.901666666666664,34.00380111427045,14.310122973008383
489.74,38.82,28.9,35.03,36.06,29.57,35.37,33.958333333333336,33.996980947129884,14.496533478505711
490.24,38.82,28.56,35.37,36.06,29.57,35.37,33.958333333333336,33.9911838050604,14.60582150664173
490.75,38.82,28.56,35.03,36.4,29.57,35.37,33.958333333333336,33.98625623430134,14.649950520094915
491.26,38.82,28.56,35.03,36.06,29.57,35.37,33.901666666666664,33.973567799156136,15.020961705065353
491.76,38.82,28.56,35.37,36.06,29.57,35.72,34.016666666666666,33.98003262928271,14.953576829999484
492.27,38.82,28.56,35.37,36.06,29.57,35.37,33.958333333333336,33.976777734890305,15.067653625817258
492.77,38.48,28.9,35.37,36.06,29.57,35.72,34.016666666666666,33.98276107465676,14.995500634385214
493.28,38.82,28.56,35.03,36.06,29.57,35.37,33.901666666666664,33.970596913458245,15.330730498510755
493.78,38.82,28.9,35.37,36.06,29.57,35.37,34.015,33.9772573764395,15.174505954568959
494.29,38.82,28.9,35.03,36.06,29.24,35.72,33.961666666666666,33.97491876997358,15.256932718693417
494.79,38.82,28.56,35.37,36.06,29.57,35.72,34.016666666666666,33.981180954477544,15.109558676447312
495.29,38.82,28.9,35.37,36.06,29.57,35.37,34.015,33.98625381130591,15.09878885754089
495.8,38.82,28.56,35.03,36.06,29.57,35.72,33.96,33.98231573961002,15.14321036251252
496.31,38.82,28.22,35.03,36.06,29.57,35.72,33.90333333333333,33.97046837866852,15.40743997899697
496.81,38.82,28.56,35.37,36.06,29.57,35.72,34.016666666666666,33.97739812186824,15.246573012058976
497.32,38.82,28.9,35.37,36.06,29.57,35.37,34.015,33.983038403588,15.115892697816975
497.82,38.82,28.56,35.03,36.4,29.57,35.72,34.016666666666666,33.9880826430498,15.051830972330354
498.33,38.82,28.9,35.03,36.06,29.24,35.37,33.903333333333336,33.975370246592334,15.39021650472637
498.83,38.82,28.56,35.03,36.06,29.57,35.72,33.96,33.973064709603484,15.407676166809878
499.34,38.82,28.9,35.03,36.06,29.24,35.72,33.961666666666666,33.971355003162955,15.423018769454044
499.84,38.82,28.9,35.03,36.06,29.57,35.72,34.016666666666666,33.97815175268851,15.27198946799279
500.34,38.82,28.56,35.03,36.06,29.24,35.72,33.905,33.96717898978523,0
500.85,38.82,28.56,35.03,36.4,29.24,35.37,33.903333333333336,33.95760214131745,0
501.36,38.82,28.9,35.37,36.06,29.57,35.37,34.015,33.96621182011983,0
501.86,38.48,28.56,35.03,36.06,29.57,35.72,33.90333333333333,33.95678004710185,0
502.37,38.48,28.9,35.03,36.06,29.57,35.72,33.96,33.95726304003657,0
502.87,38.13,28.9,34.69,35.72,29.24,35.37,33.675000000000004,33.91492358403109,0
503.37,38.48,28.9,35.03,36.06,29.57,35.72,33.96,33.921685046426425,0
503.88,38.13,28.56,35.03,35.72,29.57,35.37,33.73,33.89293228946246,0
504.38,38.13,28.9,35.03,35.72,29.57,35.37,33.78666666666667,33.87699244604308,0
504.88,37.78,28.9,35.03,35.72,29.24,35.03,33.61666666666667,33.83794357913662,0
505.39,37.78,28.56,34.69,35.72,29.24,35.37,33.56,33.796252042266126,0
505.89,37.44,28.56,34.69,35.72,29.24,34.69,33.39,33.73531423592621,0
506.39,37.44,28.56,34.69,36.06,29.57,35.03,33.55833333333333,33.70876710053727,0
506.9,37.44,28.9,34.34,35.72,29.57,35.03,33.5,33.67745203545668,0
507.4,37.44,28.56,34.34,35.72,29.24,35.03,33.388333333333335,33.63408423013818,0
507.9,37.09,28.9,34.69,35.72,29.57,34.69,33.443333333333335,33.60547159561745,0
508.41,37.44,28.56,34.34,35.72,29.57,34.69,33.38666666666666,33.572650856274834,0
508.91,37.09,28.56,34.34,35.37,29.57,34.69,33.27,33.527253227833604,0
509.42,37.09,28.9,34.34,35.37,29.57,35.03,33.38333333333333,33.50566524365857,0
509.92,37.09,28.56,34.0,35.37,29.57,34.69,33.21333333333333,33.46181545710978,0
510.42,36.75,28.56,34.34,35.37,29.57,34.34,33.155,33.415793138543314,0
510.93,36.75,28.9,34.0,35.03,29.57,34.34,33.098333333333336,33.368174167761815,0
511.44,36.4,28.56,34.0,35.37,29.24,34.34,32.985,33.310698042597544,0
511.94,36.75,28.56,33.66,35.37,29.57,34.34,33.041666666666664,33.27034333620791,0
512.45,36.4,28.9,34.0,35.03,29.57,34.34,33.04,33.235791835776716,0
512.95,36.06,28.9,33.66,35.03,29.24,34.0,32.815000000000005,33.17267306041021,0
513.45,36.4,28.56,33.66,35.03,29.57,34.0,32.87,33.12727210134867,0
513.96,36.4,28.56,33.66,34.69,29.24,34.34,32.815000000000005,33.08043128614638,0
514.46,36.06,28.56,33.32,34.69,29.24,34.0,32.645,33.01511659322442,0
514.96,36.06,28.9,33.66,34.69,29.57,34.0,32.81333333333333,32.98484910424075,0
515.47,36.06,28.9,33.66,34.69,29.57,33.66,32.75666666666667,32.95062173860464,0
515.97,35.72,28.56,33.66,34.69,29.24,34.0,32.645,32.90477847781394,0
516.48,35.72,28.9,33.66,34.69,29.24,33.66,32.645,32.865811706141855,0
516.98,35.72,28.9,33.32,34.69,29.57,33.66,32.64333333333333,32.832439950220575,0
517.48,35.72,28.56,33.32,34.34,29.57,33.66,32.52833333333333,32.78682395768749,0
517.99,35.37,28.56,33.32,34.69,29.57,33.66,32.52833333333333,32.74805036403436,0
518.49,35.37,28.56,33.32,34.34,29.57,33.66,32.47,32.70634280942921,0
519.0,35.37,28.9,33.32,34.69,29.57,33.66,32.585,32.68814138801482,0
519.5,35.72,28.56,33.32,34.34,29.24,33.32,32.416666666666664,32.6474201798126,0
520.0,35.03,28.9,32.63,34.0,29.24,33.32,32.18666666666667,32.57830715284071,0
520.51,35.37,28.56,32.98,34.34,29.57,33.32,32.35666666666666,32.5450610799146,0
521.01,35.37,28.56,32.98,34.34,29.57,33.32,32.35666666666666,32.51680191792741,0
521.52,35.03,28.9,32.98,34.0,29.57,33.32,32.3,32.48428163023829,0
522.03,35.03,28.56,32.63,34.34,29.24,33.32,32.18666666666667,32.43963938570255,0
522.53,35.03,28.9,32.98,33.66,29.24,32.98,32.13166666666667,32.393443477847164,0
523.03,35.03,28.22,32.98,34.0,29.57,33.32,32.18666666666666,32.36242695617009,0
523.54,34.69,28.9,32.63,33.66,29.24,32.98,32.016666666666666,32.31056291274457,0
524.04,34.69,28.9,32.63,34.0,29.57,32.98,32.12833333333333,32.283228475832885,0
524.54,34.69,28.56,32.63,34.0,29.24,32.98,32.016666666666666,32.24324420445795,0
525.05,34.69,28.9,32.63,33.66,29.57,32.98,32.071666666666665,32.217507573789256,0
525.55,34.69,28.9,32.29,33.66,29.24,32.63,31.901666666666667,32.17013143772086,0
526.05,34.69,28.9,32.29,33.66,29.57,32.63,31.956666666666663,32.13811172206273,0
526.56,34.34,28.9,32.29,33.66,29.24,32.98,31.901666666666667,32.10264496375332,0
527.06,34.34,28.22,32.63,33.66,29.57,32.63,31.841666666666665,32.06349821919032,0
527.56,34.34,28.9,31.95,33.66,29.24,32.29,31.73,32.013473486311774,0
528.07,34.34,28.56,32.63,33.66,29.57,32.63,31.89833333333333,31.996202463365005,0
528.57,34.0,28.9,32.29,33.66,29.57,32.63,31.841666666666665,31.97302209386025,0
529.07,34.34,28.56,32.29,33.32,29.57,32.63,31.784999999999997,31.94481877978121,0
529.58,34.0,28.9,31.95,33.32,29.24,32.29,31.616666666666664,31.895595962814028,0
