0,25.53,25.53,25.53,24.86,25.53,24.86,25.2,25.29142857,15.56849733,99.99985106
0.5,25.87,25.53,25.53,25.2,25.87,25.2,25.2,25.48571429,17.05607988,99.99978033
1.01,26.54,25.53,25.53,25.2,25.87,25.2,25.53,25.62857143,18.34195361,99.98078694
1.51,26.87,26.2,25.53,25.2,25.87,25.53,25.53,25.81857143,19.46344628,99.97445282
2.02,27.88,26.2,25.87,25.2,25.87,25.53,25.87,26.06,20.45292934,99.99952828
2.52,28.56,26.2,25.87,25.2,25.87,25.87,25.87,26.20571429,21.31584708,99.99935316
3.03,29.24,26.2,26.2,24.86,25.53,25.87,26.2,26.3,22.06347002,99.99919972
3.53,30.59,25.53,26.54,25.2,25.87,26.54,26.54,26.68714286,22.75702095,99.99842712
4.04,31.61,25.53,26.87,24.86,25.87,26.54,26.87,26.87857143,23.37525352,99.99763505
4.54,31.95,25.87,26.87,24.86,25.87,26.87,27.55,27.12,23.93696549,99.99634628
5.04,32.98,25.87,27.21,25.2,25.87,27.21,27.55,27.41285714,24.45834924,99.99405737
5.55,33.66,25.53,27.55,24.86,25.87,27.21,28.22,27.55714286,24.92316828,99.99104581
6.05,34.69,25.87,28.22,25.2,25.87,27.88,28.56,28.04142857,25.39090732,99.97962823
6.56,35.37,25.53,28.56,25.2,25.53,28.22,29.24,28.23571429,25.81762837,99.9692408
7.06,36.06,25.87,28.56,25.2,25.53,28.56,29.57,28.47857143,26.21676983,99.94875087
7.57,37.09,25.2,28.9,24.86,25.53,28.9,29.91,28.62714286,26.57832578,99.93117805
8.07,37.78,25.53,29.57,25.2,25.87,28.9,30.25,29.01428571,26.94371977,99.84343028
8.58,38.48,25.53,29.91,25.2,25.87,29.57,30.93,29.35571429,27.30551895,99.71242774
9.08,39.17,25.87,30.25,25.2,25.87,29.91,31.27,29.64857143,27.65697682,99.49728246
9.59,39.51,25.87,30.25,25.2,25.87,30.25,31.61,29.79428571,27.97757315,99.32738267
10.09,39.86,25.87,30.93,25.2,25.87,30.25,31.95,29.99,28.27943718,98.90981077
10.6,40.56,25.87,31.27,25.2,25.53,30.59,32.29,30.18714286,28.56559303,98.2731104
11.1,40.9,25.87,31.61,25.2,25.87,31.27,32.63,30.47857143,28.85253979,96.94645955
11.61,41.6,26.2,31.95,24.86,25.53,31.27,32.98,30.62714286,29.11873025,95.93845269
12.11,42.3,25.87,31.95,25.2,25.87,31.61,33.66,30.92285714,29.38934929,93.21828761
12.62,42.65,25.87,32.29,25.2,25.87,31.61,34,31.07,29.64144689,98.8390547
13.12,43,26.2,32.98,25.2,25.87,32.29,34.69,31.46142857,29.91444414,82.75798587
13.62,43.35,26.2,32.98,24.86,25.87,32.63,34.34,31.46142857,30.14649181,96.97250183
14.13,44.4,25.87,33.32,25.2,25.87,32.98,35.37,31.85857143,30.40330375,94.9483388
14.63,44.75,25.53,33.66,25.2,25.87,33.32,35.03,31.90857143,30.6290939,96.21535074
15.14,45.1,26.2,34,25.2,25.87,33.32,35.72,32.20142857,30.8649441,87.78117805
15.64,45.1,25.53,34.34,24.86,25.87,33.32,35.72,32.10571429,31.05105963,91.29473139
16.14,45.81,26.2,34.34,25.2,25.87,34,36.75,32.59571429,31.28275783,86.69448177
16.65,45.81,25.87,34.69,25.2,25.53,34.34,36.75,32.59857143,31.48012987,81.23355925
17.15,46.51,26.2,35.03,25.53,25.87,34.69,37.09,32.98857143,31.7063961,73.26155948
17.66,46.86,25.53,35.37,25.53,25.87,34.69,37.44,33.04142857,31.90665097,64.89651987
18.16,47.22,25.53,35.72,25.53,25.87,35.03,37.78,33.24,32.10665333,54.9497623
18.67,47.22,25.53,36.06,25.53,25.87,35.03,38.13,33.33857143,32.29144104,45.58089821
19.18,47.57,26.2,36.06,25.2,25.53,35.37,38.13,33.43714286,32.46329631,36.6295465
19.68,47.57,26.2,36.4,25.2,25.87,35.72,38.48,33.63428571,32.63894472,28.66433852
20.19,47.57,25.87,36.75,25.53,25.87,35.72,38.82,33.73285714,32.80303159,22.13400807
20.69,47.57,25.87,36.75,25.53,25.87,35.72,38.82,33.73285714,32.94250542,17.37214698
21.2,47.22,25.87,37.09,25.53,26.2,35.72,38.82,33.77857143,33.06791532,13.78193393
21.7,47.22,25.87,35.37,25.87,25.87,36.06,39.17,33.63285714,33.15265659,11.42083599
22.21,46.86,26.2,37.44,25.87,25.87,36.06,39.17,33.92428571,33.26840096,9.07825467
22.71,46.86,25.53,37.09,25.53,25.87,36.06,38.82,33.68,33.33014082,7.824287918
23.22,46.51,26.2,37.44,25.87,25.87,36.06,39.17,33.87428571,33.41176255,6.589037109
23.73,46.16,25.87,37.09,25.53,25.87,36.06,38.82,33.62857143,33.44428388,6.049717683
24.23,45.81,26.2,37.09,25.87,25.87,35.72,38.82,33.62571429,33.47149844,5.512506051
24.74,45.81,26.2,37.44,25.87,26.2,36.06,39.17,33.82142857,33.52398796,4.968679791
25.24,45.1,25.2,37.09,25.53,25.87,36.06,38.48,33.33285714,33.49531834,5.099798963
25.74,45.1,25.87,37.44,25.87,25.87,36.06,38.82,33.57571429,33.50737773,5.052968196
26.25,44.75,25.53,37.44,25.87,26.2,36.06,38.82,33.52428571,33.50991393,5.087105257
26.75,44.05,26.2,37.09,25.87,26.2,36.06,38.48,33.42142857,33.49664113,5.178806958
27.26,44.4,26.2,37.44,26.2,26.2,35.72,38.13,33.47,33.49264496,5.407857572
27.76,44.05,25.87,37.09,25.53,25.87,35.72,38.13,33.18,33.44574821,5.898402891
28.27,44.05,25.87,37.44,25.87,26.2,36.06,38.13,33.37428571,33.43502884,6.141992508
28.78,43.7,26.2,37.09,25.87,26.2,35.37,38.13,33.22285714,33.40320308,6.645780051
29.28,43.35,26.2,37.09,26.2,26.2,35.72,38.13,33.27,33.38322262,7.046218197
29.79,43.35,26.2,37.09,26.2,26.2,35.72,38.13,33.27,33.36623923,7.592832381
30.29,43,25.87,37.09,26.2,26.2,35.37,38.13,33.12285714,33.32973192,8.276444213
30.8,42.65,26.2,36.75,25.87,25.87,35.37,37.78,32.92714286,33.26934356,9.429055277
31.3,42.65,25.87,37.09,26.2,26.54,35.37,37.78,33.07142857,33.23965631,10.24954975
31.8,42.65,25.53,37.09,26.2,26.54,35.37,37.78,33.02285714,33.20713643,11.17603655
32.31,42.65,26.54,36.75,26.2,26.2,35.37,37.78,33.07,33.18656597,12.09883891
32.81,42.3,26.2,36.75,26.54,26.2,35.37,37.44,32.97142857,33.15429536,13.44447124
33.32,42.3,25.87,36.75,26.54,26.54,35.37,37.44,32.97285714,33.12707963,14.64268877
33.83,41.95,26.2,36.75,26.2,26.2,35.72,37.44,32.92285714,33.09644625,16.03646679
34.33,42.3,26.87,36.75,26.54,26.54,35.37,37.78,33.16428571,33.10662217,16.57811784
34.84,42.3,26.54,36.75,26.54,26.54,35.37,37.44,33.06857143,33.10091456,17.56392541
35.34,41.95,25.87,36.75,26.54,26.54,35.37,37.44,32.92285714,33.07420595,19.05846806
35.85,41.6,26.54,36.4,26.54,26.2,35.37,37.09,32.82,33.03607506,20.99036518
36.35,41.95,26.87,36.75,26.54,26.54,35.72,37.44,33.11571429,33.04802094,21.40112145
36.85,41.95,26.54,37.09,26.54,26.2,35.37,37.44,33.01857143,33.04360351,22.38074849
37.36,41.95,26.2,36.75,26.54,26.54,35.72,37.09,32.97,33.03256299,23.7700619
37.86,41.95,26.87,36.75,26.54,26.54,35.37,37.44,33.06571429,33.03753568,24.86925112
38.36,41.95,26.54,36.75,26.87,26.87,35.72,37.09,33.11285714,33.0488339,25.33244387
38.87,42.3,26.2,36.75,26.87,26.87,35.72,37.09,33.11428571,33.05865167,25.99150244
39.38,41.95,26.87,36.75,26.54,26.54,35.72,37.09,33.06571429,33.05971106,26.98340611
39.88,41.95,26.87,37.09,26.87,26.54,35.72,37.09,33.16142857,33.07496869,27.3967387
40.39,42.65,26.87,36.75,26.87,26.87,35.72,37.44,33.31,33.11022339,27.11831219
40.89,42.65,26.87,37.09,26.87,26.87,35.72,37.44,33.35857143,33.14747559,26.76086873
41.4,42.3,26.87,36.75,26.87,26.54,35.72,37.09,33.16285714,33.14978283,27.52256924
41.9,42.3,26.87,37.09,27.21,26.87,36.06,37.44,33.40571429,33.18817254,27.03414561
42.41,42.65,26.54,37.09,27.21,26.87,35.72,37.44,33.36,33.21394666,26.70039769
42.91,42.65,26.2,37.09,26.87,26.87,35.72,37.44,33.26285714,33.22128324,26.88290045
43.42,42.3,26.2,37.09,26.87,26.54,36.06,37.44,33.21428571,33.22023361,27.66454633
43.92,42.65,26.87,37.09,27.21,26.87,36.06,37.44,33.45571429,33.25555571,26.9705255
44.42,42.65,26.54,37.09,27.21,26.87,36.06,37.44,33.40857143,33.27850807,26.74969192
44.93,43,26.54,37.44,27.21,27.21,36.4,37.78,33.65428571,33.33487471,25.6866065
45.43,43,27.21,37.09,27.21,26.87,36.06,37.44,33.55428571,33.36778636,25.35905278
45.93,43,26.87,37.44,27.55,27.21,36.4,37.78,33.75,33.42511841,23.96738384
46.44,43,26.87,37.09,27.21,26.87,36.06,37.78,33.55428571,33.44449351,23.73556765
46.94,43.35,26.54,37.44,27.55,27.21,36.4,37.78,33.75285714,33.49074805,22.4551838
47.45,43,26.54,37.78,27.55,27.21,36.4,37.78,33.75142857,33.52985013,21.56944253
47.95,43.35,26.87,37.78,27.55,27.21,36.4,38.13,33.89857143,33.58515832,20.07165009
48.46,43.35,26.87,37.78,27.21,27.21,36.4,38.13,33.85,33.62488458,19.27338203
48.96,43.35,27.21,37.44,27.55,27.21,36.4,38.13,33.89857143,33.6659376,18.23737638
49.47,43.35,27.21,37.78,27.55,27.21,36.4,38.13,33.94714286,33.70811839,17.24196002
49.97,43.35,26.87,37.78,27.55,27.21,36.4,37.78,33.84857143,33.72918635,16.59937764
50.47,43.35,27.21,37.78,27.55,27.55,36.75,38.13,34.04571429,33.77666554,15.52235425
50.98,43,27.55,37.44,27.88,27.21,36.4,38.13,33.94428571,33.80180856,14.89909446
51.48,43.35,27.55,37.78,27.88,27.55,36.75,38.13,34.14142857,33.85275157,13.79193524
51.99,43.35,26.87,37.44,27.88,27.21,36.4,37.78,33.84714286,33.85191026,13.76974575
52.49,43.35,27.55,37.78,27.88,27.55,36.75,38.48,34.19142857,33.90283801,12.67704648
53,43.35,27.55,38.13,27.88,27.55,36.4,38.13,34.14142857,33.93862659,11.99391965
53.5,43,27.21,37.78,27.88,27.55,36.4,38.13,33.99285714,33.94676117,11.62925043
54.01,43,27.21,37.78,27.88,27.55,36.75,38.13,34.04285714,33.96117557,11.4327791
54.51,43,27.55,37.78,27.88,27.55,36.75,38.13,34.09142857,33.98071352,10.89915351
55.02,43,27.55,37.78,28.22,27.88,36.75,37.78,34.13714286,34.00417792,10.39223118
55.52,42.65,27.55,38.13,27.88,27.55,36.75,38.13,34.09142857,34.01726552,10.16571911
56.03,42.65,27.21,38.13,28.22,27.88,36.75,38.13,34.13857143,34.0354614,9.839206892
56.53,42.65,27.88,38.13,27.88,27.88,37.09,37.78,34.18428571,34.05778505,9.437379055
57.04,43,27.21,37.78,28.22,27.88,36.75,38.13,34.13857143,34.06990301,9.155723903
57.54,42.65,27.21,37.44,27.88,27.88,36.4,37.78,33.89142857,34.04313184,9.42074377
58.05,42.65,27.55,38.13,28.22,27.88,36.75,37.78,34.13714286,34.05723349,9.141961683
58.55,42.3,27.55,37.44,28.22,27.88,36.4,37.78,33.93857143,34.03943418,9.255265228
59.05,42.65,27.55,37.78,28.22,27.88,36.75,38.13,34.13714286,34.05409049,9.000238546
59.56,42.3,27.88,37.44,28.22,27.88,36.4,37.78,33.98571429,34.04383406,9.220307024
60.06,42.3,27.55,37.78,28.22,28.22,36.75,37.78,34.08571429,34.05011609,9.062668754
60.57,41.95,28.22,37.44,28.22,27.88,36.4,37.78,33.98428571,34.04024153,9.243096882
61.07,41.95,27.21,37.78,28.56,27.88,36.75,38.13,34.03714286,34.03977673,9.171041264
61.57,41.95,27.55,37.44,28.56,28.22,36.75,37.78,34.03571429,34.03916737,9.205116739
62.08,41.95,28.22,37.78,28.56,27.88,36.4,37.78,34.08142857,34.04550655,9.081133176
62.58,41.6,28.22,37.44,28.56,27.88,36.4,37.78,33.98285714,34.03610914,9.22438129
63.08,41.95,28.22,37.78,28.56,28.22,36.4,37.78,34.13,34.05019277,9.03028027
63.59,41.95,27.88,37.78,28.56,28.22,36.75,37.78,34.13142857,34.06237814,8.858501758
64.1,41.95,28.22,37.78,28.56,28.22,36.75,37.78,34.18,34.08002142,8.590667367
64.6,41.95,27.88,37.78,28.56,28.22,36.4,37.78,34.08142857,34.08023249,8.593576999
65.11,41.6,27.88,37.44,28.56,28.22,36.75,37.78,34.03285714,34.07312619,8.593273238
65.61,41.6,27.88,37.78,28.9,28.22,36.4,37.78,34.08,34.07415726,8.504561021
66.12,41.6,27.88,37.44,28.22,28.56,36.4,37.44,33.93428571,34.05317653,8.661409699
66.62,41.6,28.56,37.78,28.9,28.22,36.75,37.78,34.22714286,34.07927148,8.325604938
67.13,41.6,27.88,37.44,28.56,28.22,36.4,37.44,33.93428571,34.05752361,8.583308399
67.63,41.6,28.22,37.44,28.56,28.56,36.75,37.44,34.08142857,34.06110936,8.513344322
68.14,41.6,27.88,37.44,28.9,28.56,36.75,37.44,34.08142857,34.06415724,8.534480414
68.64,41.25,28.22,37.78,28.9,28.22,36.4,37.44,34.03,34.05903365,8.469805499
69.15,41.6,27.88,37.78,28.9,28.56,36.75,37.44,34.13,34.0696786,8.403546045
69.66,41.25,28.56,37.44,28.9,28.56,36.4,37.44,34.07857143,34.07101253,8.347186184
70.16,41.25,28.56,37.44,28.9,28.56,36.4,37.44,34.07857143,34.07214636,8.295066869
70.67,41.25,27.88,37.44,28.9,28.56,36.4,37.44,33.98142857,34.05853869,8.448839691
71.17,41.25,28.56,37.78,28.9,28.56,36.75,37.44,34.17714286,34.07632932,8.175827039
71.67,41.25,28.56,37.44,28.9,28.56,36.4,37.44,34.07857143,34.07666564,8.13833325
72.18,41.25,28.56,37.44,29.24,28.9,36.4,37.44,34.17571429,34.09152293,7.935614112
72.68,41.25,28.22,37.44,28.9,28.9,36.4,37.44,34.07857143,34.08958021,7.973973394
73.19,40.9,28.56,37.44,28.9,28.9,36.4,37.44,34.07714286,34.0877146,7.897388511
73.69,40.9,28.56,37.44,29.24,28.9,36.4,37.09,34.07571429,34.08591456,7.884568577
74.21,40.56,28.22,37.09,29.24,28.9,36.4,37.09,33.92857143,34.06231309,8.067009717
74.71,40.56,28.56,37.44,29.24,28.56,36.4,37.09,33.97857143,34.04975184,8.196437988
75.21,40.56,28.22,37.09,29.24,28.9,36.4,37.09,33.92857143,34.03157478,8.398982779
75.72,40.9,28.9,37.44,29.24,29.24,36.4,37.09,34.17285714,34.05276713,8.144613689
76.22,40.9,28.22,37.44,29.24,28.9,36.4,37.09,34.02714286,34.04892349,8.258448842
76.73,40.9,28.56,37.44,29.24,28.9,36.75,37.44,34.17571429,34.06794211,8.066223971
77.23,40.56,28.22,37.44,29.24,28.9,36.4,37.09,33.97857143,34.05453651,8.264706847
77.74,40.9,28.22,37.44,29.57,29.24,36.4,37.44,34.17285714,34.0722846,7.960357497
78.24,40.9,28.56,37.09,29.57,28.9,36.4,37.44,34.12285714,34.07987048,7.862365322
78.75,40.56,28.9,37.09,29.57,28.9,36.4,37.09,34.07285714,34.07881848,7.776789642
79.26,40.56,28.9,37.09,29.24,29.24,36.4,37.09,34.07428571,34.07813857,7.804200319
79.76,40.56,28.9,37.09,29.57,28.9,36.4,37.09,34.07285714,34.07734635,7.721478667
80.27,40.56,28.56,37.09,29.57,28.9,36.4,37.44,34.07428571,34.07688726,7.672112843
80.77,40.56,28.9,37.44,29.24,29.24,36.06,36.75,34.02714286,34.0694256,7.730736273
81.28,40.56,28.56,37.09,29.57,29.24,36.4,37.09,34.07285714,34.06994033,7.70275574
81.78,40.21,28.9,36.75,29.24,29.24,36.4,37.09,33.97571429,34.05580642,7.837528397
82.28,40.56,28.9,37.09,29.57,29.24,36.4,37.09,34.12142857,34.06564975,7.709787938
82.79,40.21,28.9,37.44,29.57,29.24,36.4,37.09,34.12142857,34.07401657,7.621172081
83.29,40.21,29.24,37.09,29.57,29.24,36.4,36.75,34.07142857,34.07362837,7.597574843
83.8,40.21,28.56,37.44,29.57,29.24,36.4,37.09,34.07285714,34.07351269,7.622639139
84.31,40.21,28.9,37.09,29.24,29.24,36.4,37.09,34.02428571,34.06612864,7.642717642
84.81,40.21,28.9,37.09,29.57,29.57,36.4,37.09,34.11857143,34.07399506,7.504937692
85.32,40.21,28.9,37.09,29.57,29.24,36.4,36.75,34.02285714,34.06632437,7.563344014
85.82,40.21,28.56,37.09,29.57,29.57,36.4,37.09,34.07,34.06687572,7.534639207
86.32,40.21,29.24,37.09,29.57,29.57,36.4,37.09,34.16714286,34.08191579,7.376203457
86.83,40.21,29.24,37.09,29.57,29.57,36.06,37.09,34.11857143,34.08741413,7.263916799
87.33,40.56,29.24,37.09,29.91,29.24,36.06,36.75,34.12142857,34.0925163,7.207242452
87.84,40.21,29.24,37.09,29.57,29.57,36.4,37.09,34.16714286,34.10371028,7.059834215
88.34,39.86,29.57,36.75,29.57,29.24,36.06,36.75,33.97142857,34.08386803,7.179189378
88.85,40.21,28.9,37.09,29.91,29.57,36.4,36.75,34.11857143,34.08907354,7.079799313
89.36,39.86,29.24,36.75,29.57,29.91,36.06,36.75,34.02,34.07871251,7.139599133
89.86,39.86,29.24,37.09,29.91,29.57,36.06,36.75,34.06857143,34.07719134,7.092177133
90.36,40.21,29.24,37.09,29.91,29.57,36.06,36.75,34.11857143,34.08339836,7.06875997
90.87,39.86,29.57,37.09,29.91,29.91,36.4,36.75,34.21285714,34.10281717,6.830346649
91.37,40.21,29.57,36.75,30.25,29.91,36.4,37.09,34.31142857,34.13410888,6.528318406
91.88,40.21,29.24,37.09,29.91,29.91,36.06,36.75,34.16714286,34.13906398,6.445666138
92.38,39.86,29.57,36.75,30.25,29.57,36.4,36.75,34.16428571,34.14284724,6.350323914
92.89,39.86,29.57,37.09,29.91,29.91,36.4,36.75,34.21285714,34.15334873,6.156129357
93.39,39.86,28.9,37.09,29.91,29.57,36.4,36.75,34.06857143,34.14063213,6.135349617
93.9,39.86,29.57,36.75,29.91,29.91,36.06,36.75,34.11571429,34.13689445,6.113985707
94.41,39.86,29.24,37.09,29.91,29.91,36.4,36.75,34.16571429,34.14121743,6.025972803
94.91,39.86,29.24,36.75,29.91,29.91,36.06,36.75,34.06857143,34.13032053,6.051952879
95.42,39.51,29.24,36.75,30.25,29.57,36.06,36.75,34.01857143,34.11355816,6.200456955
95.92,39.86,29.24,36.75,30.25,29.91,36.4,36.75,34.16571429,34.12138158,6.108421171
96.43,39.51,29.57,36.75,29.91,29.91,36.06,36.75,34.06571429,34.11303149,6.13550229
96.93,39.51,29.91,36.75,29.91,29.91,36.06,36.75,34.11428571,34.11321962,6.132653718
97.44,39.51,29.57,36.75,30.25,29.91,36.4,36.4,34.11285714,34.11316525,6.148817736
97.94,39.51,29.91,36.75,30.25,29.91,36.4,36.75,34.21142857,34.12790475,5.964390136
98.44,39.51,29.57,36.75,29.91,29.57,36.06,36.4,33.96714286,34.10379046,6.16465294
98.95,39.51,29.91,36.4,30.25,29.91,36.06,36.75,34.11285714,34.10515047,6.122033644
99.46,39.51,29.57,36.75,29.91,29.91,36.06,36.4,34.01571429,34.09173504,6.212094459
99.96,39.51,29.91,36.75,30.25,29.91,36.06,36.75,34.16285714,34.10240335,6.0481488
100.47,39.51,29.57,36.75,30.25,29.91,36.06,36.75,34.11428571,34.10418571,6.071912333
100.97,39.51,29.57,36.75,30.25,30.25,36.06,36.4,34.11285714,34.10548642,6.026982301
101.48,39.17,29.91,36.4,30.25,30.25,36.06,36.4,34.06285714,34.09909203,6.091557147
101.98,39.51,29.91,36.75,30.25,30.25,36.06,36.4,34.16142857,34.10844251,5.95132512
102.49,39.17,29.57,36.75,30.25,30.25,36.4,36.4,34.11285714,34.10910471,5.910376324
102.99,39.17,29.91,36.4,30.25,30.25,36.06,36.4,34.06285714,34.10216757,5.936271345
103.5,39.51,30.25,36.75,30.59,30.25,36.06,36.75,34.30857143,34.13312815,5.663685514
104,39.17,29.24,36.75,30.25,30.25,36.06,36.4,34.01714286,34.11573036,5.747802972
104.51,39.17,29.57,36.4,30.25,30.25,36.06,36.06,33.96571429,34.09322795,5.905611975
105.01,39.17,29.57,36.75,30.59,30.25,36.06,36.4,34.11285714,34.09617233,5.873704395
105.52,39.17,29.57,36.75,30.25,30.25,36.06,36.4,34.06428571,34.09138933,5.802924002
106.02,39.17,29.91,36.4,30.59,30.25,36.06,36.4,34.11142857,34.09439522,5.800029284
106.53,39.17,29.91,36.4,30.25,29.91,35.72,36.4,33.96571429,34.07509308,6.002415335
107.03,39.17,29.57,36.75,30.59,30.25,35.72,36.4,34.06428571,34.07347197,5.98712014
107.54,39.17,30.59,36.06,30.25,30.25,35.72,36.4,34.06285714,34.07187975,5.993798351
108.04,38.82,30.25,36.4,30.59,30.25,36.06,36.4,34.11,34.07759779,5.915622293
108.55,38.82,29.57,36.75,30.59,30.25,36.06,36.4,34.06285714,34.07538669,5.967025583
109.05,38.82,29.57,36.75,30.59,30.59,36.06,36.06,34.06285714,34.07350726,5.966769378
109.56,39.17,29.57,36.4,30.59,30.25,36.06,36.4,34.06285714,34.07190974,5.964508096
110.07,38.82,29.91,36.4,30.59,30.25,36.06,36.06,34.01285714,34.06305185,6.005444002
110.57,39.17,29.91,36.4,30.59,30.59,36.06,36.06,34.11142857,34.07030836,5.930836067
111.08,38.82,30.25,36.4,30.59,30.25,36.06,36.4,34.11,34.07626211,5.865322028
111.58,38.48,29.91,36.4,30.59,30.59,35.72,36.06,33.96428571,34.05946565,5.993722166
112.08,38.82,29.91,36.4,30.59,30.25,35.72,36.4,34.01285714,34.05247437,6.063357725
112.59,38.48,29.91,36.4,30.25,30.25,35.72,36.06,33.86714286,34.02467464,6.27660149
113.09,38.82,29.91,36.4,30.59,30.59,36.06,36.4,34.11,34.03747345,6.136609994
113.6,38.48,29.91,36.4,30.25,30.25,35.72,36.06,33.86714286,34.01192386,6.4077371
114.1,38.82,30.25,36.4,30.59,30.59,35.72,36.06,34.06142857,34.01934957,6.356292681
114.61,38.48,29.91,36.4,30.59,30.59,35.72,36.06,33.96428571,34.01108999,6.511204049
115.11,38.82,30.25,36.4,30.59,30.59,35.72,36.06,34.06142857,34.01864078,6.398547869
115.62,38.82,30.25,36.4,30.59,30.59,35.72,36.06,34.06142857,34.02505894,6.409904217
116.12,38.48,29.91,36.4,30.93,30.59,36.06,36.06,34.06142857,34.03051439,6.329856256
116.63,38.82,30.25,36.06,30.59,30.93,36.06,36.06,34.11,34.04243723,6.236372626
117.13,38.82,30.25,36.4,30.59,30.59,36.06,36.06,34.11,34.05257165,6.111223188
117.63,38.82,30.59,36.4,30.25,30.93,35.72,36.4,34.15857143,34.06847161,5.938643682
118.14,38.48,29.91,36.06,30.93,30.59,36.06,36.06,34.01285714,34.06012944,5.976624611
118.64,38.48,30.25,36.4,30.59,30.59,35.72,36.06,34.01285714,34.0530386,5.988002368
119.15,38.82,30.25,36.06,30.93,30.59,36.06,36.06,34.11,34.06158281,5.871077339
119.66,38.48,29.91,36.4,30.93,30.59,35.72,36.06,34.01285714,34.05427396,5.872733224
120.16,38.48,30.25,35.72,30.93,30.59,35.72,35.72,33.91571429,34.03349001,6.06165894
120.67,38.82,30.59,36.06,30.93,30.59,35.72,36.06,34.11,34.04496651,5.971651709
121.17,38.48,30.59,36.4,30.59,30.93,35.72,36.06,34.11,34.05472153,5.851289609
121.68,38.48,30.25,36.06,30.59,30.93,35.72,36.06,34.01285714,34.04844187,5.910246252
122.18,38.48,30.59,36.06,30.59,30.59,35.37,36.06,33.96285714,34.03560416,6.067137849
122.68,38.48,30.59,36.4,30.93,30.93,36.06,36.06,34.20714286,34.06133497,5.802556046
123.19,38.48,29.91,36.06,30.59,30.59,35.37,36.06,33.86571429,34.03199186,6.011167511
123.69,38.48,30.25,36.4,30.59,30.93,36.06,36.06,34.11,34.04369309,5.918081023
124.2,38.48,30.93,36.06,30.93,30.93,36.06,35.72,34.15857143,34.06092484,5.794176434
124.71,38.13,30.59,36.06,30.93,30.93,35.72,36.06,34.06,34.06078611,5.709089348
125.21,38.48,30.59,36.06,30.93,30.93,36.06,36.06,34.15857143,34.07545391,5.649614148
125.72,38.48,30.59,36.06,30.93,30.93,35.72,36.06,34.11,34.08063582,5.55623749
126.22,38.48,30.25,36.4,30.93,30.93,35.72,35.72,34.06142857,34.07775473,5.513458184
126.73,38.48,30.93,35.72,30.59,30.93,35.37,36.06,34.01142857,34.06780581,5.574213826
127.23,38.48,30.25,36.06,30.93,30.93,35.72,36.06,34.06142857,34.06684922,5.525770567
127.74,38.13,30.25,35.72,30.59,30.93,35.72,36.06,33.91428571,34.0439647,5.682010611
128.24,38.48,30.93,36.06,30.93,30.93,35.72,35.72,34.11,34.05386999,5.596283703
128.74,38.13,29.91,35.72,30.59,30.93,35.37,35.72,33.76714286,34.01086092,5.971876831
129.25,38.48,30.93,36.06,30.93,30.93,35.72,35.72,34.11,34.02573178,5.843396041
129.76,38.48,31.61,35.72,30.93,30.93,35.37,35.72,34.10857143,34.03815773,5.793504283
130.26,38.48,30.59,36.06,30.93,30.93,35.72,36.06,34.11,34.04893407,5.666227785
130.77,38.13,30.59,36.06,30.93,30.93,35.72,36.06,34.06,34.05059396,5.754989569
131.27,38.13,30.59,36.06,31.27,31.27,35.72,35.72,34.10857143,34.05929058,5.629140616
131.78,38.13,30.25,36.06,30.93,31.27,35.72,35.72,34.01142857,34.05211128,5.639510714
132.28,38.13,30.59,36.06,30.93,31.27,35.37,35.72,34.01,34.04579459,5.64908176
132.79,38.13,30.25,36.06,31.27,30.93,35.72,35.72,34.01142857,34.04063969,5.675097075
133.29,38.13,30.59,35.72,30.93,30.93,35.72,35.72,33.96285714,34.0289723,5.738075726
133.8,38.13,30.93,36.06,30.93,31.27,35.72,36.06,34.15714286,34.04819789,5.590293824
134.3,38.13,30.93,35.72,30.93,31.27,35.72,35.72,34.06,34.0499682,5.579771134
134.81,37.78,30.93,36.06,30.93,31.27,35.37,35.72,34.00857143,34.04375869,5.63111582
135.31,38.13,30.25,35.72,31.27,31.27,35.72,35.72,34.01142857,34.03890917,5.690728248
135.82,38.13,30.25,36.06,30.93,30.93,35.37,35.72,33.91285714,34.02000137,5.786736781
136.32,38.13,30.59,36.06,31.27,31.27,35.72,36.06,34.15714286,34.04057259,5.605349166
136.83,37.78,31.61,35.72,30.93,31.27,35.72,36.06,34.15571429,34.05784384,5.470937311
137.33,37.78,30.25,35.72,31.27,31.27,35.72,35.72,33.96142857,34.04338155,5.585565678
137.83,38.13,31.27,36.06,30.93,31.27,35.72,35.72,34.15714286,34.06044575,5.485355253
138.34,37.78,30.93,35.72,31.27,31.27,35.72,36.06,34.10714286,34.06745032,5.361412081
138.84,37.78,30.93,36.06,30.93,31.27,35.37,36.06,34.05714286,34.0659042,5.312851586
139.35,37.78,30.59,36.06,30.93,31.27,35.72,35.72,34.01,34.05751857,5.398685321
139.86,37.78,30.93,36.06,31.27,31.27,35.37,35.72,34.05714286,34.05746221,5.341159142
140.37,37.78,30.59,36.06,30.93,31.27,35.72,35.72,34.01,34.05034288,5.364766449
140.87,38.13,31.27,36.06,30.93,31.27,35.72,35.72,34.15714286,34.06636288,5.231435254
141.37,37.78,31.27,35.72,31.27,31.27,35.37,35.72,34.05714286,34.06497987,5.246419611
141.88,37.78,30.93,35.72,31.27,30.93,35.03,35.72,33.91142857,34.04194718,5.410249554
142.38,37.78,30.93,35.72,31.27,31.27,35.37,35.72,34.00857143,34.03694082,5.457638921
142.89,37.78,31.27,35.72,31.27,31.27,35.37,35.72,34.05714286,34.03997112,5.383028396
143.39,37.78,30.59,35.37,31.27,30.93,35.37,35.37,33.81142857,34.00568974,5.653194333
143.9,37.78,31.27,35.72,31.27,31.27,35.37,35.72,34.05714286,34.01340771,5.649296786
144.4,37.78,31.61,35.37,30.93,31.27,35.37,35.37,33.95714286,34.00496798,5.729320496
144.9,37.78,31.27,35.72,31.27,31.61,35.72,35.72,34.15571429,34.02757993,5.533705972
145.41,37.78,30.93,35.72,31.27,31.27,35.37,35.72,34.00857143,34.02472865,5.640154413
145.91,37.78,30.59,35.72,31.27,31.27,35.72,35.72,34.01,34.02251935,5.631267845
146.42,37.44,30.59,35.72,31.27,31.27,35.37,35.72,33.91142857,34.00585574,5.78695353
146.92,37.78,30.93,35.72,31.27,31.27,35.37,35.72,34.00857143,34.00626309,5.720633351
147.43,37.78,31.27,35.72,31.27,31.27,35.72,35.72,34.10714286,34.02139505,5.60131951
147.93,37.44,31.27,35.37,30.93,31.27,35.37,35.72,33.91,34.0046858,5.740038193
148.43,37.78,30.93,35.72,31.27,31.27,35.37,35.72,34.00857143,34.00526864,5.779086503
148.94,37.78,31.61,35.72,30.93,31.27,35.03,35.72,34.00857143,34.00576406,5.772365428
149.44,37.78,31.27,35.72,31.27,31.61,35.37,35.72,34.10571429,34.02075659,5.605554962
149.95,37.44,30.93,35.72,30.93,31.61,35.03,35.72,33.91142857,34.00435739,5.781308206
150.46,37.44,31.27,35.37,31.27,31.61,35.37,35.37,33.95714286,33.99727521,5.83859328
150.96,37.44,31.61,35.37,31.27,31.27,35.37,35.72,34.00714286,33.99875536,5.825381516
151.46,37.44,31.61,35.72,31.27,31.61,35.37,35.37,34.05571429,34.0072992,5.712977635
151.97,37.44,30.93,35.72,30.93,31.27,35.37,35.37,33.86142857,33.9854186,5.942068207
152.47,37.44,31.27,35.72,31.27,31.27,35.37,35.72,34.00857143,33.98889153,5.935851428
152.98,37.44,30.59,35.37,30.93,31.61,35.37,35.37,33.81142857,33.96227208,6.169390872
153.48,37.44,30.93,35.72,31.27,31.27,35.37,35.37,33.91,33.95443127,6.226176779
153.98,37.78,30.93,35.72,31.27,31.27,35.37,35.37,33.95857143,33.95505229,6.298119657
154.49,37.44,30.59,35.72,31.27,31.61,35.37,35.72,33.96,33.95579445,6.294347213
155,37.78,31.27,35.72,31.27,31.61,35.72,35.37,34.10571429,33.97828243,6.181257523
155.5,37.44,31.61,35.72,31.27,31.61,35.37,35.72,34.10571429,33.9973972,6.040003459
156.01,37.44,31.61,35.37,31.27,31.61,35.37,35.37,34.00571429,33.99864477,6.028016728
156.51,37.44,31.27,35.37,31.27,31.61,35.37,35.37,33.95714286,33.99241948,6.081175899
157.02,37.44,31.61,35.72,31.27,31.61,35.37,35.72,34.10571429,34.0094137,5.872118885
157.53,37.44,31.61,35.72,31.61,31.61,35.37,35.72,34.15428571,34.0311445,5.635125061
158.03,37.44,31.61,35.37,31.27,31.27,35.03,35.37,33.90857143,34.01275854,5.776713987
158.53,37.44,30.93,35.72,31.27,31.27,35.37,35.37,33.91,33.99734476,5.921909361
159.04,37.44,31.61,35.72,31.27,31.61,35.37,35.37,34.05571429,34.00610019,5.800878261
159.54,37.44,31.61,35.37,31.27,31.61,35.37,35.72,34.05571429,34.0135423,5.678043845
160.05,37.44,30.59,35.72,31.27,31.61,35.37,35.72,33.96,34.00551096,5.791370807
160.56,37.78,31.27,35.37,31.27,31.61,35.37,35.72,34.05571429,34.01304146,5.768275745
161.06,37.44,31.27,35.37,31.61,31.61,35.37,35.37,34.00571429,34.01194238,5.750222503
161.57,37.78,31.61,35.37,31.27,31.61,35.37,35.72,34.10428571,34.02579388,5.612046973
162.07,37.44,31.61,35.72,31.61,31.61,35.37,35.37,34.10428571,34.03756766,5.530382524
162.58,37.44,31.27,35.37,31.27,31.61,35.37,35.37,33.95714286,34.02550394,5.598986789
163.08,37.44,30.93,35.37,31.27,31.61,35.37,35.37,33.90857143,34.00796406,5.740501603
163.59,37.44,31.27,35.37,31.27,31.61,35.37,35.72,34.00714286,34.00784088,5.702026672
164.09,37.44,31.61,35.72,31.27,31.61,35.37,35.37,34.05571429,34.01502189,5.609136339
164.6,37.44,31.27,35.72,31.27,31.61,35.37,35.72,34.05714286,34.02134004,5.585293397
165.1,37.44,31.61,35.37,31.27,31.61,35.03,35.03,33.90857143,34.00442474,5.766892261
165.61,37.44,31.27,35.72,31.27,31.95,35.03,35.37,34.00714286,34.00483246,5.762591913
166.11,37.44,30.59,35.37,31.61,31.27,35.37,35.37,33.86,33.98310759,5.926801814
166.62,37.44,31.27,35.72,31.27,31.95,35.37,35.72,34.10571429,34.0014986,5.757277253
167.12,37.09,31.27,35.37,31.61,31.61,35.37,35.37,33.95571429,33.99463095,5.861390631
167.63,37.09,31.27,35.37,31.61,31.61,35.37,35.37,33.95571429,33.98879345,5.911875791
168.13,37.44,31.95,35.37,31.27,31.95,35.03,35.37,34.05428571,33.99861729,5.890750927
168.64,37.09,31.61,35.37,31.27,31.61,35.37,35.37,33.95571429,33.99218184,5.895457007
169.14,37.44,31.95,35.72,31.27,31.95,35.37,35.37,34.15285714,34.01628313,5.712151653
169.65,37.44,31.27,35.37,31.61,31.95,35.37,35.37,34.05428571,34.02198352,5.676007244
170.16,37.44,30.93,35.37,31.61,31.95,35.37,35.37,34.00571429,34.01954314,5.664088005
170.66,37.44,31.61,35.37,31.27,31.61,35.37,35.37,34.00571429,34.01746881,5.693310298
171.17,37.09,31.27,35.37,31.61,31.61,35.03,35.37,33.90714286,34.00091992,5.762028682
171.67,37.44,30.93,35.72,31.27,31.61,35.37,35.37,33.95857143,33.99456764,5.799882641
172.18,37.44,31.61,35.03,31.27,31.61,35.37,35.37,33.95714286,33.98895392,5.855824009
172.68,37.44,31.61,35.37,31.61,31.61,35.37,35.72,34.10428571,34.00625369,5.718298416
173.19,37.44,31.27,35.37,31.61,31.95,35.37,35.37,34.05428571,34.0134585,5.701040101
173.69,37.09,31.61,35.37,31.27,31.95,35.37,35.37,34.00428571,34.01208258,5.726013953
174.2,37.09,31.61,35.37,31.27,31.61,35.37,35.37,33.95571429,34.00362734,5.809212905
174.7,37.44,30.93,35.37,31.27,31.61,35.37,35.37,33.90857143,33.98936895,5.882245999
175.21,37.09,31.61,35.37,31.27,31.61,35.03,35.37,33.90714286,33.97703504,5.971715921
175.71,37.44,31.27,35.37,31.61,31.95,35.03,35.37,34.00571429,33.98133692,5.944642973
176.22,37.09,31.61,35.37,31.27,31.61,35.03,35.72,33.95714286,33.97770781,6.005237011
176.72,37.09,31.61,35.37,31.61,31.95,35.37,35.37,34.05285714,33.98898021,5.953357214
177.23,37.09,31.27,35.37,31.61,31.95,35.03,35.37,33.95571429,33.98399032,6.034791496
177.73,37.44,31.61,35.37,31.61,31.95,35.37,35.37,34.10285714,34.00182035,5.872497383
178.24,37.09,31.61,35.37,31.61,31.95,35.37,35.37,34.05285714,34.00947587,5.816683528
178.74,37.09,31.61,35.37,31.27,31.61,35.03,35.37,33.90714286,33.99412591,5.91431421
179.25,37.09,31.27,35.03,31.27,31.61,35.03,35.03,33.76142857,33.95922131,6.238938526
179.75,37.44,31.61,35.37,31.61,31.95,35.03,35.37,34.05428571,33.97348097,6.071557175
180.26,37.09,31.27,35.37,31.61,31.61,35.37,35.37,33.95571429,33.97081597,6.080853575
180.76,37.09,31.61,35.37,31.61,31.61,35.03,35.37,33.95571429,33.96855072,6.153474423
181.27,37.09,31.27,35.37,31.61,31.95,35.37,35.03,33.95571429,33.96662525,6.281807104
181.77,37.09,31.61,35.37,31.27,31.61,35.37,35.37,33.95571429,33.96498861,6.264613212
182.28,37.09,31.95,35.37,31.61,31.61,35.37,35.37,34.05285714,33.97816889,6.163522064
182.78,37.09,30.93,35.37,31.61,31.95,35.37,35.37,33.95571429,33.9748007,6.206721277
183.29,37.09,31.61,35.37,31.61,31.95,35.03,35.37,34.00428571,33.97922345,6.179807486
183.79,37.09,31.61,35.37,31.61,31.61,35.03,35.37,33.95571429,33.97569708,6.222402234
184.3,37.09,31.61,35.37,31.61,31.95,35.03,35.37,34.00428571,33.97998537,6.152620183
184.8,37.09,31.27,35.37,31.61,31.95,35.37,35.37,34.00428571,33.98363042,6.13552228
185.31,37.09,31.61,35.37,31.61,31.95,35.37,35.37,34.05285714,33.99401443,6.035576168
185.82,37.09,31.95,35.37,31.61,31.61,35.03,35.37,34.00428571,33.99555512,6.033729815
186.32,37.09,31.61,35.37,31.61,31.61,35.37,35.37,34.00428571,33.99686471,6.011363489
186.83,36.75,31.61,35.37,31.27,31.61,34.69,35.03,33.76142857,33.96154929,6.318320888
187.33,37.09,31.27,35.37,31.61,31.95,35.03,35.37,33.95571429,33.96067404,6.307008095
187.84,37.44,31.61,35.37,31.61,31.95,35.03,35.37,34.05428571,33.97471579,6.186549479
188.34,37.09,31.27,35.37,31.61,31.95,35.37,35.37,34.00428571,33.97915128,6.150284816
188.85,37.09,31.27,35.03,31.27,32.29,35.03,35.37,33.90714286,33.96835002,6.358064939
189.35,37.09,31.61,35.37,31.61,31.95,35.03,35.37,34.00428571,33.97374037,6.32045208
189.86,37.09,31.61,35.37,31.61,31.95,35.03,35.03,33.95571429,33.97103646,6.311476926
190.37,37.44,30.93,35.37,31.61,31.95,35.03,35.37,33.95714286,33.96895242,6.326042986
190.87,37.44,31.61,35.37,31.61,32.29,35.03,35.37,34.10285714,33.98903813,6.184260947
191.38,37.09,30.93,35.03,31.61,31.95,35.03,35.37,33.85857143,33.96946812,6.349827019
191.88,37.09,31.61,35.37,31.61,31.95,35.37,35.37,34.05285714,33.98197648,6.252356466
192.39,37.09,31.61,35.37,31.61,31.95,35.03,35.37,34.00428571,33.98532286,6.233370671
192.89,37.09,31.95,35.37,31.61,31.95,35.03,35.37,34.05285714,33.995453,6.088777789
193.4,37.09,31.95,35.37,31.61,32.29,35.03,35.37,34.10142857,34.01134934,6.00567536
193.9,37.09,31.27,35.37,31.27,31.61,35.03,35.37,33.85857143,33.98843265,6.169742544
194.4,37.09,31.95,35.37,31.61,31.95,35.03,35.37,34.05285714,33.99809633,6.077344507
194.91,37.09,31.61,35.03,31.61,31.95,35.03,35.37,33.95571429,33.99173902,6.10528191
195.42,37.09,31.95,35.37,31.61,31.95,35.03,35.37,34.05285714,34.00090674,5.981810806
195.92,37.44,31.61,35.37,31.61,31.95,35.37,35.37,34.10285714,34.0161993,5.913062162
196.43,37.09,31.27,35.37,31.61,31.95,35.03,35.37,33.95571429,34.00712655,5.960085812
196.93,37.09,31.61,35.03,31.61,31.95,35.03,35.37,33.95571429,33.99941471,6.043442304
197.44,37.09,31.61,35.37,31.61,31.95,35.03,35.37,34.00428571,34.00014536,6.011230345
197.94,37.09,31.27,35.03,31.61,32.29,35.03,35.37,33.95571429,33.9934807,6.026371067
198.45,37.09,31.61,35.37,31.61,31.95,35.03,35.37,34.00428571,33.99510145,6.039694338
198.95,36.75,31.61,35.37,31.61,31.95,35.03,35.37,33.95571429,33.98919338,6.11537441
199.46,37.09,31.95,35.37,31.61,31.95,35.03,35.37,34.05285714,33.99874294,6.031933129
199.96,37.09,31.27,35.37,31.61,31.95,35.03,35.37,33.95571429,33.99228864,6.108330788
200.47,37.09,31.95,35.03,31.61,31.95,35.03,35.03,33.95571429,33.98680249,6.154828652
200.98,37.09,31.95,35.37,31.61,31.95,35.03,35.03,34.00428571,33.98942497,6.15222455
201.48,36.75,31.61,35.03,31.61,31.61,34.69,35.03,33.76142857,33.95522551,6.439862662
201.98,37.09,31.61,35.37,31.61,31.95,35.03,35.03,33.95571429,33.95529883,6.472185926
202.49,36.75,32.29,35.03,31.27,31.95,34.69,35.03,33.85857143,33.94078972,6.640454524
202.99,37.09,31.61,35.37,31.61,31.95,35.03,35.37,34.00428571,33.95031412,6.559617908
203.5,37.09,31.27,35.03,31.61,31.95,35.03,35.37,33.90714286,33.94383843,6.743530015
204,37.09,31.27,35.37,31.61,31.95,35.03,35.37,33.95571429,33.94561981,6.743594688
204.51,37.09,31.61,35.37,31.61,31.95,35.37,35.37,34.05285714,33.96170541,6.65012585
205.01,37.09,31.95,35.03,31.61,31.95,35.03,35.37,34.00428571,33.96809245,6.571427473
205.52,37.44,31.95,35.03,31.61,31.95,35.03,35.37,34.05428571,33.98102144,6.478678793
206.03,37.09,31.61,35.03,31.61,31.95,35.03,35.37,33.95571429,33.97722537,6.514775217
206.53,37.09,31.27,35.37,31.61,31.95,35.03,35.37,33.95571429,33.97399871,6.503196434
207.04,37.09,31.95,35.03,31.61,31.95,35.03,35.37,34.00428571,33.97854176,6.449078674
207.54,37.09,31.61,35.03,31.61,32.29,35.03,35.37,34.00428571,33.98240335,6.380778108
208.05,37.09,31.61,35.03,31.61,31.95,35.03,35.37,33.95571429,33.97839999,6.434650457
208.55,36.75,31.95,35.37,31.61,31.95,35.03,35.03,33.95571429,33.97499714,6.482788008
209.06,37.09,31.95,35.03,31.61,31.95,35.03,35.37,34.00428571,33.97939042,6.435474013
209.56,37.09,31.61,35.37,31.27,31.95,35.03,35.37,33.95571429,33.975839,6.46325416
210.07,36.75,31.95,35.03,31.61,32.29,35.37,35.37,34.05285714,33.98739172,6.374969745
210.58,37.09,31.27,35.37,31.61,31.95,35.03,35.37,33.95571429,33.98264011,6.433091437
211.08,37.09,32.29,35.03,31.61,32.29,35.03,35.37,34.10142857,34.00045838,6.261034436
211.59,37.09,31.61,35.03,31.95,31.95,35.03,35.37,34.00428571,34.00103248,6.266100941
212.09,37.09,31.61,35.37,31.61,31.95,35.37,35.37,34.05285714,34.00880618,6.161917122
212.6,37.09,31.27,35.03,31.61,31.95,35.03,35.37,33.90714286,33.99355668,6.311449621
213.1,37.09,31.95,35.37,31.61,31.95,35.03,35.03,34.00428571,33.99516603,6.24624009
213.61,37.09,31.61,35.03,31.61,32.29,35.03,35.37,34.00428571,33.99653399,6.233569709
214.11,37.09,31.61,35.03,31.61,31.95,35.03,35.03,33.90714286,33.98312532,6.334091682
214.61,37.09,31.61,35.03,31.61,31.95,35.03,35.03,33.90714286,33.97172795,6.490924916
215.12,36.75,31.27,35.03,31.27,32.29,35.03,35.03,33.81,33.94746876,6.72674033
215.62,37.09,31.95,35.03,31.61,31.95,35.03,35.03,33.95571429,33.94870559,6.726900328
216.13,36.75,31.61,35.37,31.61,31.95,34.69,35.03,33.85857143,33.93518546,6.919043761
216.63,37.09,31.61,35.03,31.61,31.95,35.03,35.03,33.90714286,33.93097907,7.019272115
217.13,36.75,31.61,35.03,31.61,31.95,34.69,35.03,33.81,33.91283221,7.309951726
217.64,36.75,31.95,35.03,31.61,32.29,35.03,35.37,34.00428571,33.92655024,7.192107719
218.14,36.75,32.29,35.03,31.27,31.95,34.69,35.03,33.85857143,33.91635341,7.369218858
218.65,37.09,32.29,35.37,31.95,31.95,35.03,35.37,34.15,33.9514004,7.047949234
219.15,36.75,31.95,35.03,31.61,31.95,35.03,35.03,33.90714286,33.94476177,7.192065039
219.65,36.75,31.61,35.03,31.61,32.29,35.03,35.37,33.95571429,33.94640465,7.14784647
220.16,37.09,31.95,35.03,31.61,31.95,35.03,35.37,34.00428571,33.95508681,7.110245829
220.67,37.09,31.95,35.03,31.95,31.95,35.37,35.37,34.10142857,33.97703807,6.791425697
221.17,37.09,31.95,35.03,31.61,31.95,35.03,35.37,34.00428571,33.98112522,6.77961256
221.68,37.09,31.27,35.37,31.95,31.95,35.03,35.37,34.00428571,33.98459929,6.746429118
222.19,36.75,31.27,35.37,31.61,31.95,35.03,35.37,33.90714286,33.97298083,6.837829228
222.69,37.09,31.95,35.03,31.61,31.95,34.69,35.37,33.95571429,33.97039085,6.802177147
223.19,37.09,31.27,35.37,31.95,31.95,35.03,35.37,34.00428571,33.97547508,6.748843497
223.7,36.75,31.95,35.03,31.61,31.95,35.03,35.03,33.90714286,33.96522524,6.846259201
224.2,37.09,31.95,35.37,31.61,31.95,35.37,35.37,34.10142857,33.98565574,6.694029071
224.71,37.09,31.27,35.03,31.61,31.95,35.03,35.37,33.90714286,33.97387881,6.821728263
225.21,37.09,32.29,35.37,31.61,32.29,35.03,35.03,34.10142857,33.99301127,6.62797111
225.71,36.75,31.27,35.03,31.27,31.95,34.69,35.03,33.71285714,33.95098815,7.078566664
226.22,37.09,31.95,35.37,31.61,31.95,35.03,35.37,34.05285714,33.9662685,6.874481053
226.72,37.09,31.95,35.03,31.27,31.95,34.69,35.37,33.90714286,33.95739966,7.012242218
227.23,37.09,31.95,35.03,31.61,32.29,35.03,35.03,34.00428571,33.96443256,6.893612316
227.73,37.09,31.95,35.03,31.61,31.95,35.03,35.03,33.95571429,33.96312482,7.054611198
228.24,37.09,31.61,35.37,31.61,31.95,35.03,35.37,34.00428571,33.96929896,6.954517706
228.74,37.09,31.61,35.37,31.95,31.95,35.03,35.37,34.05285714,33.98183268,6.867936955
229.25,37.09,31.95,35.37,31.61,32.29,35.03,35.37,34.10142857,33.99977207,6.67593406
229.75,37.44,32.63,35.37,31.61,32.29,35.03,35.37,34.24857143,34.03709197,6.328388958
230.26,37.09,31.95,35.37,31.95,32.29,35.03,35.37,34.15,34.05402818,6.14598077
230.77,37.09,31.95,35.37,31.95,31.95,35.03,35.37,34.10142857,34.06113824,6.031685708
231.27,37.09,31.61,35.03,31.95,31.95,35.03,35.03,33.95571429,34.04532464,6.102835708
231.77,37.09,31.27,35.03,31.61,31.95,35.03,35.37,33.90714286,34.02459737,6.167338751
232.28,36.75,31.95,35.37,31.27,31.95,35.03,35.03,33.90714286,34.0069792,6.270038708
232.78,37.09,32.29,35.37,31.95,32.29,35.03,35.03,34.15,34.02843232,6.055190187
233.29,37.09,31.95,35.37,31.95,32.29,35.03,35.37,34.15,34.04666747,5.932477124
233.79,37.09,31.27,35.37,31.61,32.29,35.03,35.37,34.00428571,34.04031021,6.033069595
234.3,37.09,31.61,35.37,31.61,32.29,35.03,35.37,34.05285714,34.04219225,6.055082837
234.8,37.09,31.95,35.03,31.61,31.95,35.03,35.37,34.00428571,34.03650627,6.032239196
235.31,37.09,32.29,35.37,31.61,31.95,35.37,35.03,34.10142857,34.04624461,5.886328889
235.82,37.09,31.95,35.03,31.61,32.29,35.03,35.37,34.05285714,34.04723649,5.882612689
236.32,37.09,31.95,35.37,31.95,31.95,35.03,35.37,34.10142857,34.0553653,5.795182735
236.83,37.09,31.61,35.37,31.95,32.29,35.03,35.03,34.05285714,34.05498908,5.798775329
237.33,37.09,31.61,35.37,31.95,31.95,35.03,35.37,34.05285714,34.05466929,5.759988365
237.84,36.75,32.29,35.37,31.61,32.29,35.03,35.37,34.10142857,34.06168318,5.68392125
238.34,37.09,31.95,35.03,31.61,31.95,35.03,35.37,34.00428571,34.05307356,5.717230302
238.85,36.75,31.95,35.03,31.27,31.95,35.03,35.03,33.85857143,34.02389824,5.952113035
239.35,37.09,31.61,35.37,31.95,32.29,35.03,35.37,34.10142857,34.03552779,5.846305243
239.86,37.09,31.61,35.37,31.61,32.29,34.69,35.03,33.95571429,34.02355577,5.919797947
240.36,36.75,32.29,35.03,31.61,31.95,35.03,35.37,34.00428571,34.02066526,5.962308117
240.86,36.75,31.95,35.03,31.27,32.29,34.69,35.03,33.85857143,33.99635118,6.256175158
241.37,37.09,31.95,35.37,31.61,31.95,35.03,35.03,34.00428571,33.99754136,6.212466719
241.87,36.75,31.61,35.03,31.27,31.95,35.03,35.03,33.81,33.96941016,6.508499479
242.38,37.09,32.29,35.37,31.95,32.29,35.03,35.03,34.15,33.99649863,6.275102873
242.88,36.75,31.95,35.03,31.61,32.29,34.69,35.03,33.90714286,33.98309527,6.472659912
243.38,37.09,31.95,35.37,31.95,31.95,35.03,35.37,34.10142857,34.00084526,6.309567119
243.89,37.09,31.95,35.03,31.95,32.29,35.03,35.03,34.05285714,34.00864705,6.320989281
244.39,37.09,31.95,35.37,31.61,31.95,35.03,35.03,34.00428571,34.00799285,6.244665342
244.9,36.75,31.61,35.37,31.95,31.95,35.37,35.37,34.05285714,34.01472249,6.220535423
245.4,37.09,31.61,35.03,31.61,32.29,35.03,35.37,34.00428571,34.01315697,6.178755208
245.92,36.75,32.29,35.03,31.95,32.29,35.03,35.37,34.10142857,34.02639771,6.034944085
246.42,37.09,32.29,35.37,31.61,32.29,35.03,35.37,34.15,34.04493806,5.868538562
246.92,36.75,31.61,35.03,31.95,31.95,35.03,35.37,33.95571429,34.03155449,5.95269471
247.43,36.75,31.61,35.03,31.61,32.29,35.03,35.37,33.95571429,34.02017846,6.047661133
247.93,36.75,31.61,35.03,31.61,32.29,35.03,35.03,33.90714286,34.00322312,6.154510187
248.44,37.09,31.61,35.03,31.95,32.29,35.03,35.37,34.05285714,34.01066822,6.034493915
248.94,36.75,31.61,35.03,31.61,31.95,34.69,35.37,33.85857143,33.9878537,6.274274225
249.45,36.75,31.61,35.03,31.95,32.29,35.03,35.03,33.95571429,33.98303279,6.355726008
249.95,36.75,31.61,35.03,31.61,31.95,34.69,35.03,33.81,33.95707787,6.657130233
250.45,37.09,31.95,35.37,31.95,32.29,35.03,35.37,34.15,33.98601619,6.374352564
250.96,37.09,31.61,35.03,31.61,32.29,34.69,35.03,33.90714286,33.97418519,6.558477475
251.47,37.09,31.95,35.37,31.95,32.29,35.03,35.03,34.10142857,33.9932717,6.401630629
251.97,37.09,31.95,35.37,31.95,31.95,35.03,35.03,34.05285714,34.00220952,6.398397355
252.48,37.09,31.61,35.03,31.61,31.95,35.03,35.37,33.95571429,33.99523523,6.375858914
252.98,37.09,31.95,35.37,31.95,32.29,35.03,35.03,34.10142857,34.01116423,6.266100574
253.49,37.09,31.61,35.03,31.95,32.29,35.03,35.03,34.00428571,34.01013245,6.216348477
253.99,37.09,31.95,35.03,31.95,32.29,35.03,35.37,34.10142857,34.02382687,6.06533475
254.5,37.09,31.61,35.37,31.61,32.29,35.03,35.03,34.00428571,34.0208957,6.104417576
255,37.09,31.95,35.03,31.95,32.29,35.03,35.03,34.05285714,34.02568991,6.01086255
255.51,36.75,32.29,35.37,31.61,32.29,35.03,35.37,34.10142857,34.03705071,5.90787136
256.01,36.75,31.95,35.03,31.61,31.95,34.69,35.03,33.85857143,34.01027882,6.092841195
256.51,37.09,31.95,35.37,31.95,32.29,35.03,35.37,34.15,34.031237,5.914896983
257.02,36.75,31.95,35.37,31.61,31.95,35.03,35.03,33.95571429,34.01990859,5.991037221
257.52,37.09,31.61,35.37,31.61,31.95,35.03,35.37,34.00428571,34.01756516,5.973918774
258.03,37.09,31.61,35.37,31.95,32.29,35.03,35.03,34.05285714,34.02285896,5.998130808
258.53,37.09,31.95,35.37,31.61,32.29,35.03,35.37,34.10142857,34.0346444,5.831803264
259.04,36.75,32.29,35.03,31.95,32.29,35.03,35.03,34.05285714,34.03737631,5.830142358
259.54,37.09,31.95,35.03,31.61,32.29,35.03,35.37,34.05285714,34.03969844,5.806598856
260.05,37.09,31.95,35.03,31.61,31.95,35.03,35.03,33.95571429,34.02710081,5.888601551
260.55,37.09,32.29,35.37,31.95,32.29,35.03,35.03,34.15,34.04553569,5.693191226
261.06,36.75,31.61,35.37,31.95,32.29,34.69,35.37,34.00428571,34.03934819,5.725210073
261.56,37.09,31.95,35.03,31.61,32.29,35.03,35.37,34.05285714,34.04137454,5.691465728
262.07,37.09,31.61,35.03,31.95,31.95,34.69,35.37,33.95571429,34.0285255,5.822465974
262.57,37.09,31.95,35.03,31.95,32.29,35.03,35.37,34.10142857,34.03946096,5.672988925
263.08,36.75,31.61,35.03,31.61,32.29,35.03,35.03,33.90714286,34.01961324,5.846040026
263.58,37.09,32.29,35.37,31.61,32.29,35.03,35.37,34.15,34.03917126,5.670719952
264.09,37.09,31.61,35.03,31.61,32.29,35.03,35.03,33.95571429,34.02665271,5.799761851
264.59,37.09,31.95,35.03,31.61,32.29,35.03,35.37,34.05285714,34.03058338,5.729723038
265.1,36.75,31.95,35.03,31.95,31.95,34.69,35.03,33.90714286,34.0120673,5.93340836
265.6,37.09,31.95,35.03,31.95,32.29,34.69,35.37,34.05285714,34.01818578,5.823494931
266.1,37.09,31.95,35.03,31.61,32.29,34.69,35.37,34.00428571,34.01610077,5.870739181
266.61,36.75,32.29,35.03,31.95,32.29,35.03,35.37,34.10142857,34.02889994,5.747038944
267.11,36.75,31.61,35.03,31.61,31.95,35.03,35.03,33.85857143,34.00335066,6.009325447
267.62,37.09,31.61,35.03,31.61,32.29,35.03,35.37,34.00428571,34.00349092,5.989901508
268.12,36.4,32.29,35.37,31.61,31.95,35.03,35.03,33.95428571,33.99611014,6.059586782
268.62,37.09,32.29,35.37,31.61,31.95,34.69,35.37,34.05285714,34.00462219,5.950097908
269.13,37.09,32.29,35.03,31.61,31.95,34.69,35.03,33.95571429,33.997286,6.085343849
269.64,37.09,31.95,35.37,31.95,32.29,35.03,35.37,34.15,34.0201931,5.885925251
270.14,36.75,31.95,35.03,31.61,31.95,34.69,35.03,33.85857143,33.99594985,6.112933409
270.64,37.09,31.61,35.03,31.61,32.29,35.03,35.03,33.95571429,33.98991452,6.143429515
271.15,36.75,31.95,35.37,31.61,32.29,35.03,35.37,34.05285714,33.99935591,6.083382738
271.66,37.09,31.61,35.03,31.95,31.95,35.03,35.37,34.00428571,34.00009538,6.01197566
272.16,36.75,31.95,35.03,31.61,32.29,35.03,35.03,33.95571429,33.99343822,6.14000622
272.67,36.75,32.29,35.03,31.95,32.29,35.03,35.37,34.10142857,34.00963677,6.015782201
273.17,36.75,31.27,35.37,31.95,32.29,35.03,35.37,34.00428571,34.00883411,5.993440702
273.68,36.75,32.63,34.69,31.95,31.95,35.03,35.03,34.00428571,34.00815185,5.994827219
274.18,36.75,31.61,35.03,31.61,32.29,35.03,35.37,33.95571429,34.00028622,6.080562725
274.69,36.75,31.95,35.03,31.61,32.29,35.03,35.37,34.00428571,34.00088614,6.029121665
275.19,36.75,31.95,35.03,31.95,32.29,35.03,35.03,34.00428571,34.00139608,6.026666776
275.7,37.09,31.95,35.37,31.61,32.29,35.03,35.03,34.05285714,34.00911524,5.960781368
276.21,37.09,31.95,35.03,31.95,31.95,35.03,35.03,34.00428571,34.00839081,5.986618385
276.71,36.75,31.95,35.03,31.61,32.29,35.03,35.03,33.95571429,34.00048933,6.051829488
277.22,37.09,31.95,35.03,31.95,32.29,34.69,35.03,34.00428571,34.00105879,6.045225681
277.72,36.75,31.61,35.37,31.95,32.29,35.03,35.37,34.05285714,34.00882854,5.955234247
278.23,37.09,31.61,35.37,31.61,32.29,34.69,35.37,34.00428571,34.00814712,5.960708344
278.73,36.75,31.95,35.03,31.61,32.29,35.03,35.03,33.95571429,34.00028219,6.049517465
279.24,36.75,31.95,35.03,31.95,32.29,34.69,35.03,33.95571429,33.99359701,6.106965772
279.74,36.75,32.29,35.03,31.95,32.29,35.03,35.03,34.05285714,34.00248603,6.008276135
280.25,37.09,31.95,35.03,31.61,32.29,35.03,35.03,34.00428571,34.00275598,6.007135392
280.75,36.75,32.29,35.03,31.61,32.29,34.69,35.03,33.95571429,33.99569973,6.090856643
281.26,36.75,31.95,35.03,31.61,31.95,34.69,35.37,33.90714286,33.9824162,6.2304481
281.77,36.75,31.61,35.37,31.61,32.29,35.03,35.37,34.00428571,33.98569662,6.180103543
282.27,37.09,32.29,35.03,31.61,32.29,35.03,35.37,34.10142857,34.00305642,6.029202009
282.78,37.09,31.95,35.03,31.95,32.29,34.69,35.03,34.00428571,34.00324081,6.046729922
283.28,37.09,31.95,35.03,31.95,32.29,35.03,35.03,34.05285714,34.01068326,6.018069618
283.79,36.75,31.95,35.03,31.95,32.29,35.03,35.03,34.00428571,34.00972363,6.014185487
284.29,37.09,32.29,35.37,31.61,32.29,34.69,35.03,34.05285714,34.01619366,5.906599898
284.79,36.4,31.95,35.37,31.61,32.29,34.69,35.03,33.90571429,33.99962175,6.045860394
285.3,36.75,31.61,35.03,31.95,32.29,35.03,35.37,34.00428571,34.00032134,6.018727557
285.8,36.75,31.95,35.03,31.61,32.29,35.03,35.03,33.95571429,33.99363029,6.080307707
286.31,37.09,31.95,35.37,31.61,32.29,35.03,35.03,34.05285714,34.00251431,5.98571159
286.81,36.75,31.61,35.03,31.95,32.29,34.69,35.37,33.95571429,33.99549431,6.093767079
287.32,37.09,31.95,35.37,31.61,32.63,35.03,35.37,34.15,34.01867016,5.890725762
287.82,36.75,31.95,35.03,31.61,32.29,35.03,35.37,34.00428571,34.0165125,5.922718805
288.32,37.09,31.61,35.03,31.61,32.29,35.03,35.37,34.00428571,34.01467848,5.909221789
288.83,36.4,31.95,35.03,31.95,32.29,34.69,35.03,33.90571429,33.99833385,6.067466588
289.33,36.75,31.61,35.37,31.95,32.29,35.03,35.37,34.05285714,34.00651234,5.931104861
289.84,36.75,31.95,35.03,31.61,32.29,34.69,35.03,33.90714286,33.99160692,6.065616494
290.34,36.75,32.29,35.03,31.95,32.29,34.69,35.37,34.05285714,34.00079445,5.992508784
290.85,36.75,31.95,35.03,31.95,32.29,35.03,35.37,34.05285714,34.00860386,5.970172058
291.36,36.4,32.29,34.69,31.95,31.95,34.69,35.03,33.85714286,33.98588471,6.144834102
291.86,36.75,32.29,35.03,31.95,32.29,34.69,35.03,34.00428571,33.98864486,6.167250523
292.36,36.75,31.95,35.03,31.95,32.29,34.69,35.03,33.95571429,33.98370527,6.18829245
292.87,36.75,32.29,35.37,31.95,32.29,35.03,35.03,34.10142857,34.00136377,6.013800185
293.37,36.75,31.95,35.03,31.61,32.29,34.69,35.03,33.90714286,33.98723063,6.204201415
293.88,36.75,32.29,35.03,31.95,32.29,35.03,35.37,34.10142857,34.00436032,6.047263585
294.38,37.09,31.95,34.69,31.61,31.95,35.03,34.69,33.85857143,33.98249199,6.255931807
294.88,36.75,31.61,35.03,31.61,32.29,34.69,35.03,33.85857143,33.9639039,6.379374865
295.39,36.4,31.95,35.03,31.95,31.95,34.69,35.03,33.85714286,33.94788975,6.583587225
295.89,36.75,32.29,35.37,31.61,32.29,34.69,35.37,34.05285714,33.96363486,6.399286299
296.4,36.75,32.29,35.03,31.61,32.29,34.69,35.03,33.95571429,33.96244677,6.487259071
296.9,36.75,31.61,35.03,31.61,32.29,34.69,35.37,33.90714286,33.95415118,6.634567339
297.41,36.75,31.95,35.03,31.95,32.29,34.69,35.03,33.95571429,33.95438565,6.696381268
297.91,36.75,31.95,35.37,31.95,32.29,35.03,35.03,34.05285714,33.96915637,6.520579359
298.42,36.75,31.61,35.03,31.61,32.29,34.69,35.03,33.85857143,33.95256863,6.69238845
298.92,36.75,31.95,35.03,31.61,32.29,34.69,35.37,33.95571429,33.95304048,6.728622369
299.42,36.75,31.61,35.03,31.61,32.29,34.69,35.03,33.85857143,33.93887012,6.882064957
299.93,36.75,32.63,35.03,31.95,32.29,34.69,35.03,34.05285714,33.95596818,6.687094706
300.43,36.75,31.95,35.03,31.61,32.29,34.69,35.37,33.95571429,33.95593009,6.753255751
300.94,37.09,31.61,35.03,31.61,32.29,34.69,35.37,33.95571429,33.95589772,6.765972977
301.45,36.75,31.95,35.03,31.61,31.95,34.69,35.03,33.85857143,33.94129878,6.970121757
301.95,36.75,32.29,35.03,31.61,32.29,35.03,35.37,34.05285714,33.95803253,6.768290786
302.45,36.75,31.95,35.03,31.61,31.95,35.03,34.69,33.85857143,33.94311337,6.929322171
302.96,37.09,31.61,35.03,31.95,31.95,35.03,35.03,33.95571429,33.9450035,6.928875924
303.46,36.75,32.29,34.69,31.61,32.29,34.69,35.03,33.90714286,33.93932441,7.051439263
303.96,36.75,31.95,35.37,31.95,32.29,35.03,35.03,34.05285714,33.95635432,6.846290529
304.47,36.75,32.29,35.03,31.61,32.29,34.69,35.37,34.00428571,33.96354403,6.836716455
304.97,37.09,31.61,35.03,31.95,32.29,35.03,35.37,34.05285714,33.97694099,6.711128569
305.48,36.75,31.95,35.03,31.61,32.29,35.03,35.03,33.95571429,33.97375699,6.767239074
305.98,37.09,32.29,35.03,31.95,32.29,35.03,35.37,34.15,34.00019344,6.469520995
306.49,37.09,31.95,35.03,31.61,32.29,35.03,35.37,34.05285714,34.008093,6.374279165
307,36.75,32.29,35.37,31.95,32.29,35.03,35.03,34.10142857,34.02209333,6.204524802
307.5,36.75,31.95,35.37,31.61,32.29,34.69,35.03,33.95571429,34.01213647,6.297823508
308.01,37.09,32.29,35.03,31.61,32.29,35.03,35.37,34.10142857,34.02553029,6.096786491
308.51,36.75,32.29,35.03,31.95,32.29,34.69,35.37,34.05285714,34.02962932,6.030827377
309.02,37.09,31.61,35.03,31.95,32.29,34.69,35.03,33.95571429,34.01854206,6.080340942
309.52,36.4,31.95,35.03,31.61,31.95,34.69,35.03,33.80857143,33.98704647,6.389362916
310.02,36.75,31.95,35.03,31.61,32.29,35.03,35.03,33.95571429,33.98234664,6.396756587
310.53,36.75,31.95,35.03,31.61,31.95,34.69,35.37,33.90714286,33.97106607,6.495159957
311.03,36.75,31.95,35.03,31.95,32.29,35.03,35.37,34.05285714,33.98333473,6.422502989
311.54,36.75,31.27,35.03,31.61,32.29,35.03,35.03,33.85857143,33.96462024,6.701994927
312.04,36.75,32.29,35.37,31.95,32.29,35.03,35.03,34.10142857,33.98514149,6.530922048
312.55,37.09,32.29,35.03,31.95,32.29,35.03,35.03,34.10142857,34.00258455,6.405970986
313.05,37.09,31.27,35.03,31.61,32.29,34.69,35.03,33.85857143,33.98098258,6.571117799
313.56,37.09,31.61,35.03,31.61,32.29,34.69,35.03,33.90714286,33.96990662,6.741827159
314.06,36.75,31.61,35.03,31.95,32.29,34.69,35.03,33.90714286,33.96049206,6.778616546
314.57,37.09,32.29,35.03,31.95,32.29,35.03,35.37,34.15,33.98891825,6.464527472
315.07,37.09,32.29,35.37,31.95,32.29,35.03,35.03,34.15,34.01308051,6.308513441
315.58,37.09,31.95,35.03,31.61,32.29,35.03,35.37,34.05285714,34.01904701,6.282768307
316.08,36.75,32.29,35.03,31.95,32.29,34.69,35.03,34.00428571,34.01683281,6.325218422
316.59,36.75,31.61,35.03,31.61,32.29,35.03,35.37,33.95571429,34.00766503,6.320215433
317.1,37.09,32.29,35.03,31.61,32.29,34.69,35.03,34.00428571,34.00715814,6.251420377
317.6,36.75,32.29,35.37,31.61,32.29,34.69,35.03,34.00428571,34.00672727,6.235771405
318.11,36.75,32.29,35.03,31.95,32.29,35.03,35.03,34.05285714,34.01364675,6.177821372
318.61,37.09,32.29,35.03,31.61,31.95,34.69,35.37,34.00428571,34.0122426,6.213144409
319.11,37.09,32.29,35.37,31.61,32.29,35.03,35.37,34.15,34.03290621,6.027075076
319.62,37.09,31.95,35.03,31.61,32.29,34.69,35.03,33.95571429,34.02132742,6.121308029
320.12,36.75,32.29,35.37,31.95,32.29,35.03,35.37,34.15,34.04062831,5.926346414
320.63,36.75,31.95,35.03,31.61,31.95,35.03,35.03,33.90714286,34.02060549,6.094145991
321.13,36.75,32.29,35.03,31.61,32.29,34.69,35.37,34.00428571,34.01815752,6.050981306
321.64,36.75,32.29,35.03,31.95,31.95,34.69,35.03,33.95571429,34.00879104,6.162209549
322.14,36.75,31.61,35.03,31.61,32.29,35.03,35.37,33.95571429,34.00082952,6.175234996
322.65,36.75,32.29,35.37,31.95,32.29,34.69,35.37,34.10142857,34.01591938,6.097940381
323.15,36.75,32.29,35.37,31.61,32.29,34.69,35.37,34.05285714,34.02146005,6.051382433
323.66,36.75,31.95,35.37,31.61,32.29,35.03,35.37,34.05285714,34.02616961,6.030440425
324.16,36.75,32.29,35.03,31.61,32.29,35.03,35.37,34.05285714,34.03017274,6.010453169
324.67,37.09,31.95,35.03,31.95,32.29,34.69,35.03,34.00428571,34.02628969,5.993331674
325.17,36.75,31.95,35.03,31.61,32.29,34.69,35.03,33.90714286,34.00841766,6.12778305
325.68,37.09,32.29,35.03,31.95,32.29,35.03,35.37,34.15,34.02965501,5.925650267
326.18,36.75,31.95,35.37,31.61,31.95,34.69,35.37,33.95571429,34.0185639,6.002522834
326.69,37.09,31.61,35.03,31.61,32.29,35.03,35.37,34.00428571,34.01642218,6.027017292
327.19,36.75,32.63,35.03,31.95,32.29,35.03,35.03,34.10142857,34.02917313,5.961376569
327.7,37.09,32.29,35.03,31.61,32.29,34.69,35.37,34.05285714,34.03272574,5.86356146
328.21,36.75,31.95,35.03,31.61,32.29,34.69,35.03,33.90714286,34.0138883,6.048998071
328.71,36.75,32.29,35.03,31.95,32.29,34.69,35.37,34.05285714,34.01973363,5.999835128
329.22,37.09,31.61,35.03,31.95,32.29,34.69,35.03,33.95571429,34.01013073,6.042400698
329.72,37.09,31.61,35.03,31.61,32.29,34.69,35.37,33.95571429,34.00196826,6.101537499
330.23,36.4,31.95,34.69,31.61,32.29,34.69,35.03,33.80857143,33.97295874,6.420062545
330.73,37.09,32.29,35.03,31.61,32.29,35.03,35.37,34.10142857,33.99222921,6.233743639
331.24,37.09,31.61,35.37,31.95,32.63,35.37,35.37,34.19857143,34.02318054,5.988294981
331.75,36.75,32.29,35.37,31.95,32.29,35.03,35.03,34.10142857,34.03491775,5.902902462
332.25,36.75,31.95,35.03,31.95,32.29,34.69,35.03,33.95571429,34.02303723,6.07845446
332.76,36.75,31.61,35.03,31.95,32.29,35.03,35.03,33.95571429,34.01293879,6.106290842
333.26,37.09,31.95,35.03,31.61,32.29,35.03,35.03,34.00428571,34.01164083,6.025887185
333.77,36.75,32.29,34.69,31.61,32.29,35.03,35.03,33.95571429,34.00325185,6.063098335
334.27,36.75,32.29,35.03,31.95,32.29,35.03,35.37,34.10142857,34.01797835,5.966723512
334.78,36.75,31.95,35.03,31.95,32.29,35.03,35.03,34.00428571,34.01592446,6.008004665
335.28,37.09,31.95,35.03,31.95,32.29,35.03,35.37,34.10142857,34.02875008,5.895903007
335.79,36.75,31.95,35.03,31.61,32.29,34.69,35.37,33.95571429,34.01779471,6.006372082
336.29,36.75,31.95,35.03,31.61,32.29,35.03,35.03,33.95571429,34.00848264,6.041360959
336.8,36.75,31.95,35.03,31.61,32.29,34.69,35.03,33.90714286,33.99328168,6.179992656
337.31,36.4,31.95,35.37,31.61,31.95,35.03,35.03,33.90571429,33.98014657,6.263323855
337.81,36.75,31.61,35.03,31.61,32.29,34.69,35.37,33.90714286,33.96919601,6.402382132
338.31,36.75,32.29,35.03,31.61,32.29,34.69,35.03,33.95571429,33.96717375,6.458524309
338.82,36.75,32.29,35.03,31.95,32.29,34.69,35.03,34.00428571,33.97274055,6.462230278
339.32,37.09,32.29,35.37,31.95,32.29,35.03,35.37,34.19857143,34.00661518,6.197962551
339.83,36.75,32.29,35.03,31.95,32.29,34.69,35.37,34.05285714,34.01355147,6.165445958
340.33,36.75,31.95,35.03,31.61,32.29,34.69,35.37,33.95571429,34.0048759,6.245654961
340.84,37.09,31.95,35.03,31.95,31.95,35.03,35.03,34.00428571,34.00478737,6.228753885
341.34,37.09,32.29,35.03,31.95,32.29,34.69,35.03,34.05285714,34.01199783,6.065191621
341.85,36.75,32.29,35.03,31.95,32.29,35.03,35.03,34.05285714,34.01812673,5.988350507
342.36,36.75,32.29,35.37,31.95,32.29,35.03,35.03,34.10142857,34.03062201,5.899260334
342.86,36.75,32.63,35.37,31.61,32.29,34.69,35.03,34.05285714,34.03395728,5.862416714
343.37,36.75,32.29,35.03,31.95,32.29,35.03,35.03,34.05285714,34.03679226,5.809128276
343.87,36.75,31.95,35.03,31.61,32.63,35.03,35.03,34.00428571,34.03191628,5.823665538
344.38,37.09,31.61,35.37,31.61,32.29,34.69,35.03,33.95571429,34.02048598,5.878053739
344.88,37.09,31.95,35.37,31.95,32.29,34.69,35.37,34.10142857,34.03262737,5.760166248
345.39,36.75,32.29,35.03,31.95,32.29,35.03,35.37,34.10142857,34.04294755,5.65764903
345.89,36.75,31.95,35.37,31.95,32.29,35.03,35.37,34.10142857,34.0517197,5.587043902
346.4,36.75,31.61,35.03,31.95,32.29,34.69,35.03,33.90714286,34.03003317,5.784053578
346.9,37.09,32.29,35.03,31.61,32.29,34.69,35.37,34.05285714,34.03345677,5.71426822
347.41,36.75,32.29,35.03,31.61,32.29,34.69,35.03,33.95571429,34.0217954,5.775140683
347.91,36.75,32.29,35.03,31.61,32.29,34.69,35.03,33.95571429,34.01188323,5.829183353
348.42,36.75,31.95,35.03,31.95,32.29,34.69,35.03,33.95571429,34.00345789,5.958457225
348.92,36.75,31.95,35.03,31.95,32.29,34.69,35.37,34.00428571,34.00358206,5.946828648
349.43,36.75,31.95,35.37,31.61,32.29,34.69,34.69,33.90714286,33.98911618,6.105805606
349.93,37.09,31.95,35.03,31.61,32.29,34.69,35.37,34.00428571,33.99139161,6.117128665
350.44,36.75,32.29,35.03,31.61,32.29,34.69,35.03,33.95571429,33.98604001,6.191854385
350.94,36.75,32.63,35.03,31.95,32.29,34.69,35.37,34.10142857,34.0033483,6.041453846
351.45,36.4,32.29,35.03,31.95,31.95,34.69,34.69,33.85714286,33.98141748,6.278769564
351.95,37.09,32.29,35.03,31.61,32.29,35.03,35.03,34.05285714,33.99213343,6.180526258
352.45,36.4,32.29,34.69,31.61,32.29,34.69,35.03,33.85714286,33.97188484,6.383353763
352.96,36.75,31.61,35.03,31.61,32.29,34.69,35.03,33.85857143,33.95488783,6.498430113
353.46,36.75,31.95,35.03,31.61,31.95,34.69,35.03,33.85857143,33.94044037,6.718210892
353.96,36.75,31.61,35.03,31.61,32.29,35.03,35.03,33.90714286,33.93544574,6.751889897
354.47,36.75,31.61,35.03,31.95,32.29,35.03,35.03,33.95571429,33.93848603,6.806488378
354.97,36.75,31.95,35.03,31.61,32.29,34.69,35.37,33.95571429,33.94107026,6.854655015
355.48,36.75,32.29,35.03,31.61,32.29,35.03,35.37,34.05285714,33.9578383,6.754332982
355.99,37.09,31.95,35.03,31.95,32.29,34.69,35.37,34.05285714,33.97209112,6.645030311
356.49,36.75,31.95,35.03,31.61,31.95,34.69,35.03,33.85857143,33.95506317,6.809854544
357,36.75,32.29,35.03,31.61,32.29,35.03,35.37,34.05285714,33.96973227,6.672914833
357.5,36.75,31.95,35.03,31.61,32.29,34.69,35.03,33.90714286,33.96034385,6.720911357
358.01,36.75,32.29,35.37,31.61,32.29,34.69,35.03,34.00428571,33.96693513,6.625253599
358.51,36.75,32.29,35.03,31.61,32.29,35.03,35.03,34.00428571,33.97253772,6.634435109
359.02,36.75,32.29,35.03,31.61,32.29,34.69,35.37,34.00428571,33.97729992,6.55226252
359.52,36.75,31.95,35.37,31.61,32.29,35.03,35.03,34.00428571,33.98134779,6.549538413
360.02,36.75,31.95,35.03,31.61,32.29,34.69,35.37,33.95571429,33.97750276,6.571587085
360.53,36.75,31.95,35.03,31.95,32.29,34.69,35.37,34.00428571,33.98152021,6.523228167
361.03,36.75,32.29,35.03,31.61,32.29,35.03,35.03,34.00428571,33.98493503,6.482188714
361.54,36.75,31.61,35.03,31.61,32.29,34.69,35.37,33.90714286,33.97326621,6.584876332
362.05,36.75,31.61,35.37,31.61,32.29,35.03,35.03,33.95571429,33.97063342,6.630170939
362.56,37.09,31.95,35.03,31.61,32.29,35.03,35.37,34.05285714,33.98296698,6.509512738
363.06,36.75,31.95,35.37,31.95,32.29,34.69,35.03,34.00428571,33.98616479,6.47422926
363.57,36.75,31.61,35.37,31.61,32.29,35.03,35.03,33.95571429,33.98159721,6.557103578
364.07,36.75,31.95,35.03,31.61,32.29,34.69,35.03,33.90714286,33.97042906,6.677893865
364.57,37.09,31.61,35.03,31.95,32.29,34.69,35.03,33.95571429,33.96822184,6.670002019
365.08,36.75,32.98,35.03,31.61,32.29,35.03,35.03,34.10285714,33.98841714,6.477701705
365.58,36.75,31.95,35.03,31.61,32.29,34.69,35.03,33.90714286,33.976226,6.610776
366.09,36.75,32.29,35.03,31.95,31.95,34.69,35.03,33.95571429,33.97314924,6.682389741
366.59,36.75,31.61,35.03,31.95,32.29,34.69,35.37,33.95571429,33.970534,6.723035622
367.1,36.75,31.95,35.03,31.95,32.29,34.69,35.03,33.95571429,33.96831104,6.69063206
367.6,37.09,32.63,35.03,31.95,32.29,35.03,35.03,34.15,33.99556438,6.478060925
368.11,36.75,31.61,34.69,31.61,32.63,34.69,35.03,33.85857143,33.97501544,6.684693413
368.61,36.75,32.29,35.03,31.95,32.29,34.69,35.37,34.05285714,33.9866917,6.588399118
369.12,37.09,31.61,35.37,31.95,32.29,34.69,35.03,34.00428571,33.9893308,6.574174044
369.62,36.75,32.29,35.03,31.61,32.29,35.03,35.37,34.05285714,33.99885975,6.405096361
370.13,36.75,32.29,35.03,31.95,32.29,35.03,35.37,34.10142857,34.01424507,6.324547287
370.63,36.75,32.63,35.37,31.61,32.29,34.69,35.37,34.10142857,34.0273226,6.167496778
371.14,36.75,32.29,35.03,31.95,32.29,34.69,35.37,34.05285714,34.03115278,6.117785767
371.64,37.09,31.61,35.03,31.61,32.29,34.69,35.37,33.95571429,34.01983701,6.182530697
372.15,36.75,32.29,35.03,31.61,32.29,34.69,35.37,34.00428571,34.01750431,6.153195173
372.66,37.09,31.95,35.03,31.95,32.29,34.69,35.03,34.00428571,34.01552152,6.128177386
373.16,36.75,31.95,34.69,31.61,32.29,34.69,35.03,33.85857143,33.99197901,6.32552234
373.67,36.75,31.95,35.37,31.95,32.29,35.03,35.37,34.10142857,34.00839644,6.211608323
374.17,36.75,32.29,35.03,31.61,32.29,35.03,35.03,34.00428571,34.00777983,6.221532742
374.67,37.09,31.95,35.03,31.61,32.29,35.03,35.03,34.00428571,34.00725572,6.229792365
375.18,37.09,32.63,35.03,31.61,32.29,34.69,35.03,34.05285714,34.01409593,6.234503243
375.68,37.09,32.29,35.03,31.95,32.63,34.69,35.03,34.10142857,34.02719583,6.065866664
376.19,37.09,31.95,35.03,31.61,32.63,34.69,35.03,34.00428571,34.02375931,6.090271722
376.69,37.09,32.29,35.37,31.95,32.29,35.03,35.37,34.19857143,34.04998113,5.856814549
377.2,37.09,32.29,35.03,31.61,32.29,34.69,35.03,34.00428571,34.04312682,5.882810996
377.71,36.75,32.29,35.37,31.95,32.29,35.03,35.37,34.15,34.05915779,5.699756627
378.21,36.75,31.61,35.37,31.95,32.29,34.69,35.03,33.95571429,34.04364127,5.823609229
378.72,36.75,32.29,35.03,31.95,32.29,35.03,35.37,34.10142857,34.05230936,5.668033806
379.22,36.75,32.29,35.03,31.95,32.29,35.03,35.37,34.10142857,34.05967724,5.611578507
379.73,36.4,32.29,35.03,31.95,32.29,34.69,35.03,33.95428571,34.04386851,5.683536071
380.23,37.09,31.95,35.03,31.61,32.29,35.03,35.03,34.00428571,34.03793109,5.763219265
380.74,36.4,32.29,34.69,31.61,32.29,34.34,35.03,33.80714286,34.00331286,6.026271993
381.24,36.75,31.61,35.03,31.61,32.29,34.69,35.03,33.85857143,33.98160164,6.197277027
381.75,36.75,32.29,35.03,31.95,32.29,34.69,35.03,34.00428571,33.98500425,6.217947435
382.25,36.75,31.95,35.03,31.95,32.29,35.03,35.37,34.05285714,33.99518219,6.148007536
382.75,36.75,32.29,35.03,31.95,32.29,34.69,35.03,34.00428571,33.99654772,6.237663904
383.26,37.09,32.29,35.37,31.95,32.29,34.69,35.37,34.15,34.01956556,6.095045401
383.76,36.75,31.95,35.03,31.61,31.95,34.69,35.03,33.85857143,33.99541644,6.297008797
384.26,36.75,31.95,35.03,31.61,32.29,34.69,35.37,33.95571429,33.98946112,6.322848916
384.77,36.75,31.95,34.69,31.95,31.95,34.69,35.03,33.85857143,33.96982766,6.504564893
385.27,37.09,32.29,35.03,31.61,32.29,34.69,35.03,34.00428571,33.97499637,6.395881043
385.78,37.09,32.29,35.03,31.95,32.29,34.69,35.03,34.05285714,33.98667549,6.367336267
386.28,36.75,31.95,35.03,31.61,32.29,35.03,35.37,34.00428571,33.98931702,6.364651012
386.79,36.75,31.95,35.03,31.95,32.29,34.69,35.37,34.00428571,33.99156232,6.405720075
387.3,36.75,32.29,35.03,31.95,32.29,34.69,35.03,34.00428571,33.99347083,6.375088192
387.8,37.09,31.27,35.03,31.61,32.29,34.69,35.37,33.90714286,33.98052164,6.462534853
388.31,36.75,31.95,35.03,31.61,31.95,35.03,35.37,33.95571429,33.97680053,6.495380803
388.81,37.09,32.29,35.03,31.61,32.29,35.03,35.37,34.10142857,33.99549474,6.321819366
389.31,37.09,31.95,35.03,31.61,32.29,34.69,35.37,34.00428571,33.99681339,6.305417712
389.82,37.09,31.95,35.03,31.95,32.29,35.03,35.03,34.05285714,34.00521995,6.267735199
390.32,36.75,31.61,35.03,31.95,32.29,34.34,35.03,33.85714286,33.98300839,6.482757225
390.83,36.75,32.29,35.37,31.95,32.29,35.03,35.03,34.10142857,34.00077141,6.267719117
391.33,36.75,32.29,35.03,31.95,31.95,34.69,35.03,33.95571429,33.99401284,6.325409229
391.83,36.75,32.29,35.37,31.61,32.29,35.03,35.03,34.05285714,34.00283949,6.222008296
392.34,36.4,31.95,35.03,31.61,32.29,34.69,35.03,33.85714286,33.98098499,6.488826754
392.85,36.75,31.61,35.03,31.61,32.29,35.03,35.03,33.90714286,33.96990867,6.545103853
393.35,36.75,32.29,35.03,31.95,32.29,34.69,35.03,34.00428571,33.97506523,6.526113796
393.85,36.75,32.29,35.03,31.61,32.63,34.69,35.03,34.00428571,33.9794483,6.465616033
394.36,36.75,31.95,35.03,31.61,32.29,34.69,35.03,33.90714286,33.96860249,6.641773513
394.86,36.75,31.95,35.03,31.95,32.29,34.69,35.37,34.00428571,33.97395497,6.634408994
395.37,36.75,31.95,35.03,31.95,32.29,35.03,35.37,34.05285714,33.9857903,6.513902085
395.87,36.75,32.29,35.03,31.95,32.29,35.03,35.37,34.10142857,34.00313604,6.343275148
396.38,36.75,31.95,35.03,31.95,32.63,35.03,35.37,34.10142857,34.01787992,6.239591762
396.88,37.09,31.95,35.03,31.95,32.29,34.69,35.03,34.00428571,34.01584079,6.237196005
397.39,36.75,31.95,35.03,31.95,32.29,34.69,35.03,33.95571429,34.00682181,6.279846
397.9,37.09,31.95,35.37,31.95,32.29,34.69,35.03,34.05285714,34.01372711,6.164796428
398.4,36.75,31.95,35.03,31.61,32.29,34.69,35.37,33.95571429,34.00502519,6.196280661
398.9,37.09,31.61,35.03,31.61,32.29,34.69,35.37,33.95571429,33.99762855,6.267765728
399.41,36.75,31.95,35.03,31.61,32.29,34.69,35.03,33.90714286,33.9840557,6.42025446
399.91,36.75,32.29,35.03,31.95,32.29,35.03,35.37,34.10142857,34.00166163,6.242676037
400.42,37.09,31.95,35.03,31.61,31.95,35.03,35.03,33.95571429,33.99476953,6.330756191
400.92,36.75,32.63,35.03,31.95,32.29,34.69,35.37,34.10142857,34.01076838,6.208303897
401.43,36.75,32.29,35.37,31.61,32.29,34.69,35.03,34.00428571,34.00979598,6.25361527
401.93,36.75,31.61,35.37,31.95,32.63,35.03,35.03,34.05285714,34.01625516,6.141393195
402.44,36.75,31.95,35.37,31.95,32.29,35.03,35.37,34.10142857,34.02903117,6.043166259
402.95,36.75,31.95,35.37,31.95,32.29,34.69,35.37,34.05285714,34.03260507,5.958609299
403.45,37.09,32.63,35.03,31.61,32.63,34.69,35.03,34.10142857,34.04292859,5.863255738
403.96,37.09,31.61,35.37,31.95,32.29,35.03,35.03,34.05285714,34.04441787,5.820985409
404.46,36.75,32.29,35.03,31.95,32.29,35.03,35.03,34.05285714,34.04568376,5.763303395
404.97,37.09,32.29,35.03,31.95,32.29,34.69,35.37,34.10142857,34.05404549,5.671495101
405.47,37.09,32.63,35.03,31.95,32.29,34.69,35.37,34.15,34.06843866,5.512214545
405.98,36.75,31.95,35.03,31.95,32.29,35.03,35.37,34.05285714,34.06610143,5.509382549
406.48,37.09,31.95,35.03,31.61,31.95,34.69,35.03,33.90714286,34.04225765,5.683825784
406.99,37.09,32.29,35.03,31.95,32.29,35.03,35.37,34.15,34.058419,5.518114127
407.5,36.75,31.61,35.37,31.61,32.29,34.69,35.37,33.95571429,34.04301329,5.59030107
408,37.09,32.63,35.03,31.61,32.29,34.69,35.03,34.05285714,34.04448987,5.573063826
408.51,36.75,31.61,35.37,31.95,32.29,34.69,35.37,34.00428571,34.03845925,5.674139076
409.01,37.09,31.61,35.03,31.95,32.29,35.03,35.03,34.00428571,34.03333322,5.66313277
409.52,36.75,32.63,35.03,31.95,32.63,34.69,35.37,34.15,34.05083323,5.551515094
410.02,36.75,32.29,35.03,31.61,32.29,34.69,35.03,33.95571429,34.03656539,5.651104956
410.53,37.09,32.29,35.37,31.95,32.29,35.03,35.37,34.19857143,34.0608663,5.459723368
411.03,36.75,32.29,35.03,31.95,32.29,34.69,35.03,34.00428571,34.05237921,5.525516043
411.54,36.75,32.29,35.37,31.61,32.29,34.69,35.03,34.00428571,34.04516519,5.524538739
412.04,36.75,32.29,35.37,31.61,32.29,34.69,35.03,34.00428571,34.03903327,5.600075282
412.55,36.75,32.29,35.03,31.95,32.29,34.69,35.37,34.05285714,34.04110685,5.509234623
413.06,36.4,31.95,35.03,31.95,32.29,34.69,35.03,33.90571429,34.02079796,5.68714342
413.56,37.09,31.61,35.03,31.95,32.29,34.69,35.37,34.00428571,34.01832113,5.721602169
414.07,36.75,31.95,34.69,31.61,32.29,34.69,35.03,33.85857143,33.99435867,5.937275353
414.57,36.75,31.95,35.03,31.95,32.29,35.03,35.03,34.00428571,33.99584773,5.920193619
415.07,36.75,31.95,35.37,31.61,31.95,34.69,34.69,33.85857143,33.97525628,6.160109543
415.58,36.75,32.29,35.37,31.95,32.29,34.69,35.37,34.10142857,33.99418213,6.006660823
416.08,36.75,32.29,35.37,31.95,32.29,35.03,35.37,34.15,34.01755481,5.872828044
416.59,37.09,32.29,35.37,31.95,32.29,35.03,35.37,34.19857143,34.0447073,5.63581893
417.09,37.09,31.95,35.03,31.95,32.63,35.03,35.37,34.15,34.06050121,5.549126614
417.6,36.75,31.95,35.03,31.95,32.63,35.03,35.03,34.05285714,34.0593546,5.493256047
418.11,36.75,31.61,35.03,31.61,32.29,34.69,35.03,33.85857143,34.02923712,5.661919223
418.61,36.75,32.29,35.03,31.95,32.29,34.69,35.03,34.00428571,34.02549441,5.612783325
419.12,37.09,32.29,35.03,31.95,32.63,35.03,35.03,34.15,34.04417025,5.414220946
419.62,37.09,31.95,35.37,31.95,32.29,34.69,35.03,34.05285714,34.04547328,5.395534316
420.13,36.75,31.95,35.03,31.95,32.29,35.03,35.03,34.00428571,34.03929515,5.510820173
420.63,36.4,32.29,35.03,31.61,32.29,34.69,35.03,33.90571429,34.01925802,5.674293378
421.13,36.75,32.29,35.03,31.95,32.29,34.69,35.03,34.00428571,34.01701217,5.637902009
421.64,36.75,32.29,35.03,31.95,32.29,35.03,35.03,34.05285714,34.02238892,5.585801398
422.14,36.75,32.29,35.03,31.95,32.29,34.69,35.37,34.05285714,34.02695915,5.558891153
422.65,36.75,31.95,35.03,31.95,32.29,34.69,35.37,34.00428571,34.02355814,5.632541056
423.16,36.75,32.29,35.37,31.61,32.63,34.69,35.37,34.10142857,34.0352387,5.536790309
423.66,36.75,32.29,35.03,31.61,32.29,34.69,35.03,33.95571429,34.02331004,5.61067814
424.17,36.4,31.95,35.37,31.95,32.29,34.69,35.37,34.00285714,34.0202421,5.61759157
424.67,36.75,32.29,35.03,31.61,32.63,34.69,35.03,34.00428571,34.01784865,5.640956815
425.18,36.75,32.29,35.37,31.61,32.29,35.03,35.37,34.10142857,34.03038563,5.503292398
425.68,36.75,31.95,35.37,31.95,32.63,34.69,35.03,34.05285714,34.03375636,5.499239672
426.19,36.75,32.29,35.03,31.95,32.63,34.69,35.03,34.05285714,34.03662148,5.475410165
426.69,36.75,32.29,35.03,31.95,32.29,34.69,35.03,34.00428571,34.03177111,5.511147002
427.2,36.75,32.29,35.03,31.61,32.29,34.69,35.03,33.95571429,34.02036259,5.562540207
427.71,36.75,31.95,35.03,31.61,32.29,34.69,35.03,33.90714286,34.00337963,5.687929721
428.21,36.75,32.29,34.69,31.61,31.95,34.69,35.03,33.85857143,33.9816584,5.862410976
428.72,36.75,31.61,35.03,31.61,32.29,34.69,35.37,33.90714286,33.97048107,5.977513174
429.22,36.75,32.29,34.69,31.61,32.63,34.34,35.37,33.95428571,33.96805177,6.039327103
429.72,36.75,32.29,35.03,31.61,32.63,34.69,35.03,34.00428571,33.97348686,6.048779367
430.23,36.75,31.95,35.03,31.95,32.29,34.69,35.37,34.00428571,33.97810669,6.077402169
430.73,36.75,31.61,35.03,31.61,32.29,34.69,35.37,33.90714286,33.96746211,6.211083886
431.24,36.75,32.29,35.03,31.95,32.29,34.69,35.03,34.00428571,33.97298565,6.177846803
431.74,36.75,32.29,35.03,31.61,32.29,34.69,35.03,33.95571429,33.97039495,6.193217371
432.25,36.75,31.95,35.37,31.95,32.29,34.69,35.03,34.00428571,33.97547856,6.142812147
432.76,36.75,31.61,35.03,31.61,32.29,34.69,35.03,33.85857143,33.95794249,6.340178119
433.26,36.75,31.61,35.03,31.61,32.29,34.69,35.03,33.85857143,33.94303683,6.474773583
433.77,36.75,31.95,35.03,31.95,32.63,34.69,35.03,34.00428571,33.95222416,6.413899651
434.27,36.75,31.95,35.03,31.95,32.29,34.69,35.03,33.95571429,33.95274768,6.408112841
434.78,36.75,31.61,35.37,31.61,32.63,34.69,35.03,33.95571429,33.95319267,6.471017692
435.29,36.4,31.61,34.69,31.95,32.29,34.34,35.03,33.75857143,33.92399949,6.812240347
435.79,36.75,31.95,35.03,31.61,32.29,34.69,35.03,33.90714286,33.92147099,6.832108533
436.29,37.09,32.29,35.03,31.95,32.29,34.34,35.03,34.00285714,33.93367891,6.735626264
436.8,36.75,32.29,35.03,31.61,32.29,35.03,35.03,34.00428571,33.94426993,6.652415834
437.3,36.75,31.95,35.03,31.95,32.63,34.69,35.03,34.00428571,33.9532723,6.673743818
437.81,37.09,31.95,35.03,31.61,32.29,34.69,35.03,33.95571429,33.9536386,6.692658455
438.32,37.09,31.95,35.03,31.95,32.63,34.69,35.03,34.05285714,33.96852138,6.526898618
438.82,37.09,31.61,35.03,31.61,32.29,34.69,35.03,33.90714286,33.9593146,6.591552413
439.33,36.75,31.95,35.37,31.61,32.29,34.69,35.03,33.95571429,33.95877455,6.581524477
439.83,36.75,32.29,35.03,31.61,32.29,34.69,35.03,33.95571429,33.95831551,6.597464404
440.34,36.75,32.29,35.03,31.61,32.29,34.69,35.03,33.95571429,33.95792533,6.568239624
440.84,37.09,32.29,35.03,31.95,32.63,35.03,35.03,34.15,33.98673653,6.339149238
441.35,37.09,32.29,35.03,31.95,32.29,34.69,35.03,34.05285714,33.99665462,6.253954128
441.85,36.75,31.61,35.03,31.61,32.29,34.69,35.37,33.90714286,33.98322786,6.379454396
442.36,37.09,32.63,35.03,31.61,32.29,34.69,35.03,34.05285714,33.99367225,6.289536949
442.87,36.75,32.29,35.03,31.61,32.29,34.69,35.03,33.95571429,33.98797856,6.258582551
443.37,36.75,32.29,35.03,31.61,32.29,34.69,35.03,33.95571429,33.98313892,6.277050298
443.87,36.75,31.95,35.03,31.95,32.29,34.69,35.03,33.95571429,33.97902522,6.359517704
444.38,36.75,32.29,35.03,31.61,32.63,34.69,35.03,34.00428571,33.98281429,6.29995149
444.88,37.09,32.29,35.37,31.61,32.29,34.69,35.03,34.05285714,33.99332072,6.22610484
445.39,36.75,31.95,35.03,31.61,32.29,34.69,35.03,33.90714286,33.98039404,6.360499089
445.89,37.09,31.95,35.03,31.95,32.29,34.69,35.03,34.00428571,33.98397779,6.345520471
446.4,36.75,31.61,35.03,31.95,32.63,35.03,35.03,34.00428571,33.98702398,6.311050208
446.9,36.75,32.29,35.03,31.95,32.29,34.69,35.37,34.05285714,33.99689896,6.194342605
447.41,37.09,32.29,35.03,31.95,32.63,34.69,35.37,34.15,34.01986411,6.028086154
447.92,37.09,32.29,35.03,31.95,32.29,34.69,35.37,34.10142857,34.03209878,5.906057271
448.42,36.75,31.95,35.37,31.61,32.29,34.69,35.03,33.95571429,34.02064111,5.987893805
448.93,36.75,31.61,35.03,31.61,32.63,34.69,35.03,33.90714286,34.00361637,6.103876557
449.43,36.75,31.95,34.69,31.61,32.29,34.69,34.69,33.81,33.97457391,6.297851223
449.94,36.75,31.95,35.03,31.95,32.29,34.69,35.37,34.00428571,33.97903068,6.228843392
450.44,36.4,32.29,35.03,31.61,32.29,34.69,35.03,33.90571429,33.96803322,6.369451881
450.95,36.75,31.95,35.03,31.95,32.63,34.69,35.03,34.00428571,33.9734711,6.379490299
451.45,36.75,32.63,35.03,31.61,32.63,34.69,35.03,34.05285714,33.985379,6.363922267
451.96,36.75,31.95,35.37,31.95,32.29,34.69,35.03,34.00428571,33.98821501,6.328895617
452.46,36.75,31.95,35.03,31.95,32.63,35.03,35.37,34.10142857,34.00519705,6.209995146
452.97,37.09,32.29,35.03,31.95,32.29,34.69,35.37,34.10142857,34.01963177,6.063961574
453.48,36.75,31.95,35.03,31.95,32.29,34.69,35.03,33.95571429,34.01004415,6.109263384
453.98,36.75,32.29,35.03,31.61,32.63,34.69,35.03,34.00428571,34.00918039,6.105929453
454.49,37.09,32.29,35.03,31.95,32.29,34.69,35.03,34.05285714,34.0157319,5.997313292
454.99,36.75,31.95,35.03,31.95,32.29,34.69,35.03,33.95571429,34.00672926,6.030945947
455.5,36.75,31.61,35.03,31.95,32.29,34.69,35.37,33.95571429,33.99907701,6.124091813
456,37.09,31.95,35.37,31.61,32.29,34.69,35.37,34.05285714,34.00714403,6.055318356
456.51,37.09,31.95,35.03,31.61,32.29,34.69,35.03,33.95571429,33.99942957,6.102846869
457.01,36.75,32.63,35.03,31.95,32.29,34.69,35.37,34.10142857,34.01472942,5.993831018
457.52,36.75,32.29,35.03,31.61,32.29,34.69,35.03,33.95571429,34.00587715,6.089255611
458.02,36.75,32.29,35.37,31.95,32.29,34.69,35.37,34.10142857,34.02020986,5.939227397
458.52,36.75,32.29,35.03,31.95,32.63,34.69,35.03,34.05285714,34.02510695,5.912781814
459.03,36.75,31.95,35.03,31.95,32.29,34.69,35.03,33.95571429,34.01469805,5.953123717
459.53,37.09,31.95,35.03,31.61,32.63,34.69,35.03,34.00428571,34.0131362,5.987435972
460.04,36.75,32.29,35.03,31.61,32.29,35.03,35.37,34.05285714,34.01909434,5.892133692
460.54,36.75,31.95,35.37,31.95,32.29,35.03,35.37,34.10142857,34.03144448,5.768353338
461.05,37.09,32.29,35.37,31.61,32.29,34.69,35.03,34.05285714,34.03465638,5.761040171
461.55,37.09,31.95,35.03,31.61,32.63,35.03,35.03,34.05285714,34.03738649,5.732962265
462.06,37.09,31.95,35.03,31.61,32.63,34.69,35.03,34.00428571,34.03242138,5.748370597
462.56,36.75,32.29,35.37,31.61,32.29,34.69,35.37,34.05285714,34.03548674,5.680765606
463.07,36.75,32.29,35.37,31.95,32.29,34.69,35.03,34.05285714,34.0380923,5.64114516
463.58,37.09,31.95,35.37,31.61,32.29,35.03,35.03,34.05285714,34.04030703,5.60557419
464.08,37.09,31.95,35.03,31.61,32.29,35.03,35.03,34.00428571,34.03490383,5.652545237
464.59,36.75,31.95,35.03,31.95,31.95,34.34,35.03,33.85714286,34.00823968,5.858933279
465.09,36.75,32.29,35.03,31.95,32.29,34.69,35.37,34.05285714,34.0149323,5.792612857
465.6,36.4,31.95,35.03,31.95,32.29,34.69,34.69,33.85714286,33.99126389,5.985646749
466.1,37.09,31.61,35.37,31.95,32.29,34.69,35.37,34.05285714,34.00050287,5.923030205
466.6,37.09,31.95,35.37,31.61,32.29,34.69,35.03,34.00428571,34.0010703,5.992658865
467.11,37.09,32.29,35.03,31.95,32.29,34.69,35.03,34.05285714,34.00883833,5.906264279
467.61,37.09,31.95,35.03,31.95,32.29,35.03,35.37,34.10142857,34.02272686,5.850191179
468.12,36.75,32.29,35.03,31.95,32.29,35.03,35.03,34.05285714,34.02724641,5.780298332
468.63,36.75,31.95,35.03,31.95,32.29,34.69,35.37,34.00428571,34.0238023,5.800440275
469.13,36.75,32.29,35.03,31.61,32.29,34.69,35.03,33.95571429,34.0135891,5.859492958
469.64,36.75,32.29,35.03,31.95,32.29,34.69,35.37,34.05285714,34.01947931,5.767758326
470.14,36.75,31.95,35.03,31.95,32.29,34.69,35.03,33.95571429,34.00991455,5.831083835
470.65,36.75,32.29,35.37,31.61,32.29,34.69,35.03,34.00428571,34.00907023,5.84501945
471.15,36.75,31.95,35.03,31.61,32.29,34.69,35.03,33.90714286,33.99378112,6.003014077
471.66,36.75,32.29,35.03,31.95,32.63,34.69,35.03,34.05285714,34.00264252,5.911310116
472.16,36.75,32.29,35.03,31.61,32.29,34.69,35.03,33.95571429,33.99560329,5.998454921
472.67,36.75,31.61,35.03,31.95,32.29,34.69,35.03,33.90714286,33.98233422,6.119167117
473.18,36.75,32.29,35.03,31.95,32.29,34.34,35.03,33.95428571,33.97812695,6.206193225
473.68,36.75,31.95,35.03,31.95,32.29,34.69,35.03,33.95571429,33.97476505,6.217110169
474.18,36.75,32.29,35.03,31.95,32.29,34.69,35.03,34.00428571,33.97919315,6.204980848
474.69,37.09,32.63,35.03,31.61,32.29,34.69,35.03,34.05285714,33.99024275,6.15019772
475.19,36.75,32.29,35.37,31.95,32.29,34.69,35.03,34.05285714,33.99963491,6.081489932
475.7,37.09,31.95,35.37,31.95,32.29,34.69,35.03,34.05285714,34.00761824,6.020803413
476.2,36.75,32.29,35.03,31.95,32.29,34.69,35.03,34.00428571,34.00711836,6.010512698
476.71,36.75,31.95,35.03,31.61,32.29,34.69,35.03,33.90714286,33.99212204,6.109356445
477.21,37.09,32.29,35.37,31.61,32.29,34.69,35.03,34.05285714,34.0012323,6.004530071
477.72,36.75,32.29,35.03,31.95,32.29,34.69,35.03,34.00428571,34.00169031,5.9777029
478.23,37.09,31.61,35.03,31.61,32.29,34.69,35.03,33.90714286,33.9875082,6.103401708
478.73,36.75,31.61,35.37,31.95,32.29,34.69,35.03,33.95571429,33.98273911,6.192923371
479.24,36.75,32.63,35.03,31.61,32.29,34.69,35.03,34.00428571,33.9859711,6.142564147
479.74,36.75,31.95,35.03,31.95,32.29,34.69,35.03,33.95571429,33.98143258,6.185987524
480.25,36.4,32.63,35.03,31.61,32.29,34.34,35.03,33.90428571,33.96986055,6.338343116
480.75,36.75,31.95,35.37,31.95,32.29,34.69,35.03,34.00428571,33.97502432,6.313973629
481.26,36.75,32.29,35.03,31.61,32.29,34.69,35.37,34.00428571,33.97941353,6.271690613
481.76,36.75,31.61,35.37,31.95,32.29,34.69,35.37,34.00428571,33.98314436,6.257103483
482.27,36.75,31.61,35.37,31.61,32.29,35.03,35.03,33.95571429,33.97902985,6.333828474
482.77,37.09,32.29,35.03,31.95,32.29,34.69,35.37,34.10142857,33.99738966,6.158214729
483.28,37.09,31.95,35.03,31.61,32.29,34.69,35.03,33.95571429,33.99113835,6.202429566
483.78,37.09,32.63,35.03,31.95,32.63,34.69,35.03,34.15,34.0149676,5.982988551
484.29,37.09,31.61,35.03,31.95,32.29,34.69,35.03,33.95571429,34.0060796,6.068409188
484.79,36.75,32.29,35.03,31.95,32.29,34.69,35.03,34.00428571,34.00581052,6.016932401
485.3,37.09,31.95,35.37,31.95,32.29,34.69,35.37,34.10142857,34.02015323,5.908180776
485.8,36.75,32.29,35.03,31.61,32.29,34.69,35.03,33.95571429,34.01048739,5.919641672
486.31,36.75,32.29,35.03,31.95,32.29,34.69,35.03,34.00428571,34.00955713,5.949571808
486.81,36.75,31.95,35.03,31.95,32.29,34.69,35.37,34.00428571,34.00876642,5.954510667
487.32,36.75,31.95,35.03,31.95,32.29,34.34,35.03,33.90571429,33.9933086,6.046731596
487.82,36.75,32.63,35.03,31.95,32.29,34.69,35.03,34.05285714,34.00224088,5.997621194
488.33,36.75,31.61,35.37,31.61,32.29,34.34,35.03,33.85714286,33.98047618,6.192715718
488.84,37.09,31.61,35.03,31.95,32.29,34.69,35.03,33.95571429,33.97676189,6.234257376
489.34,36.75,31.95,35.37,31.95,32.29,34.69,35.37,34.05285714,33.98817618,6.183006092
489.85,36.75,32.29,35.03,31.95,32.29,34.69,35.03,34.00428571,33.99059261,6.138949585
490.35,37.09,31.61,35.03,31.61,32.63,35.03,35.37,34.05285714,33.99993229,6.120974737
490.86,36.75,31.61,35.37,31.95,32.63,34.69,35.03,34.00428571,34.0005853,6.125851473
491.36,36.75,31.95,35.03,31.95,32.29,34.69,35.03,33.95571429,33.99385465,6.152912547
491.87,36.75,32.63,35.03,31.95,32.63,34.69,35.37,34.15,34.01727645,5.941552462
492.37,36.75,31.95,35.03,31.61,32.29,34.69,35.03,33.90714286,34.00075641,6.054724755
492.87,36.75,31.95,35.37,31.95,32.29,34.69,35.03,34.00428571,34.00128581,6.04798846
493.38,37.09,31.95,35.03,31.95,32.29,34.69,35.03,34.00428571,34.0017358,6.062799355
493.89,37.09,31.95,35.03,31.95,32.29,34.69,35.37,34.05285714,34.009404,5.929312345
494.39,36.75,32.29,35.03,31.61,31.95,35.03,34.69,33.90714286,33.99406483,6.107845626
494.9,36.75,31.95,35.37,31.61,32.63,34.69,35.03,34.00428571,33.99559796,6.094415416
495.4,36.4,32.29,34.69,31.61,32.29,34.69,35.03,33.85714286,33.97482969,6.281239282
495.91,36.75,32.29,35.03,31.95,32.29,34.69,35.03,34.00428571,33.9792481,6.225990414
496.41,36.75,32.29,34.69,31.61,32.29,34.69,35.03,33.90714286,33.96843231,6.376371708
496.92,37.09,31.95,35.03,31.95,32.29,34.69,35.37,34.05285714,33.98109604,6.264956281
497.42,36.75,32.63,35.37,31.61,32.29,34.69,35.03,34.05285714,33.9918602,6.233582073
497.93,36.75,32.29,35.37,31.61,32.29,34.69,35.03,34.00428571,33.99372403,6.206218542
498.44,36.75,32.29,35.03,31.95,32.29,34.69,35.03,34.00428571,33.99530828,6.225257878
498.94,36.75,31.95,35.03,31.95,32.29,34.69,35.03,33.95571429,33.98936918,6.243428131
499.45,37.09,31.95,35.03,31.61,32.29,35.03,35.03,34.00428571,33.99160666,6.194910844
499.95,36.75,32.29,35.03,31.61,32.29,35.03,35.03,34.00428571,33.99350852,6.174834011
500.46,37.09,31.95,35.03,31.95,32.29,34.69,35.37,34.05285714,34.00241081,0
500.96,37.09,31.95,35.03,31.61,32.29,34.69,35.03,33.95571429,33.99540633,0
501.47,36.75,31.95,35.03,31.95,32.29,34.69,35.03,33.95571429,33.98945253,0
501.97,36.75,31.95,35.03,31.61,32.63,34.69,35.03,33.95571429,33.98439179,0
502.47,36.75,31.95,35.03,31.95,32.29,34.69,35.03,33.95571429,33.98009016,0
502.98,36.75,32.29,34.69,31.61,32.29,34.34,35.03,33.85714286,33.96164807,0
503.48,36.4,32.29,35.03,31.61,32.29,34.69,35.03,33.90571429,33.953258,0
503.99,36.4,31.95,35.03,31.61,32.29,34.69,35.03,33.85714286,33.93884073,0
504.49,36.4,32.63,35.03,31.95,32.63,34.69,35.03,34.05142857,33.95572891,0
505,36.4,31.95,35.03,31.95,32.29,34.69,35.03,33.90571429,33.94822671,0
505.5,36.06,31.95,35.03,31.95,32.29,34.69,35.03,33.85714286,33.93456413,0
506,36.06,32.29,35.03,31.61,32.63,34.34,34.69,33.80714286,33.91545094,0
506.51,36.06,31.95,35.03,31.61,32.63,34.69,35.03,33.85714286,33.90670473,0
507.01,36.4,32.63,35.03,31.95,32.29,34.69,35.03,34.00285714,33.92112759,0
507.52,36.06,31.95,35.03,31.61,32.63,34.34,35.03,33.80714286,33.90402988,0
508.02,36.06,31.95,34.69,31.95,32.29,34.34,34.69,33.71,33.8749254,0
508.53,36.06,32.29,35.03,31.61,32.63,34.34,34.69,33.80714286,33.86475802,0
509.04,36.06,31.95,34.69,31.61,31.95,34,34.69,33.56428571,33.81968717,0
509.54,36.06,32.29,35.03,31.95,32.29,34.34,34.69,33.80714286,33.81780553,0
510.04,35.72,32.29,34.34,31.61,31.95,34.34,34.34,33.51285714,33.77206327,0
510.55,35.72,31.61,34.69,31.95,32.63,34.34,35.03,33.71,33.76275378,0
511.05,35.72,32.29,35.03,31.61,32.29,34.34,34.34,33.66,33.74734071,0
511.56,35.37,31.95,34.34,31.95,32.29,34,34.34,33.46285714,33.70466818,0
512.06,35.37,32.29,34.69,31.95,32.29,34.34,34.69,33.66,33.69796795,0
512.56,35.72,31.95,34.69,31.61,32.63,34.34,34.69,33.66142857,33.69248704,0
513.07,35.72,32.29,34.69,31.95,32.29,34.34,34.34,33.66,33.68761399,0
513.58,35.37,32.29,34.69,31.95,32.29,34,34.69,33.61142857,33.67618617,0
514.08,35.37,31.95,34.34,31.95,32.63,34,34.34,33.51142857,33.65147253,0
514.59,35.37,31.95,34.34,31.61,32.29,34,34.69,33.46428571,33.62339451,0
515.09,35.37,31.61,34.34,31.95,32.29,34,34.34,33.41428571,33.59202819,0
515.6,35.37,32.29,34.34,31.61,32.29,34,34.34,33.46285714,33.57265253,0
516.1,35.37,31.95,34.69,31.61,32.63,34,34.34,33.51285714,33.56368323,0
516.61,35.37,32.29,34.69,31.61,32.29,34,34.34,33.51285714,33.55605931,0
517.11,35.37,32.29,34.69,31.95,32.29,34,34,33.51285714,33.54957899,0
517.61,35.37,31.95,34.34,31.61,32.29,34,34,33.36571429,33.52199928,0
518.12,35.03,31.95,34.34,31.61,32.29,33.66,34,33.26857143,33.4839851,0
518.62,35.37,31.95,34.34,31.95,32.29,34,34.34,33.46285714,33.48081591,0
519.13,35.37,32.63,34.34,31.61,32.29,33.66,34,33.41428571,33.47083638,0
519.63,35.03,32.63,34,31.95,32.29,33.66,34.34,33.41428571,33.46235378,0
520.14,35.03,31.95,34.34,31.95,32.29,33.66,34,33.31714286,33.44057214,0
520.64,35.03,32.29,34.34,31.95,32.29,34,34,33.41428571,33.43662918,0
521.14,35.03,32.29,34.34,31.61,32.29,34,34,33.36571429,33.42599194,0
521.65,35.03,32.29,34.34,31.95,32.29,34,34,33.41428571,33.42423601,0
522.15,34.69,32.29,34,31.61,32.29,34,33.66,33.22,33.39360061,0
522.66,35.03,31.61,34.34,31.61,32.29,33.66,34,33.22,33.36756052,0
523.16,35.03,32.63,34,31.61,32.63,34,34,33.41428571,33.3745693,0
523.67,34.69,31.61,34,31.61,32.29,33.66,34,33.12285714,33.33681247,0
524.17,35.03,31.95,34,31.95,32.29,33.66,34,33.26857143,33.32657632,0
524.68,35.03,32.29,34,31.61,32.29,33.66,33.66,33.22,33.31058987,0
525.18,34.69,31.95,34,31.61,32.63,33.66,34,33.22,33.29700139,0
525.69,34.69,31.61,34,31.95,32.29,34,34,33.22,33.28545118,0
526.19,34.69,32.29,34,31.61,32.29,33.66,33.66,33.17142857,33.26834779,0
526.7,34.69,32.29,34,31.95,32.29,33.66,33.66,33.22,33.26109562,0
527.2,34.69,31.61,34,31.61,32.29,33.66,34,33.12285714,33.24035985,0
527.7,34.34,32.29,34,31.61,32.29,33.66,33.66,33.12142857,33.22252016,0
528.21,34.69,32.29,34,31.61,32.29,33.66,33.66,33.17142857,33.21485642,0
528.72,34.34,32.29,33.66,31.61,32.29,33.32,33.66,33.02428571,33.18627081,0
529.22,34.69,32.29,34,31.61,32.29,33.32,33.66,33.12285714,33.17675876,0
529.73,34.69,31.95,33.66,31.61,32.29,33.66,33.66,33.07428571,33.16138781,0
,,,,,,,,,avg DC,10.27317635
,,,,,,,,,avg power,0.261213658
