0,27.55,26.87,26.87,27.55,27.21,27.55,27.26666667,16.78438314,99.9922617
0.5,27.88,26.87,26.87,28.22,27.21,27.21,27.37666667,18.37322567,99.99035767
1.01,28.56,27.21,26.87,27.88,27.21,27.55,27.54666667,19.74924182,99.65980543
1.51,29.24,26.87,27.21,27.88,27.21,27.55,27.66,20.93585555,99.59701976
2.02,29.91,26.87,27.55,28.22,27.21,27.88,27.94,21.98647721,99.9787566
2.52,30.59,26.54,27.88,28.22,27.21,28.22,28.11,22.90500563,99.97103845
3.03,31.27,27.21,28.22,28.56,27.21,28.56,28.505,23.74500479,99.94299217
3.53,32.29,26.87,28.56,28.9,27.21,28.9,28.78833333,24.50150407,99.90774998
4.04,32.98,26.87,28.9,29.24,27.21,29.24,29.07333333,25.18727846,99.8373992
4.54,33.66,26.87,29.24,29.24,27.21,29.57,29.29833333,25.80393669,99.75212029
5.04,34.34,27.21,29.57,29.57,27.21,30.25,29.69166667,26.38709619,99.45679942
5.55,35.03,26.87,30.25,29.91,27.21,30.25,29.92,26.91703176,99.12145436
6.05,35.72,26.87,30.59,30.25,27.21,30.93,30.26166667,27.41872699,98.32231036
6.56,36.4,26.54,31.27,30.59,26.87,31.27,30.49,27.87941795,97.38098668
7.07,37.44,26.87,31.61,30.93,27.21,31.95,31.00166667,28.34775525,93.41136403
7.57,37.78,26.87,31.95,31.27,27.21,32.29,31.22833333,28.77984197,90.00247853
8.08,38.48,26.87,32.29,31.95,26.87,32.63,31.515,29.19011567,83.15519901
8.58,38.48,26.87,32.63,31.95,27.21,32.98,31.68666667,29.56459832,77.29422594
9.08,39.17,26.54,32.98,32.29,26.87,33.32,31.86166667,29.90915857,66.96641971
9.59,39.51,26.54,33.32,32.63,26.87,33.66,32.08833333,30.23603479,56.29967771
10.09,40.21,26.54,33.32,32.98,27.21,34,32.37666667,30.55712957,42.00665998
10.6,40.21,26.54,34,32.98,27.21,34.34,32.54666667,30.85556013,33.99912224
11.1,40.56,26.87,34,33.32,27.21,34.34,32.71666667,31.13472611,26.77960654
11.6,40.21,26.87,34.34,33.66,26.54,35.03,32.775,31.3807672,23.02913772
12.11,40.56,26.54,34.69,34,26.87,35.03,32.94833333,31.61590212,16.64729483
12.61,40.21,26.87,34.34,34,26.87,35.03,32.88666667,31.8065168,50.42227665
13.12,40.21,26.87,34.69,34,26.87,35.37,33.00166667,31.98578928,41.65342036
13.62,40.21,26.54,34.69,34.34,27.21,35.37,33.06,32.14692089,35.25426463
14.12,40.21,26.87,35.03,34.34,27.21,35.37,33.17166667,32.30063275,28.39166629
14.63,40.56,27.21,34.69,34.69,26.87,35.37,33.23166667,32.44028784,36.26940583
15.13,40.56,26.87,35.03,34.69,26.87,35.72,33.29,32.56774467,30.05854327
15.64,40.21,26.87,35.03,34.69,26.87,35.72,33.23166667,32.66733297,25.45558617
16.14,40.56,26.54,35.03,34.69,26.87,35.72,33.235,32.75248302,21.77135265
16.65,40.21,26.87,35.03,35.03,26.87,35.72,33.28833333,32.83286057,18.70285411
17.15,40.56,26.87,35.03,35.03,26.87,35.72,33.34666667,32.90993148,16.1275317
17.66,40.21,26.87,35.03,35.03,26.87,36.06,33.345,32.97519176,14.22832506
18.16,39.86,26.87,35.03,35.03,26.87,36.06,33.28666667,33.021913,12.90807591
18.66,39.86,26.54,35.03,35.03,26.87,35.72,33.175,33.04487605,12.09202533
19.17,39.86,26.54,35.03,35.37,26.87,36.06,33.28833333,33.08139464,11.13467706
19.67,39.86,26.87,35.03,35.03,26.87,36.06,33.28666667,33.11218544,10.37835902
20.18,39.51,26.87,35.03,35.37,26.87,36.06,33.285,33.13810763,9.813524968
20.68,39.86,26.54,35.03,35.37,27.21,36.06,33.345,33.16914148,9.311754302
21.19,39.17,26.54,35.03,35.03,26.87,35.72,33.06,33.15277026,9.365071345
21.7,39.51,26.87,35.03,35.03,27.21,35.72,33.22833333,33.16410472,9.093680454
22.2,39.17,26.54,35.03,35.03,27.21,35.72,33.11666667,33.15698901,9.074787753
22.7,39.17,26.54,35.03,35.03,26.87,35.37,33.00166667,33.13369066,9.236394898
23.21,39.17,26.54,34.69,35.03,26.87,35.72,33.00333333,33.11413706,9.555748685
23.71,38.82,26.54,35.03,35.37,27.21,35.37,33.05666667,33.1055165,9.618710017
24.22,38.82,26.54,34.34,35.03,27.21,35.37,32.885,33.07243903,10.09100964
24.72,38.82,26.87,34.69,35.03,26.87,35.37,32.94166667,33.05282317,10.46980924
25.23,38.48,26.2,34.69,35.03,27.21,35.37,32.83,33.0193997,11.5358474
25.73,38.48,26.54,34.69,35.03,27.21,35.03,32.83,32.99098974,12.56739686
26.24,38.48,26.87,34.69,35.03,27.21,35.37,32.94166667,32.98359128,13.45509612
26.75,38.48,26.87,34.34,35.03,26.87,35.37,32.82666667,32.96005259,14.62660814
27.25,38.48,26.2,34.69,34.69,27.21,35.03,32.71666667,32.9235447,16.26153672
27.76,38.48,26.87,34.34,34.69,27.21,35.03,32.77,32.900513,17.72386702
28.26,37.78,26.54,34.34,34.69,26.87,35.03,32.54166667,32.84668605,19.89191269
28.76,38.13,26.54,34.34,34.69,27.21,35.03,32.65666667,32.81818314,21.76440283
29.27,38.13,26.54,34,35.03,26.87,35.03,32.6,32.78545567,24.02377229
29.77,38.13,26.54,34.34,35.03,27.21,35.03,32.71333333,32.77463732,25.6857734
30.27,38.13,26.87,34.34,35.03,27.21,35.03,32.76833333,32.77369172,27.43391089
30.78,38.48,27.21,34.34,35.03,27.21,35.03,32.88333333,32.79013796,28.4419741
31.28,38.48,26.54,34.34,34.69,27.21,35.03,32.715,32.77886727,30.40012095
31.79,38.82,26.87,34.69,35.03,27.21,35.03,32.94166667,32.80328718,31.00894192
32.3,38.48,26.54,34.34,35.03,27.21,35.03,32.77166667,32.7985441,32.47469858
32.8,38.82,26.54,34.69,35.03,27.21,35.03,32.88666667,32.81176249,33.16615014
33.31,38.82,26.87,34.34,35.03,27.21,35.03,32.88333333,32.82249811,34.24775265
33.81,38.82,26.54,34.34,35.03,27.21,35.03,32.82833333,32.8233734,35.27519577
34.32,39.17,27.21,34.69,35.03,27.55,35.37,33.17,32.87536739,34.83381089
34.82,39.17,26.87,34.69,35.37,27.21,35.37,33.11333333,32.91106228,34.70442851
35.33,39.17,27.21,35.03,35.03,27.21,35.37,33.17,32.94990294,34.45278555
35.83,39.17,26.54,35.03,35.37,27.21,35.37,33.115,32.9746675,34.76242107
36.34,39.51,26.87,35.03,35.03,27.21,35.37,33.17,33.00396737,34.30697893
36.84,39.86,26.87,35.37,35.37,27.21,35.72,33.4,33.06337227,32.96502614
37.34,39.86,26.54,35.03,35.72,27.21,35.72,33.34666667,33.10586643,32.12088009
37.85,40.21,26.87,35.03,35.72,27.21,35.72,33.46,33.15898646,31.04034437
38.35,40.21,26.87,35.37,35.37,27.55,36.06,33.57166667,33.22088849,29.59244977
38.86,40.21,26.54,35.37,35.72,27.55,35.72,33.51833333,33.26550522,28.35979331
39.36,40.21,26.54,35.37,35.72,27.21,36.06,33.51833333,33.30342944,27.48827095
39.87,40.56,26.87,35.37,36.06,27.21,36.06,33.68833333,33.36116502,25.89927055
40.37,40.21,26.87,35.72,36.06,27.21,36.06,33.68833333,33.41024027,24.48470704
40.88,40.21,26.87,35.72,35.72,27.55,36.4,33.745,33.46045423,23.20202906
41.38,40.21,27.21,35.72,36.06,27.55,36.4,33.85833333,33.52013609,21.73068707
41.89,40.56,26.87,35.37,36.06,27.55,36.06,33.745,33.55386568,20.77427437
42.4,40.21,26.87,35.72,36.06,27.55,36.4,33.80166667,33.59103583,19.80653189
42.9,40.21,26.87,35.72,36.06,27.21,36.4,33.745,33.61413045,19.17179588
43.41,40.21,26.54,35.72,35.72,27.21,36.4,33.63333333,33.61701089,18.94024069
43.91,40.21,26.87,35.72,36.06,27.21,36.4,33.745,33.63620925,18.52204781
44.41,39.86,26.54,35.72,35.72,26.87,36.4,33.51833333,33.61852786,18.93314572
44.92,40.21,26.87,35.72,36.06,27.55,36.4,33.80166667,33.64599868,18.40097703
45.42,40.21,27.21,35.72,36.06,27.55,36.4,33.85833333,33.67784888,17.90905185
45.93,40.21,26.87,35.72,36.06,27.55,36.4,33.80166667,33.69642155,17.58384712
46.43,40.21,26.87,35.72,36.06,27.55,36.4,33.80166667,33.71220832,17.57732854
46.94,39.86,27.21,35.72,36.4,27.21,36.06,33.74333333,33.71687707,17.48216823
47.44,40.21,26.54,36.06,36.4,27.55,36.06,33.80333333,33.72984551,17.16891342
47.95,40.21,26.87,35.72,36.4,27.55,36.06,33.80166667,33.74061868,16.9922013
48.45,39.86,26.54,35.72,36.4,27.21,36.4,33.68833333,33.73277588,17.23664078
48.96,39.86,26.87,35.72,36.4,27.55,36.4,33.8,33.7428595,17.17107828
49.46,40.21,26.87,35.72,36.06,27.55,36.06,33.745,33.74318057,17.25479937
49.97,40.21,27.21,36.06,36.06,27.55,36.06,33.85833333,33.76045349,16.98071958
50.47,39.86,26.87,35.72,36.06,27.55,36.06,33.68666667,33.74938546,17.45179158
50.98,39.86,26.54,35.72,36.06,27.55,36.4,33.68833333,33.74022764,17.76637558
51.48,39.86,26.87,35.72,36.06,27.55,36.4,33.74333333,33.7406935,17.94393426
51.99,39.86,26.87,35.72,36.06,27.88,36.4,33.79833333,33.74933947,17.81073983
52.5,39.51,27.55,35.72,36.4,27.21,36.06,33.74166667,33.74818855,18.10318759
53,40.21,26.87,35.72,36.4,27.55,36.4,33.85833333,33.76471027,17.97840551
53.5,40.21,26.87,35.72,36.06,27.55,36.4,33.80166667,33.77025373,18.02178823
54.01,39.86,27.21,35.72,36.4,27.55,36.06,33.8,33.77471567,18.02545716
54.51,39.86,26.87,35.72,36.06,27.55,36.4,33.74333333,33.77000832,18.30994924
55.02,39.86,27.21,35.72,36.4,27.88,36.06,33.855,33.78275707,18.06411806
55.52,39.86,26.87,35.72,36.4,27.55,36.4,33.8,33.78534351,18.12460613
56.03,39.86,27.21,35.72,36.06,27.88,36.06,33.79833333,33.78729198,18.20609481
56.53,39.51,27.21,35.37,36.06,27.88,36.06,33.68166667,33.77144819,18.77191255
57.04,39.86,26.87,35.72,36.06,27.55,36.06,33.68666667,33.75873096,19.15245315
57.54,40.21,26.87,35.72,36.06,27.55,36.06,33.745,33.75667131,19.36958702
58.05,39.86,27.21,35.72,36.4,27.88,36.06,33.855,33.77142062,19.18799085
58.56,40.21,27.55,35.72,36.4,27.55,36.4,33.97166667,33.80145752,18.76965652
59.06,40.21,26.87,35.72,36.06,27.88,36.06,33.8,33.8012389,19.02444324
59.56,39.86,26.87,35.72,36.4,27.55,36.06,33.74333333,33.79255306,19.40365608
60.07,39.86,27.21,35.72,36.4,27.88,36.06,33.855,33.8019201,19.22411482
60.57,39.86,27.55,35.72,36.4,27.88,36.4,33.96833333,33.82688209,18.55303727
61.08,39.86,27.21,35.72,36.4,27.88,36.06,33.855,33.83109977,18.58672482
61.58,39.86,27.21,35.72,36.4,27.88,36.4,33.91166667,33.84318481,18.49694964
62.09,39.86,27.21,35.72,36.4,27.88,36.06,33.855,33.84495709,18.50313455
62.6,39.86,27.21,35.72,36.4,27.88,36.06,33.855,33.84646352,18.3968527
63.1,39.86,26.87,35.37,36.06,27.55,36.4,33.685,33.822244,19.05284685
63.6,39.86,27.21,35.72,36.4,27.88,36.4,33.91166667,33.8356574,18.77761423
64.11,39.86,27.55,35.72,36.4,27.88,35.72,33.855,33.83855879,18.82087307
64.61,40.21,26.87,35.72,36.4,27.88,36.06,33.85666667,33.84127497,18.86841668
65.12,40.21,27.21,35.72,36.4,27.88,36.4,33.97,33.86058372,18.71759736
65.62,40.21,27.21,35.37,36.4,27.88,36.4,33.91166667,33.86824616,18.54156234
66.12,39.86,27.21,36.06,36.4,27.88,36.06,33.91166667,33.87475924,18.46679106
66.63,39.86,27.55,35.72,36.4,27.88,36.4,33.96833333,33.88879535,18.21440449
67.14,40.21,27.21,35.72,36.4,27.88,36.4,33.97,33.90097605,17.87465892
67.64,40.21,27.21,35.72,36.4,27.88,36.4,33.97,33.91132964,17.65657008
68.15,39.86,27.55,35.72,36.75,27.88,36.4,34.02666667,33.9286302,17.2868916
68.65,39.86,27.55,35.72,36.4,27.88,36.4,33.96833333,33.93458567,17.10632991
69.16,40.21,27.21,36.06,36.4,28.22,36.4,34.08333333,33.95689782,16.5824529
69.66,40.21,27.55,35.72,36.4,27.88,36.4,34.02666667,33.96736314,16.31798035
70.17,40.21,27.55,35.72,36.4,27.88,36.4,34.02666667,33.97625867,16.03585043
70.67,39.86,27.21,35.72,36.4,27.88,36.4,33.91166667,33.96656987,16.21474428
71.18,39.86,27.21,35.72,36.75,28.22,36.4,34.02666667,33.97558439,15.89858674
71.68,39.86,27.55,35.72,36.75,28.22,36.4,34.08333333,33.99174673,15.5138209
72.19,39.86,26.87,35.72,36.4,27.88,36.4,33.855,33.97123472,15.88114546
72.69,40.21,27.55,35.72,36.4,28.22,36.4,34.08333333,33.98804951,15.61868007
73.2,39.86,27.21,36.06,36.4,28.22,36.4,34.025,33.99359209,15.45463712
73.7,39.86,27.88,35.72,36.75,28.22,36.06,34.08166667,34.00680327,15.08926136
74.21,39.86,27.55,36.06,36.4,28.22,36.4,34.08166667,34.01803278,14.99354848
74.71,39.86,27.21,35.72,36.4,28.22,36.06,33.91166667,34.00207787,15.19116056
75.22,39.86,27.55,35.72,36.4,28.22,36.4,34.025,34.00551619,15.08575895
75.72,39.86,27.55,35.72,36.4,28.22,36.06,33.96833333,33.99993876,15.10836464
76.23,39.86,27.55,36.06,36.4,28.22,36.4,34.08166667,34.01219794,14.79538292
76.73,39.86,27.88,35.72,36.4,28.22,36.06,34.02333333,34.01386825,14.85572481
77.24,39.51,27.55,35.72,36.4,28.22,36.06,33.91,33.99828801,15.13277472
77.74,39.51,27.88,35.72,36.4,28.22,36.06,33.965,33.99329481,15.26959001
78.25,39.86,27.88,35.72,36.4,28.22,36.4,34.08,34.00630059,14.93682482
78.75,39.86,27.55,35.72,36.75,28.22,36.4,34.08333333,34.0178555,14.69626468
79.26,39.86,27.88,35.72,36.4,28.22,36.06,34.02333333,34.01867718,14.76690665
79.76,39.51,27.88,35.72,36.4,28.22,36.4,34.02166667,34.0191256,14.77783094
80.27,39.86,27.88,35.72,36.75,28.22,36.4,34.13833333,34.03700676,14.34030363
80.77,39.17,27.21,35.37,36.4,28.22,36.06,33.73833333,33.99220575,15.11647722
81.27,39.51,27.55,35.72,36.4,28.22,36.06,33.91,33.97987488,15.36308546
81.78,39.86,27.88,35.72,36.4,28.22,36.06,34.02333333,33.98639365,15.24226337
82.29,39.51,27.55,35.37,36.4,28.56,36.06,33.90833333,33.9746846,15.37045582
82.79,39.51,27.21,35.72,36.4,28.22,36.06,33.85333333,33.95648191,16.05750329
83.3,39.51,27.55,35.72,36.4,28.56,36.06,33.96666667,33.95800963,16.13818223
83.8,39.51,27.55,35.72,36.4,28.56,36.06,33.96666667,33.95930818,16.09529073
84.31,39.86,27.55,35.37,36.75,28.56,36.06,34.025,33.96916195,15.99581832
84.81,39.51,27.55,35.37,36.4,28.56,36.06,33.90833333,33.96003766,16.33168392
85.32,39.86,27.55,35.72,36.4,28.56,36.06,34.025,33.96978201,16.14304901
85.82,39.51,27.55,35.72,36.4,28.56,36.06,33.96666667,33.96931471,16.16452951
86.32,39.86,27.55,35.72,36.4,28.22,36.06,33.96833333,33.9691675,16.121692
86.83,39.51,27.55,35.72,36.4,28.22,36.4,33.96666667,33.96879238,16.21229839
87.34,39.51,27.88,35.72,36.75,28.22,36.4,34.08,33.98547352,15.81998283
87.84,39.51,27.88,35.72,36.4,28.56,36.06,34.02166667,33.99090249,15.72095633
88.35,39.51,27.88,35.37,36.4,28.56,36.06,33.96333333,33.98676712,15.81310404
88.85,39.51,27.88,35.72,36.4,28.56,36.06,34.02166667,33.99200205,15.71662915
89.36,39.51,27.88,35.72,36.4,28.56,36.06,34.02166667,33.99645174,15.52107984
89.86,39.51,27.88,35.37,36.4,28.56,36.06,33.96333333,33.99148398,15.58889732
90.37,39.51,27.55,35.72,36.4,28.56,36.4,34.02333333,33.99626138,15.52437742
90.87,39.86,27.55,35.72,36.4,28.56,36.4,34.08166667,34.00907218,15.23433583
91.37,39.51,27.88,35.37,36.4,28.56,36.06,33.96333333,34.00221135,15.33735769
91.88,39.86,27.88,35.72,36.4,28.56,36.4,34.13666667,34.02237965,14.96599686
92.39,39.51,27.55,35.72,36.4,28.56,36.06,33.96666667,34.0140227,15.08660133
92.89,39.51,27.55,35.72,36.4,28.56,36.4,34.02333333,34.0154193,14.96821556
93.4,39.51,27.55,35.72,36.4,28.9,36.06,34.02333333,34.0166064,14.97864811
93.9,39.51,27.55,35.72,36.4,28.56,36.06,33.96666667,34.00911544,14.98752048
94.41,39.51,27.88,35.72,36.4,28.56,36.06,34.02166667,34.01099812,14.99777425
94.91,39.51,27.55,35.72,36.4,28.56,36.06,33.96666667,34.00434841,15.11362716
95.42,39.51,27.88,35.72,36.4,28.56,36.06,34.02166667,34.00694615,15.05166997
95.92,39.51,27.88,35.72,36.4,28.56,36.06,34.02166667,34.00915422,15.05135865
96.42,39.51,27.55,35.72,36.4,28.56,36.06,33.96666667,34.00278109,15.16009597
96.93,39.51,28.22,35.37,36.4,28.56,36.4,34.07666667,34.01386393,14.98100191
97.44,39.51,28.22,35.72,36.4,28.9,36.06,34.135,34.03203434,14.60095373
97.94,39.51,27.88,35.37,36.4,28.56,36.06,33.96333333,34.02172919,14.76716194
98.45,39.17,27.88,35.37,36.4,28.9,36.06,33.96333333,34.01296981,14.96557372
98.95,39.17,27.88,35.37,36.4,28.9,36.4,34.02,34.01402434,14.86627362
99.46,39.17,27.88,35.72,36.4,28.9,36.06,34.02166667,34.01517069,14.72052026
99.96,39.51,28.22,35.37,36.4,28.56,36.06,34.02,34.01589508,14.76163327
100.47,39.17,28.22,35.37,36.4,28.56,36.06,33.96333333,34.00801082,14.96161736
100.97,39.51,27.88,35.37,36.06,28.56,36.06,33.90666667,33.9928092,15.25189116
101.47,39.51,27.88,35.37,36.4,28.9,36.4,34.07666667,34.00538782,14.99886062
101.98,39.51,27.88,35.37,36.4,28.9,36.06,34.02,34.00757965,14.94756748
102.49,39.17,28.56,35.37,36.4,28.9,36.06,34.07666667,34.0179427,14.78935217
102.99,39.51,28.22,35.03,36.4,28.9,36.06,34.02,34.01825129,14.86797681
103.5,39.51,27.88,35.03,36.06,28.56,35.72,33.79333333,33.9845136,15.44780621
104,39.51,27.88,34.69,35.72,28.56,35.37,33.62166667,33.93008656,16.57763829
104.5,39.17,27.55,34.34,35.37,28.56,35.03,33.33666667,33.84107358,18.54912541
105.01,39.17,27.55,34,35.37,28.56,34.69,33.22333333,33.74841254,20.94637528
105.51,39.17,27.88,34.34,35.37,28.22,34.34,33.22,33.66915066,23.57979962
106.02,38.82,27.88,33.66,35.03,28.22,34.34,32.99166667,33.56752806,27.39674287
106.52,38.82,27.88,33.66,35.03,28.22,34,32.935,33.47264885,31.83439531
107.03,38.82,28.22,33.66,34.69,27.88,34,32.87833333,33.38350152,36.57446189
107.54,38.82,27.88,33.66,34.69,27.88,33.66,32.765,33.29072629,41.67185234
108.04,39.17,27.55,33.66,34.34,27.88,33.32,32.65333333,33.19511735,47.45744398
108.55,38.82,27.55,33.32,34.34,27.88,33.32,32.53833333,33.09659975,53.45936379
109.05,39.17,27.88,33.32,34.34,27.88,33.32,32.65166667,33.02985979,58.21940205
109.56,39.17,27.55,33.66,34,27.88,33.32,32.59666667,32.96488082,62.88761785
110.06,39.51,27.55,33.66,34,27.88,33.66,32.71,32.9266487,66.51252631
110.56,39.86,27.55,33.32,34,27.55,33.32,32.6,32.87765139,70.37232188
111.07,39.86,27.21,33.66,33.66,27.55,32.98,32.48666667,32.81900368,73.99064518
111.57,40.56,27.21,34,34,27.55,33.32,32.77333333,32.81215313,75.90795986
112.08,40.9,27.55,33.66,34,27.88,33.32,32.885,32.82308016,77.01594136
112.58,41.25,27.55,34,34.34,27.88,33.32,33.05666667,32.85811814,77.5258791
113.09,41.6,27.55,34,34.34,27.55,33.66,33.11666667,32.89690042,77.98088433
113.59,41.6,27.21,34.34,34.34,27.21,33.66,33.06,32.92136535,78.33357284
114.1,41.95,27.21,34.34,34.69,27.55,34,33.29,32.97666055,77.69487836
114.6,42.3,27.21,34.34,34.34,27.55,34,33.29,33.02366147,77.0081168
115.11,42.65,27.55,34.69,34.69,27.55,34,33.52166667,33.09836225,75.44353171
115.61,42.65,27.55,35.03,34.69,27.21,34,33.52166667,33.16185791,74.20862596
116.11,43.35,27.21,35.03,34.69,27.21,34.34,33.63833333,33.23332922,72.31857237
116.62,43.35,27.21,35.03,35.03,27.21,34.34,33.695,33.30257984,70.42906114
117.12,43.35,27.21,35.37,35.03,27.55,34.69,33.86666667,33.38719286,67.57228215
117.63,44.05,27.21,35.72,35.37,27.21,34.69,34.04166667,33.48536393,64.12771596
118.14,44.05,27.55,35.72,35.03,27.21,34.69,34.04166667,33.56880934,60.863246
118.64,44.05,27.21,35.72,35.03,27.21,34.69,33.985,33.63123794,58.21820408
119.15,44.4,27.21,35.72,35.37,27.21,34.69,34.1,33.70155225,54.95571997
119.65,44.4,27.55,35.72,35.37,26.87,34.69,34.1,33.76131941,51.80120807
120.16,44.4,26.87,35.72,35.72,26.87,35.03,34.10166667,33.8123715,49.07910669
120.66,44.4,27.55,35.72,35.72,27.21,35.03,34.27166667,33.88126578,45.87293867
121.16,44.75,26.87,36.06,35.37,26.87,35.03,34.15833333,33.92282591,43.55855637
121.67,44.75,27.21,35.72,35.37,26.87,34.69,34.10166667,33.94965202,41.90430737
122.17,44.4,26.54,35.72,35.37,26.87,34.69,33.93166667,33.94695422,41.44668144
122.68,44.4,27.21,35.72,35.37,26.87,34.69,34.04333333,33.96141109,40.13765049
123.19,44.05,27.21,35.72,35.37,26.54,34.69,33.93,33.95669942,39.86051243
123.69,44.05,26.87,36.06,35.72,26.87,34.69,34.04333333,33.96969451,39.1104732
124.19,44.05,26.54,35.72,35.72,26.87,34.69,33.93166667,33.96399033,39.38958627
124.7,44.05,26.87,36.06,35.72,26.87,35.03,34.1,33.98439178,38.50860683
125.2,43.7,26.87,35.72,35.37,26.54,34.34,33.75666667,33.95023302,39.84486874
125.71,44.05,26.87,36.06,35.37,26.54,34.69,33.93,33.94719806,39.86152776
126.21,44.05,26.54,35.72,35.37,26.87,34.34,33.815,33.92736835,40.73310108
126.72,43.7,26.54,35.72,35.72,26.87,34.34,33.815,33.9105131,41.20606141
127.22,43.7,26.87,35.37,35.37,26.54,34.69,33.75666667,33.88743614,42.60145927
127.73,43.7,26.87,35.72,35.37,26.87,34.34,33.81166667,33.87607072,43.20803695
128.24,43.7,26.54,35.72,35.37,26.54,34.34,33.70166667,33.84991011,44.60340221
128.74,43.7,26.54,35.37,35.37,26.54,34.34,33.64333333,33.81892359,46.18873686
129.24,43.7,26.54,35.37,35.03,26.54,34,33.53,33.77558505,48.37607682
129.75,43.35,26.54,35.37,35.37,26.54,34,33.52833333,33.7384973,50.23524078
130.25,43.35,26.2,35.37,35.03,26.54,34,33.415,33.6899727,52.7666278
130.76,43.35,26.54,35.37,35.03,26.2,33.66,33.35833333,33.6402268,55.45023411
131.26,43.35,26.54,35.37,35.37,26.54,34,33.52833333,33.62344278,57.06619004
131.77,43.7,26.54,35.72,35.37,26.2,34,33.58833333,33.61817636,58.17805164
132.27,43.7,26.54,35.37,35.37,26.2,34,33.53,33.60494991,59.72311415
132.78,43.7,26.2,35.37,35.03,26.2,34,33.41666667,33.57670742,61.83009106
133.28,43.7,26.54,35.72,35.37,26.2,34,33.58833333,33.57845131,62.4618047
133.79,44.05,26.54,35.72,35.37,26.54,34,33.70333333,33.59718361,62.33688005
134.29,44.05,26.2,35.72,35.03,26.2,34,33.53333333,33.58760607,63.3084214
134.8,44.4,26.54,35.37,35.37,26.2,34.34,33.70333333,33.60496516,63.49021395
135.3,44.4,26.2,35.72,35.37,26.2,34,33.64833333,33.61147039,63.69387965
135.81,44.4,26.54,35.72,35.37,26.2,34,33.705,33.62549983,63.42322954
136.31,44.75,26.2,35.72,35.37,26.2,34.34,33.76333333,33.64617485,63.22506515
136.81,44.75,26.2,36.06,35.37,25.87,34.34,33.765,33.66399863,62.79118949
137.32,44.75,26.2,36.06,35.37,26.2,34.34,33.82,33.68739883,62.25877122
137.83,44.75,26.2,36.06,35.72,26.2,34.69,33.93666667,33.72478901,61.09261459
138.33,45.1,26.54,36.06,35.37,26.2,34.34,33.935,33.75632066,60.00697824
138.84,45.1,26.2,36.06,35.72,26.2,34.34,33.93666667,33.78337256,59.07574488
139.34,45.1,25.87,36.06,35.72,26.2,34.34,33.88166667,33.79811667,58.50102139
139.85,45.1,26.54,36.06,35.72,26.2,34.69,34.05166667,33.83614917,56.85221515
140.35,45.1,25.87,36.4,35.72,26.2,34.34,33.93833333,33.8514768,56.08205805
140.86,45.1,25.87,36.4,35.72,25.87,34.69,33.94166667,33.86500528,55.41428925
141.36,45.45,25.87,36.4,35.72,25.87,34.69,34,33.88525449,54.62215237
141.86,45.1,25.87,36.4,36.06,25.87,34.34,33.94,33.89346631,53.97678658
142.37,45.45,25.87,36.4,35.72,25.87,34.34,33.94166667,33.90069637,53.64015958
142.88,45.45,26.2,36.4,35.72,25.87,34.34,33.99666667,33.91509191,53.04005314
143.38,45.1,26.2,36.4,35.72,25.87,34.69,33.99666667,33.92732812,52.42078018
143.89,45.45,25.87,36.4,35.72,25.87,34.34,33.94166667,33.92947891,52.32584381
144.39,45.45,25.87,36.4,35.72,25.87,34.34,33.94166667,33.93130707,52.25293135
144.9,45.45,25.87,36.4,36.06,25.87,34.34,33.99833333,33.94136101,51.77004962
145.4,45.45,25.87,36.4,36.06,25.53,34.34,33.94166667,33.94140686,51.68871649
145.91,45.1,26.2,36.4,35.72,25.87,34.34,33.93833333,33.94094583,51.75286194
146.41,45.1,25.87,36.4,35.72,25.87,34.34,33.88333333,33.93230395,52.13811416
146.91,45.45,25.87,36.4,35.72,25.87,34.34,33.94166667,33.93370836,52.04280613
147.42,45.45,25.87,36.4,36.06,25.87,34.34,33.99833333,33.94340211,51.74988773
147.93,45.1,26.2,36.06,35.72,25.53,34.69,33.88333333,33.93439179,52.17488944
148.43,45.45,25.87,36.4,35.72,25.53,34.34,33.885,33.92698302,52.65089814
148.94,45.1,25.87,36.4,36.06,25.53,34.34,33.88333333,33.92043557,52.97728974
149.44,45.1,25.53,36.06,36.06,25.53,34.34,33.77,33.89787023,53.82601268
149.95,45.1,25.53,36.06,36.06,25.53,34.34,33.77,33.8786897,54.80219535
150.45,45.45,25.87,36.4,35.72,25.53,34.34,33.885,33.87963624,55.00776636
150.95,45.45,25.87,36.4,36.06,25.53,34.34,33.94166667,33.88894081,54.88076657
151.46,45.45,25.53,36.4,35.72,25.87,34.34,33.885,33.88834969,55.31994232
151.96,45.45,25.53,36.4,35.72,25.53,34.34,33.82833333,33.87934723,56.03869907
152.47,45.45,25.53,36.4,36.06,25.53,34.34,33.885,33.88019515,56.14325154
152.98,45.45,25.53,36.4,35.72,25.53,34.34,33.82833333,33.87241588,56.47281569
153.48,45.45,25.87,36.06,35.72,25.53,34.34,33.82833333,33.86580349,56.88835883
153.99,45.45,25.53,36.4,36.06,25.53,34.34,33.885,33.86868297,57.05377609
154.49,45.45,25.53,36.4,35.72,25.53,34.34,33.82833333,33.86263052,57.43370838
154.99,45.45,25.87,36.4,36.06,25.53,34.34,33.94166667,33.87448595,57.24736853
155.5,45.45,25.53,36.4,35.72,25.53,34.69,33.88666667,33.87631305,57.41248869
156,45.81,25.53,36.4,36.06,25.53,34,33.88833333,33.8781161,57.46015778
156.51,45.81,25.87,36.4,35.72,25.53,34.34,33.945,33.88814868,57.30290925
157.01,45.81,25.87,36.4,36.06,25.2,34,33.89,33.88842638,57.2841771
157.52,45.81,25.53,36.4,35.72,25.53,34.69,33.94666667,33.89716242,57.06685393
158.03,45.81,25.53,36.75,35.72,25.53,34.34,33.94666667,33.90458806,56.88865906
158.54,45.81,25.53,36.4,35.72,25.53,34.34,33.88833333,33.90214985,56.97529929
159.04,46.16,25.53,36.4,36.06,25.53,34.34,34.00333333,33.91732737,56.51455524
159.55,45.81,25.53,36.4,36.06,25.2,34.34,33.89,33.91322827,56.66487848
160.05,45.81,25.53,36.4,36.06,25.2,34.34,33.89,33.90974403,56.8128002
160.56,45.81,25.53,36.75,36.06,25.53,34.34,34.00333333,33.92378242,56.41912759
161.06,46.16,25.87,36.75,36.06,25.2,34.34,34.06333333,33.94471506,55.52648883
161.56,46.16,25.53,36.4,36.06,25.53,34.34,34.00333333,33.9535078,55.30870269
162.07,45.81,25.53,36.4,36.06,25.53,34.34,33.945,33.95223163,55.45807058
162.57,46.16,25.53,36.75,36.06,25.2,34.34,34.00666667,33.96039689,55.03065468
163.08,45.81,25.53,36.75,36.06,25.53,34.34,34.00333333,33.96683735,54.5731945
163.59,46.16,25.53,36.4,36.06,25.2,34.34,33.94833333,33.96406175,54.61196329
164.09,45.81,25.53,36.75,36.06,25.53,34.69,34.06166667,33.97870249,54.10936621
164.59,46.16,25.2,36.75,36.06,25.53,34.69,34.065,33.99164711,53.53569727
165.1,46.16,25.53,36.75,36.06,25.2,34.34,34.00666667,33.99390005,53.37908395
165.6,46.16,25.2,36.75,36.06,25.2,34.34,33.95166667,33.98756504,53.66545642
166.11,45.81,25.2,36.75,36.06,25.53,34.69,34.00666667,33.99043028,53.3883491
166.61,45.81,25.53,36.4,35.72,25.2,34,33.77666667,33.95836574,54.47420566
167.12,46.16,25.53,36.75,36.06,25.53,34.34,34.06166667,33.97386088,53.90170154
167.62,45.81,25.53,36.75,36.06,25.2,34.69,34.00666667,33.97878175,53.82334979
168.13,45.81,25.2,36.4,36.06,24.86,34,33.72166667,33.94021449,55.29607607
168.63,45.81,25.2,36.75,36.06,25.2,34.34,33.89333333,33.93318231,56.03449373
169.13,45.81,25.2,36.75,36.06,25.2,34.34,33.89333333,33.92720497,56.15414437
169.64,45.81,25.2,36.75,36.06,25.2,34.34,33.89333333,33.92212422,56.37695125
170.14,46.16,25.2,36.75,36.06,25.2,34.34,33.95166667,33.92655559,56.77761366
170.65,46.16,25.2,37.09,36.06,25.53,34.34,34.06333333,33.94707225,56.17262805
171.15,46.16,25.2,36.75,36.06,25.2,34.34,33.95166667,33.94776141,56.28502761
171.65,46.16,25.53,36.75,35.72,25.2,34.34,33.95,33.9480972,56.39896035
172.16,45.81,25.2,36.75,36.4,25.2,34.34,33.95,33.94838262,56.39741251
172.66,46.16,25.2,36.75,36.06,25.2,34.34,33.95166667,33.94887523,56.18973117
173.17,46.16,25.53,36.75,36.06,25.2,34.34,34.00666667,33.95754394,55.9132212
173.67,46.16,25.2,36.75,36.4,25.2,34.34,34.00833333,33.96516235,55.67018639
174.18,46.16,25.53,36.75,36.06,25.2,34.69,34.065,33.980138,55.13617455
174.68,46.16,25.53,36.75,36.06,25.2,34.34,34.00666667,33.9841173,55.00203967
175.18,46.16,25.53,36.75,36.06,25.2,34.34,34.00666667,33.9874997,54.78456928
175.69,46.16,25.2,36.75,36.06,25.2,34.69,34.01,33.99087475,54.57602533
176.19,46.16,25.2,36.75,36.4,25.2,34.34,34.00833333,33.99349354,54.30094388
176.7,46.16,25.2,37.09,36.06,25.2,34.34,34.00833333,33.99571951,54.17399784
177.2,46.16,25.53,36.75,36.06,25.2,34.34,34.00666667,33.99736158,54.07412218
177.71,46.16,25.2,36.4,36.06,24.86,34.34,33.83666667,33.97325734,54.96193811
178.21,46.16,25.53,36.75,36.06,25.2,34.34,34.00666667,33.97826874,54.77027287
178.71,46.16,25.53,36.75,36.4,25.2,34.34,34.06333333,33.99102843,54.27923304
179.22,46.16,25.2,36.75,36.06,25.2,34.34,33.95166667,33.98512417,54.49702098
179.72,46.16,25.2,36.75,36.06,25.2,34.34,33.95166667,33.98010554,55.00673997
180.23,46.16,24.86,36.75,36.4,25.2,34.34,33.95166667,33.97583971,55.13295531
180.73,46.16,25.2,36.75,36.4,25.2,34.34,34.00833333,33.98071375,54.81794195
181.24,46.16,24.86,36.75,36.06,25.2,34.34,33.895,33.96785669,55.40782362
181.74,46.16,25.2,36.75,36.06,24.86,34.34,33.895,33.95692819,55.92744658
182.25,46.51,24.86,36.75,36.06,25.2,34.34,33.95333333,33.95638896,56.05366602
182.75,46.16,25.2,36.75,36.06,25.2,34.34,33.95166667,33.95568061,56.07439317
183.26,46.16,25.2,36.75,36.06,25.2,34.34,33.95166667,33.95507852,56.31016377
183.76,46.51,25.2,36.75,36.4,25.2,34.34,34.06666667,33.97181674,55.86107196
184.27,46.16,25.2,36.75,36.06,24.86,34.34,33.895,33.96029423,56.3422604
184.77,46.16,25.2,37.09,36.06,24.86,34.34,33.95166667,33.9590001,56.44911712
185.28,46.16,25.2,36.75,36.06,25.2,34.34,33.95166667,33.95790008,56.54880554
185.78,46.51,25.2,36.75,36.06,25.2,34.34,34.01,33.96571507,56.09672201
186.29,46.16,24.86,36.75,36.06,25.2,34.34,33.895,33.95510781,56.68486542
186.79,46.16,24.86,36.75,36.4,24.86,34.34,33.895,33.94609164,57.09852047
187.3,46.51,25.2,36.75,36.4,24.86,34.34,34.01,33.95567789,56.81380905
187.8,46.16,25.2,36.75,36.06,25.2,34.34,33.95166667,33.95507621,56.79519092
188.31,46.16,24.53,36.75,36.4,24.86,34.34,33.84,33.93781478,57.63493678
188.81,46.16,25.2,36.75,36.4,24.86,34.34,33.95166667,33.93989256,57.74225716
189.32,46.51,25.2,36.75,36.06,24.86,34,33.89666667,33.93340868,57.94373116
189.82,46.16,25.2,37.09,36.4,24.86,34.34,34.00833333,33.94464738,57.60733024
190.32,46.16,25.2,36.75,36.4,24.86,34.34,33.95166667,33.94570027,57.84565839
190.83,46.51,25.2,37.09,36.4,24.86,34.69,34.125,33.97259523,56.86706826
191.33,46.51,25.2,37.09,36.06,24.86,34.69,34.06833333,33.98695594,56.43370282
191.84,46.16,24.86,36.75,36.4,24.86,34.34,33.895,33.97316255,56.83678981
192.34,46.51,25.2,37.09,36.4,25.2,34.34,34.12333333,33.99568817,55.99837301
192.85,46.51,25.2,37.09,36.4,25.2,34.34,34.12333333,34.01483494,54.93851197
193.36,46.51,24.86,37.09,36.4,24.86,34.34,34.01,34.0141097,54.77016454
193.86,46.16,25.2,37.09,36.06,24.86,34.69,34.01,34.01349325,54.94714516
194.37,46.51,25.53,36.75,36.4,24.86,34.34,34.065,34.02121926,54.35450501
194.87,46.51,24.86,37.09,36.4,25.2,34.34,34.06666667,34.02803637,53.82803694
195.37,46.51,24.86,37.09,36.06,25.2,34.34,34.01,34.02533092,53.90642166
195.88,46.16,24.86,37.09,36.4,24.86,34.34,33.95166667,34.01428128,54.30790747
196.38,46.51,24.86,37.09,36.4,25.2,34.34,34.06666667,34.02213909,53.89180972
196.89,46.51,25.53,37.09,36.4,25.2,34.69,34.23666667,34.05431822,52.53768624
197.39,46.51,25.53,36.75,36.4,24.86,34.34,34.065,34.05592049,52.4417573
197.9,46.16,25.2,36.75,36.4,25.2,34.34,34.00833333,34.04878242,52.78563389
198.41,46.51,24.86,37.09,36.06,25.2,34.69,34.06833333,34.05171505,52.51356042
198.91,46.51,24.86,36.75,36.4,25.2,34.34,34.01,34.0454578,52.28966426
199.42,46.51,24.86,37.09,36.4,24.86,34.34,34.01,34.04013913,52.41862553
199.92,46.51,25.2,37.09,36.06,25.2,34.34,34.06666667,34.04411826,52.30374304
200.42,46.16,25.2,37.09,36.4,24.86,34.34,34.00833333,34.03875052,52.41967783
200.93,46.51,24.86,36.75,36.4,24.86,34.34,33.95333333,34.02593794,52.94442366
201.43,46.51,24.86,37.09,36.4,25.2,34.34,34.06666667,34.03204725,52.74240461
201.94,46.16,24.86,37.44,36.4,24.86,34.69,34.06833333,34.03749016,52.44250287
202.44,46.51,24.86,37.44,36.4,24.86,34.69,34.12666667,34.05086664,51.94536162
202.95,46.51,25.2,37.78,36.75,25.2,35.03,34.41166667,34.10498664,49.94576791
203.46,46.86,25.2,37.78,36.75,25.2,35.03,34.47,34.15973865,47.61833182
203.96,46.51,25.53,37.78,37.09,25.2,35.03,34.52333333,34.21427785,45.24979359
204.47,46.51,24.86,38.13,37.44,25.2,35.37,34.585,34.26988617,42.69813178
204.97,46.86,25.53,38.48,37.09,25.2,35.37,34.755,34.34265325,38.99502519
205.47,46.86,24.86,38.48,37.44,25.2,35.72,34.76,34.40525526,35.68498468
205.98,46.86,24.86,38.48,37.78,25.2,35.72,34.81666667,34.46696697,32.47014735
206.48,46.86,25.2,38.82,37.78,25.2,36.06,34.98666667,34.54492192,28.81817352
206.99,46.86,25.2,38.82,38.13,25.2,36.06,35.045,34.61993364,25.27254161
207.49,46.86,24.86,38.82,37.78,25.2,36.06,34.93,34.66644359,22.81974957
208,46.51,25.2,39.17,38.13,25.2,36.4,35.10166667,34.73172705,20.03858356
208.51,46.51,25.2,38.82,38.13,25.53,36.4,35.09833333,34.78671799,17.58553293
209.01,46.51,24.86,39.17,38.48,25.2,36.4,35.10333333,34.8342103,15.51011747
209.52,46.16,25.2,39.17,38.13,25.53,36.4,35.09833333,34.87382875,13.92523831
210.02,46.16,24.86,39.17,38.48,25.53,36.4,35.1,34.90775444,12.45063342
210.52,45.81,25.2,39.17,38.48,25.53,36.4,35.09833333,34.93634127,11.22836397
211.03,45.81,25.2,39.17,38.48,25.53,36.4,35.09833333,34.96064008,10.19401828
211.53,45.45,25.2,39.17,38.82,25.53,36.4,35.095,34.98079407,9.32206069
212.04,45.45,25.2,39.17,38.48,25.53,36.4,35.03833333,34.98942496,8.672373504
212.54,45.45,25.2,39.17,38.48,25.53,36.4,35.03833333,34.99676122,8.095462519
213.05,44.75,25.2,38.82,38.48,25.53,36.4,34.86333333,34.97674703,7.868045434
213.56,44.75,25.53,38.82,38.82,25.53,36.4,34.975,34.97648498,7.454239333
214.06,44.75,25.2,38.82,38.48,25.53,36.4,34.86333333,34.95951223,7.271237112
214.57,44.4,25.2,38.48,38.48,25.53,36.06,34.69166667,34.9193354,7.343238945
215.07,44.05,25.53,38.48,38.48,25.53,36.06,34.68833333,34.88468509,7.464916524
215.57,43.7,25.2,38.13,38.48,25.53,36.06,34.51666667,34.82948232,7.756414638
216.08,44.05,25.2,38.48,38.48,25.53,36.06,34.63333333,34.80005998,7.847168451
216.58,43.7,25.2,38.13,38.48,25.87,36.06,34.57333333,34.76605098,8.087656766
217.09,43.35,25.2,38.13,38.48,25.87,36.06,34.515,34.72839333,8.370003944
217.59,43.35,25.2,38.13,38.48,25.87,36.06,34.515,34.69638433,8.688244227
218.09,43.35,25.53,38.13,38.13,25.87,35.72,34.455,34.66017668,8.978238989
218.6,43,25.2,37.78,38.13,25.87,35.72,34.28333333,34.60365018,9.580907685
219.11,43,25.53,37.78,38.13,25.87,35.72,34.33833333,34.56385265,10.02589531
219.61,42.65,25.2,38.13,37.78,25.87,35.72,34.225,34.51302476,10.64282564
220.12,43,25.53,37.78,38.13,25.87,35.72,34.33833333,34.48682104,10.96142731
220.62,42.65,25.2,37.78,38.13,25.87,35.72,34.225,34.44754789,11.61000474
221.13,42.65,25.87,37.78,38.13,25.87,35.37,34.27833333,34.4221657,11.99369008
221.63,42.3,25.53,37.78,38.13,25.87,35.37,34.16333333,34.38334085,12.69118647
222.13,42.3,25.87,37.78,37.78,26.2,35.72,34.275,34.36708972,12.90460734
222.64,42.3,25.53,37.44,37.78,26.2,35.37,34.10333333,34.32752626,13.6247389
223.14,41.95,25.53,37.44,38.13,26.2,35.37,34.10333333,34.29389732,14.2049052
223.65,42.3,25.87,37.44,37.78,26.2,35.37,34.16,34.27381272,14.64742828
224.16,41.95,25.53,37.44,37.78,25.87,35.37,33.99,34.23124082,15.41906158
224.66,42.3,25.53,37.44,37.78,26.2,35.37,34.10333333,34.21205469,15.92061984
225.17,41.95,25.53,37.44,37.78,26.2,35.03,33.98833333,34.17849649,16.71559377
225.67,41.95,25.87,37.44,37.78,26.2,35.03,34.045,34.15847202,17.16804826
226.18,41.95,25.53,37.44,37.44,26.2,35.37,33.98833333,34.13295121,17.9337228
226.68,41.95,25.53,37.09,37.78,26.2,35.03,33.93,34.10250853,18.68343225
227.18,41.95,25.53,37.44,37.78,26.2,35.37,34.045,34.09388225,19.06660408
227.69,41.95,25.87,37.09,37.78,26.54,35.03,34.04333333,34.08629991,19.331419
228.19,41.95,25.87,37.09,37.78,26.2,35.37,34.04333333,34.07985493,19.62052992
228.7,41.6,25.53,37.09,37.78,26.2,35.03,33.87166667,34.04862669,20.57804732
229.21,41.95,25.87,37.09,37.78,26.2,35.37,34.04333333,34.04783268,20.62896318
229.71,41.95,26.2,37.09,37.78,26.2,35.37,34.09833333,34.05540778,20.46014573
230.22,41.95,25.87,37.44,37.78,26.54,35.37,34.15833333,34.07084661,20.080713
230.72,41.95,26.2,37.44,37.44,26.54,35.37,34.15666667,34.08371962,19.95452807
231.23,41.95,26.2,37.09,37.44,26.54,35.37,34.09833333,34.08591168,19.83998544
231.73,41.95,25.87,37.09,37.44,26.54,35.03,33.98666667,34.07102493,20.079482
232.23,41.95,25.87,37.09,37.78,26.54,35.37,34.1,34.07537119,19.79206286
232.74,41.95,26.2,37.09,37.44,26.54,35.37,34.09833333,34.07881551,19.54646679
233.24,41.95,26.2,37.09,37.44,26.54,35.37,34.09833333,34.08174318,19.39633569
233.75,42.3,26.2,37.44,37.78,26.54,35.37,34.27166667,34.11023171,18.76639969
234.26,41.95,26.2,37.09,37.78,26.54,35.37,34.155,34.11694695,18.49213093
234.76,41.95,26.2,37.44,37.44,26.54,35.37,34.15666667,34.12290491,18.24018667
235.27,41.95,26.2,37.09,37.78,26.54,35.37,34.155,34.12771917,18.01650276
235.77,41.6,26.2,37.09,37.44,26.54,35.37,34.04,34.1145613,18.01302437
236.27,41.95,26.2,37.09,37.44,26.87,35.37,34.15333333,34.1203771,17.74726073
236.78,41.95,26.2,37.44,37.78,26.87,35.37,34.26833333,34.14257054,17.1226001
237.28,41.95,25.87,37.09,37.78,26.87,35.37,34.155,34.14443496,16.94699226
237.79,41.6,26.2,37.09,37.78,26.54,35.37,34.09666667,34.13726971,17.09477306
238.29,41.95,25.87,37.44,37.78,26.87,35.37,34.21333333,34.14867926,16.70915949
238.8,41.95,26.2,37.09,37.44,26.87,35.37,34.15333333,34.14937737,16.43798415
239.31,41.95,26.2,37.09,37.44,26.87,35.37,34.15333333,34.14997076,16.31035411
239.81,41.6,26.2,37.09,37.44,26.87,35.72,34.15333333,34.15047515,16.24633138
240.31,41.6,26.2,37.44,37.44,26.87,35.72,34.21166667,34.15965388,15.87619976
240.82,41.6,26.2,37.09,37.78,27.21,35.37,34.20833333,34.16695579,15.61552098
241.32,41.25,26.54,37.09,37.44,26.87,35.37,34.09333333,34.15591243,15.72749239
241.83,41.6,26.2,37.09,37.44,27.21,35.72,34.21,34.16402556,15.45608178
242.33,41.25,26.2,37.09,37.44,26.87,35.37,34.03666667,34.14492173,15.67715495
242.83,41.6,26.54,37.09,37.44,26.87,35.72,34.21,34.15468347,15.3361488
243.34,41.6,26.54,37.09,37.78,27.21,35.37,34.265,34.17123095,14.9778789
243.85,41.6,26.54,36.75,37.44,27.21,35.37,34.15166667,34.16829631,14.87540893
244.35,41.25,26.2,36.75,37.44,27.21,35.37,34.03666667,34.14855186,15.28183044
244.86,41.6,26.54,37.09,37.78,27.21,35.37,34.265,34.16601908,14.77890487
245.36,41.6,26.54,36.75,37.78,26.87,35.37,34.15166667,34.16386622,14.61295485
245.87,41.25,26.54,36.75,37.44,27.21,35.37,34.09333333,34.15328629,14.73406282
246.37,41.25,26.54,37.09,37.78,27.21,35.72,34.265,34.17004334,14.43798859
246.87,41.25,26.54,37.09,37.44,27.21,35.37,34.15,34.16703684,14.28332922
247.38,41.25,26.54,36.75,37.44,27.21,35.37,34.09333333,34.15598132,14.40448083
247.88,41.25,26.54,36.75,37.44,27.21,35.72,34.15166667,34.15533412,14.38592311
248.39,41.25,26.2,36.75,37.44,27.55,35.72,34.15166667,34.154784,14.19859818
248.9,41.25,26.54,36.75,37.44,27.21,35.37,34.09333333,34.1455664,14.29696731
249.4,40.9,26.54,36.75,37.44,27.21,35.37,34.035,34.12898144,14.5930182
249.91,40.9,26.87,36.75,37.44,27.21,35.37,34.09,34.12313422,14.62967034
250.41,40.9,26.54,36.75,37.44,27.21,35.03,33.97833333,34.10141409,14.98010404
250.91,40.9,26.54,36.75,37.44,27.55,35.37,34.09166667,34.09995198,15.00309916
251.42,41.25,26.87,36.75,37.44,27.55,35.37,34.205,34.11570918,14.73564892
251.92,40.9,26.87,36.4,37.09,27.55,35.37,34.03,34.1028528,14.95135755
252.43,40.9,26.87,36.75,37.44,27.55,35.37,34.14666667,34.10942488,14.89461528
252.93,40.9,26.54,36.75,37.44,27.55,35.37,34.09166667,34.10676115,14.88686674
253.43,40.9,26.87,36.4,37.09,27.55,35.37,34.03,34.09524698,14.94563132
253.94,40.9,26.54,36.4,37.44,27.55,35.37,34.03333333,34.08595993,15.15094583
254.45,40.9,26.87,36.75,37.44,27.55,35.37,34.14666667,34.09506594,14.8741083
254.95,40.9,26.54,36.4,37.44,27.55,35.72,34.09166667,34.09455605,14.84082484
255.46,40.56,27.21,36.4,37.09,27.55,35.37,34.03,34.08487264,15.04467055
255.96,40.9,26.87,36.75,37.44,27.55,35.37,34.14666667,34.09414175,14.86702226
256.47,40.9,26.87,36.4,37.09,27.55,35.37,34.03,34.08452048,14.93871126
256.97,40.56,26.87,36.4,37.44,27.55,35.37,34.03166667,34.07659241,15.0447099
257.47,40.9,26.87,36.75,37.09,27.55,35.37,34.08833333,34.07835355,15.02276892
257.98,40.56,26.54,36.4,37.09,27.88,35.37,33.97333333,34.06260052,15.22642592
258.48,40.56,27.21,36.75,37.44,27.55,35.37,34.14666667,34.07521044,14.99725741
258.99,40.56,27.21,36.4,37.09,27.55,35.37,34.03,34.06842887,15.13436526
259.5,40.56,26.87,36.4,37.09,27.88,35.37,34.02833333,34.06241454,15.19895701
260,40.9,26.87,36.4,37.09,27.88,35.37,34.085,34.06580236,15.19257387
260.51,40.9,27.21,36.4,37.09,27.88,35.37,34.14166667,34.07718201,14.84500155
261.01,40.56,27.21,36.4,37.09,27.88,35.72,34.14333333,34.08710471,14.64577071
261.52,40.56,26.87,36.06,36.75,27.55,35.37,33.86,34.053039,15.30075362
262.02,40.9,27.21,36.4,37.09,27.55,35.37,34.08666667,34.05808315,15.14377352
262.52,40.56,27.21,36.4,37.09,27.55,35.37,34.03,34.05387068,15.11726099
263.03,40.9,27.21,36.4,37.09,27.88,35.37,34.14166667,34.06704008,14.76061621
263.53,40.56,27.21,36.4,37.09,27.88,35.37,34.085,34.06973406,14.88060989
264.04,40.56,26.87,36.4,37.09,27.88,35.37,34.02833333,34.06352395,14.92648069
264.55,40.56,27.21,36.4,37.09,27.88,35.72,34.14333333,34.07549536,14.67897644
265.05,40.56,27.21,36.4,37.09,27.88,35.37,34.085,34.07692106,14.52225325
265.56,40.56,27.55,36.4,36.75,27.88,35.37,34.085,34.0781329,14.43469389
266.06,40.56,27.55,36.4,36.75,27.88,35.37,34.085,34.07916296,14.40509887
266.56,40.56,27.21,36.06,37.09,27.88,35.37,34.02833333,34.07153852,14.42822123
267.07,40.21,27.21,36.4,37.09,27.88,35.37,34.02666667,34.06480774,14.5042307
267.57,40.56,27.21,36.06,37.09,27.88,35.37,34.02833333,34.05933658,14.56178911
268.08,40.21,27.21,36.4,37.09,28.22,35.37,34.08333333,34.06293609,14.44941848
268.58,40.21,27.21,36.06,36.75,27.88,35.37,33.91333333,34.04049568,14.89315737
269.09,40.21,27.21,36.4,37.09,28.22,35.37,34.08333333,34.04692133,14.78423908
269.6,40.56,27.21,36.4,37.09,28.22,35.37,34.14166667,34.06113313,14.51369507
270.1,40.21,27.55,36.06,37.09,27.88,35.37,34.02666667,34.05596316,14.55290906
270.61,40.21,27.21,36.06,36.75,28.22,35.37,33.97,34.04306869,14.90973889
271.11,40.21,26.87,36.06,37.09,28.22,35.37,33.97,34.03210838,15.05778893
271.62,40.21,27.21,36.06,37.09,28.22,35.37,34.02666667,34.03129213,14.96279752
272.12,40.21,27.55,36.4,37.09,28.22,35.37,34.14,34.04759831,14.65680373
272.63,40.21,27.21,36.06,37.09,28.22,35.37,34.02666667,34.04445856,14.76890775
273.13,40.21,27.55,36.06,37.09,28.22,35.37,34.08333333,34.05028978,14.69628433
273.63,40.21,27.21,36.06,36.75,27.88,35.37,33.91333333,34.02974631,15.07299609
274.14,40.21,27.21,36.06,37.09,28.22,35.03,33.97,34.02078436,15.12748917
274.64,39.86,27.55,36.06,37.09,27.88,35.37,33.96833333,34.01291671,15.29159919
275.14,40.21,27.55,36.06,37.09,28.22,35.37,34.08333333,34.0234792,15.03518021
275.65,39.86,27.21,36.06,36.75,28.22,35.37,33.91166667,34.00670732,15.48901719
276.15,40.21,27.21,36.06,37.09,28.22,35.37,34.02666667,34.00970122,15.48253956
276.66,40.21,27.55,36.06,36.75,28.22,35.03,33.97,34.00374604,15.64918099
277.16,40.21,27.55,36.06,36.75,28.22,35.37,34.02666667,34.00718413,15.50717853
277.67,39.86,27.21,36.4,36.75,28.22,35.37,33.96833333,34.00135651,15.73201798
278.17,39.86,27.55,36.06,36.75,28.56,35.37,34.025,34.00490304,15.63862456
278.68,40.21,27.55,36.06,36.75,28.22,35.37,34.02666667,34.00816758,15.60794113
279.19,40.21,27.88,36.06,36.75,28.22,35.03,34.025,34.01069244,15.5285356
279.69,39.86,27.88,36.06,36.75,28.22,35.37,34.02333333,34.01258858,15.52119377
280.2,40.21,27.88,36.06,36.75,28.22,35.37,34.08166667,34.02295029,15.28063837
280.7,40.21,27.21,36.06,36.75,28.22,35.37,33.97,34.01500775,15.40443419
281.21,39.86,27.88,36.06,36.75,28.22,35.03,33.96666667,34.00775659,15.52505296
281.71,39.86,27.88,36.06,37.09,28.22,35.37,34.08,34.0185931,15.28873309
282.22,39.86,27.21,36.06,36.75,28.56,35.37,33.96833333,34.01105413,15.36107477
282.72,39.86,27.55,36.06,36.75,28.22,35.37,33.96833333,34.00464601,15.53546297
283.22,39.86,27.55,36.06,37.09,28.22,35.37,34.025,34.00769911,15.5179005
283.73,39.86,27.55,36.06,36.75,28.56,35.37,34.025,34.01029424,15.38952346
284.24,40.21,27.88,36.06,36.75,28.56,35.37,34.13833333,34.02950011,15.04743586
284.74,39.86,27.55,36.06,36.75,28.56,35.37,34.025,34.02882509,15.08294783
285.25,40.21,28.22,35.72,36.75,28.56,35.37,34.13833333,34.04525133,14.72243897
285.75,39.86,27.55,36.06,36.75,28.56,35.37,34.025,34.04221363,14.73686165
286.26,39.86,27.88,36.06,36.75,28.22,35.03,33.96666667,34.03088158,14.81053261
286.76,39.86,27.55,36.06,36.75,28.56,35.37,34.025,34.02999935,14.81256276
287.26,39.86,27.88,35.72,36.4,28.56,35.37,33.965,34.02024944,14.88082257
287.77,39.86,27.55,36.06,36.75,28.56,35.03,33.96833333,34.01246203,15.04083133
288.27,39.86,27.88,35.72,36.75,28.22,35.03,33.91,33.99709272,15.41342297
288.77,39.86,28.22,35.72,36.75,28.56,35.37,34.08,34.00952882,15.17132762
289.28,39.86,27.21,36.06,36.75,28.22,35.03,33.855,33.98634949,15.69763523
289.79,39.86,27.88,36.06,36.75,28.56,35.72,34.13833333,34.00914707,15.29485499
290.29,40.21,27.88,35.72,36.75,28.56,35.37,34.08166667,34.02002501,15.17046464
290.8,39.86,27.55,36.06,36.75,28.56,35.72,34.08333333,34.02952126,14.89028963
291.3,39.86,28.22,36.06,36.75,28.56,35.37,34.13666667,34.04559307,14.70372971
291.81,40.21,27.55,35.72,36.75,28.56,35.37,34.02666667,34.04275411,14.58774749
292.31,39.86,27.55,35.72,36.75,28.56,35.37,33.96833333,34.03159099,14.70935057
292.81,39.86,27.55,36.06,37.09,28.56,35.72,34.14,34.04785234,14.3181358
293.32,39.86,27.55,36.06,36.75,28.9,35.37,34.08166667,34.05292449,14.09521002
293.82,39.86,27.88,36.06,36.75,28.9,35.37,34.13666667,34.06548582,13.846461
294.33,39.51,27.88,36.06,36.75,28.56,35.37,34.02166667,34.05891295,13.99619364
294.84,39.86,27.88,36.06,36.75,28.56,35.37,34.08,34.062076,13.8049538
295.34,39.51,27.88,35.72,36.75,28.56,35.37,33.965,34.0475146,14.00764781
295.85,39.86,28.22,35.72,36.75,28.56,35.37,34.08,34.05238741,13.81353593
296.35,39.51,27.55,35.72,36.75,28.9,35.37,33.96666667,34.0395293,14.06058569
296.86,39.51,28.22,35.72,36.75,28.9,35.37,34.07833333,34.04534991,13.90926118
297.36,39.86,27.88,36.06,36.75,28.9,35.37,34.13666667,34.05904742,13.71619234
297.86,39.86,27.88,35.72,36.75,28.56,35.37,34.02333333,34.05369031,13.75072446
298.37,39.51,28.22,35.72,36.75,28.56,35.37,34.02166667,34.04888676,13.88397631
298.87,39.51,28.22,36.06,36.75,28.56,35.37,34.07833333,34.05330375,13.73873931
299.38,39.51,27.88,35.72,36.75,28.56,35.37,33.965,34.04005818,13.86982258
299.89,39.51,27.55,35.72,36.75,28.9,35.37,33.96666667,34.02904946,14.08309792
300.39,39.51,27.88,36.06,36.75,28.9,35.37,34.07833333,34.03644204,13.95641842
300.9,39.86,28.22,35.72,36.75,28.56,35.37,34.08,34.04297573,13.78726877
301.4,39.51,27.88,35.72,36.4,28.9,35.37,33.96333333,34.03102937,14.06282887
301.91,39.51,27.88,35.72,36.75,28.9,35.37,34.02166667,34.02962497,14.13707111
302.41,39.51,27.88,35.72,36.75,28.9,35.37,34.02166667,34.02843122,14.09673164
302.92,39.51,28.22,35.72,36.75,28.9,35.37,34.07833333,34.03591654,13.90061058
303.42,39.51,28.22,35.72,36.75,28.9,35.37,34.07833333,34.04227906,13.83271544
303.92,39.51,28.22,35.72,36.4,28.56,35.37,33.96333333,34.0304372,14.03590554
304.43,39.17,28.22,35.37,36.4,28.9,35.03,33.84833333,34.00312162,14.54308369
304.94,39.51,28.22,35.72,36.75,28.9,35.37,34.07833333,34.01440338,14.27931376
305.44,39.51,28.22,35.72,36.75,28.9,35.37,34.07833333,34.02399287,14.05115832
305.95,39.51,27.88,35.72,36.75,28.9,35.37,34.02166667,34.02364394,14.11482833
306.45,39.51,28.22,35.72,36.4,28.9,35.37,34.02,34.02309735,14.27710812
306.95,39.17,28.22,35.72,36.4,28.9,35.37,33.96333333,34.01413275,14.3642163
307.46,39.51,28.22,35.72,36.75,28.9,35.37,34.07833333,34.02376283,14.11475773
307.96,39.17,27.88,35.72,36.4,28.9,35.37,33.90666667,34.00619841,14.43550116
308.47,39.17,28.22,35.72,36.4,28.56,35.03,33.85,33.98276865,14.88942039
308.97,39.51,28.22,35.72,36.75,28.9,35.37,34.07833333,33.99710335,14.676838
309.48,39.17,27.88,35.72,36.4,28.9,35.37,33.90666667,33.98353785,14.8828496
309.99,39.51,28.56,35.72,36.75,28.9,35.37,34.135,34.00625717,14.56133948
310.49,39.51,28.22,35.72,36.4,28.9,35.37,34.02,34.0083186,14.66373781
310.99,39.17,28.56,35.37,36.75,28.9,35.37,34.02,34.01007081,14.53532729
311.5,39.51,27.88,35.72,36.4,28.9,35.37,33.96333333,34.00306019,14.74961839
312,39.51,28.56,35.72,36.4,28.9,35.37,34.07666667,34.01410116,14.39328979
312.51,39.17,28.22,35.37,36.4,29.24,35.37,33.96166667,34.00623598,14.52259561
313.01,39.51,28.22,35.72,36.75,28.9,35.37,34.07833333,34.01705059,14.30118192
313.52,39.51,27.88,35.72,36.4,28.9,35.37,33.96333333,34.008993,14.48776697
314.02,39.17,28.56,35.72,36.4,28.9,35.37,34.02,34.01064405,14.38241924
314.53,39.51,28.22,35.37,36.4,28.9,35.37,33.96166667,34.00329744,14.56547309
315.03,39.51,28.22,35.37,36.4,28.9,35.37,33.96166667,33.99705283,14.61665455
315.54,39.51,28.22,35.37,36.4,28.9,35.37,33.96166667,33.9917449,14.77213211
316.04,39.51,28.22,35.72,36.4,29.24,35.37,34.07666667,34.00448317,14.52015282
316.55,39.17,28.56,35.72,36.4,29.24,35.37,34.07666667,34.01531069,14.35544144
317.05,39.51,28.22,35.37,36.4,28.9,35.37,33.96166667,34.00726409,14.53872441
317.55,39.17,28.56,35.37,36.4,29.24,35.37,34.01833333,34.00892447,14.53521045
318.06,39.17,28.22,35.37,36.4,28.9,35.37,33.905,33.9933358,14.75203286
318.56,39.17,28.22,35.37,36.4,28.9,35.37,33.905,33.98008543,14.9474847
319.07,39.51,28.22,35.37,36.4,29.24,35.37,34.01833333,33.98582262,14.89830556
319.58,39.51,28.22,35.72,36.4,28.9,35.37,34.02,33.99094923,14.79630862
320.08,39.51,27.88,35.37,36.4,29.24,35.37,33.96166667,33.98655684,14.98711556
320.59,39.17,28.22,35.37,36.4,29.24,35.37,33.96166667,33.98282332,15.15458729
321.09,39.17,28.56,35.37,36.4,28.9,35.03,33.905,33.97114982,15.36255811
321.59,39.17,28.22,35.72,36.75,29.24,35.37,34.07833333,33.98722735,15.02700674
322.1,39.51,28.56,35.72,36.4,29.24,35.37,34.13333333,34.00914324,14.63376315
322.6,39.17,27.88,35.37,36.06,28.9,35.03,33.735,33.96802176,15.46650196
323.11,39.17,28.22,35.72,36.4,28.9,35.03,33.90666667,33.95881849,15.75235628
323.61,39.51,28.22,35.72,36.4,29.24,35.37,34.07666667,33.97649572,15.31442572
324.12,39.17,28.22,35.72,36.4,29.24,35.37,34.02,33.98302136,15.05815027
324.62,39.51,28.56,35.37,36.4,28.9,35.37,34.01833333,33.98831816,15.22776237
325.13,39.51,28.22,35.72,36.4,29.24,35.37,34.07666667,34.00157043,15.03059866
325.63,39.17,28.56,35.72,36.4,29.24,35.37,34.07666667,34.01283487,14.69682511
326.14,39.51,28.22,35.72,36.4,29.24,35.37,34.07666667,34.02240964,14.46336776
326.64,39.51,28.22,35.72,36.4,29.24,35.37,34.07666667,34.03054819,14.26185569
327.15,39.17,28.22,35.03,36.75,28.9,35.03,33.85,34.00346596,14.68046968
327.65,39.51,28.22,35.37,36.4,29.24,35.37,34.01833333,34.00569607,14.56483713
328.16,39.17,27.88,35.37,36.4,28.9,35.03,33.79166667,33.97359166,15.12978483
328.66,39.51,28.56,35.37,36.4,29.24,35.37,34.075,33.98880291,14.79483145
329.16,39.51,28.56,35.37,36.75,28.9,35.37,34.07666667,34.00198247,14.71524661
329.67,39.17,28.56,35.72,36.75,29.24,35.37,34.135,34.0219351,14.31644171
330.18,39.51,28.22,35.37,36.4,29.24,35.37,34.01833333,34.02139484,14.51126403
330.68,39.17,28.22,35.37,36.4,29.24,35.37,33.96166667,34.01243561,14.57603407
331.19,39.17,28.22,35.72,36.4,28.56,35.37,33.90666667,33.99657027,14.79377138
331.69,39.17,28.22,35.72,36.4,29.24,35.37,34.02,34.00008473,14.60254417
332.2,39.17,28.56,35.72,36.75,29.24,35.37,34.135,34.02032202,14.21895117
332.7,39.17,28.56,35.37,36.75,28.9,35.37,34.02,34.02027372,14.26216406
333.21,39.17,28.9,35.72,36.75,29.24,35.37,34.19166667,34.04598266,13.8642144
333.71,39.17,28.56,35.72,36.75,29.24,35.37,34.135,34.05933526,13.57124953
334.21,39.17,28.56,35.37,36.75,29.24,35.37,34.07666667,34.06193497,13.37174897
334.72,39.51,28.56,35.72,36.4,29.24,35.37,34.13333333,34.07264473,13.14550346
335.23,39.17,28.56,35.37,36.75,29.24,35.37,34.07666667,34.07324802,12.94786462
335.73,39.17,28.56,35.37,36.75,29.24,35.37,34.07666667,34.07376081,12.82289098
336.24,39.17,28.22,35.37,36.4,29.24,35.37,33.96166667,34.05694669,13.06032067
336.74,39.17,28.56,35.37,36.4,29.24,35.37,34.01833333,34.05115469,13.06912748
337.25,39.17,27.88,35.37,36.4,29.24,35.72,33.96333333,34.03798149,13.26991501
337.75,39.17,28.56,35.37,36.4,29.24,35.37,34.01833333,34.03503426,13.29770767
338.26,39.17,28.56,35.37,36.4,29.24,35.37,34.01833333,34.03252912,13.41967892
338.76,39.17,28.9,35.72,36.4,29.24,35.37,34.13333333,34.04764975,13.16420203
339.26,39.17,28.56,35.37,36.75,29.24,35.37,34.07666667,34.05200229,13.13516738
339.77,39.17,28.9,35.37,36.4,29.24,35.37,34.075,34.05545195,13.06148222
340.28,39.51,28.9,35.72,36.75,29.24,35.37,34.24833333,34.08438416,12.54394328
340.78,38.82,28.56,35.72,36.4,29.57,35.37,34.07333333,34.08272653,12.44325135
341.29,38.82,28.22,35.37,36.4,29.24,35.37,33.90333333,34.05581755,12.83404528
341.79,39.17,28.56,35.37,36.4,29.24,35.37,34.01833333,34.05019492,12.88109671
342.3,38.82,28.22,35.37,36.4,29.57,35.37,33.95833333,34.03641568,12.93035063
342.8,39.17,28.22,35.37,36.4,29.24,35.37,33.96166667,34.02520333,13.11596757
343.31,38.82,28.56,35.37,36.06,28.9,35.37,33.84666667,33.99842283,13.74017683
343.81,39.17,28.56,35.37,36.4,29.24,35.37,34.01833333,34.00140941,13.71957855
344.31,39.17,28.56,35.37,36.4,29.24,35.37,34.01833333,34.00394799,13.75375707
344.82,38.82,28.56,35.37,36.4,29.24,35.37,33.96,33.9973558,13.94017444
345.33,39.17,28.56,35.37,36.4,29.24,35.37,34.01833333,34.00050243,14.04421343
345.83,39.17,28.9,35.37,36.4,29.24,35.37,34.075,34.01167706,13.81832814
346.34,39.17,28.56,35.37,36.4,29.57,35.37,34.07333333,34.0209255,13.62667142
346.84,39.17,28.56,35.37,36.4,29.24,35.37,34.01833333,34.02053668,13.6602797
347.35,39.17,28.22,35.37,36.4,29.57,35.37,34.01666667,34.01995618,13.64023748
347.85,38.82,28.56,35.37,36.4,29.24,35.37,33.96,34.01096275,13.72710519
348.35,39.17,28.22,35.37,36.4,29.24,35.37,33.96166667,34.00356834,13.8017542
348.86,39.17,28.9,35.37,36.4,29.24,35.37,34.075,34.01428309,13.60554585
349.36,38.82,28.56,35.37,36.06,29.24,35.37,33.90333333,33.99764062,13.90654166
349.87,39.17,28.56,35.03,36.4,29.24,35.37,33.96166667,33.99224453,14.06265899
350.38,38.82,28.56,35.37,36.4,29.24,35.37,33.96,33.98740785,14.20320974
350.88,38.82,28.56,35.37,36.4,29.57,35.37,34.015,33.99154667,14.06796386
351.39,38.82,28.22,35.37,36.4,29.24,35.37,33.90333333,33.97831467,14.42533713
351.89,39.17,28.56,35.37,36.4,29.24,35.37,34.01833333,33.98431747,14.35730467
352.4,38.82,28.56,35.37,36.06,29.57,35.37,33.95833333,33.98041985,14.47134091
352.9,39.17,28.56,35.03,36.06,29.24,35.37,33.905,33.96910687,14.67607101
353.4,39.17,28.9,35.37,36.4,29.24,35.37,34.075,33.98499084,14.47115793
353.91,38.82,28.56,35.37,36.06,29.24,35.37,33.90333333,33.97274222,14.67951412
354.41,39.17,28.56,35.37,36.4,29.24,35.37,34.01833333,33.97958088,14.58846643
354.92,38.82,28.56,35.37,36.4,29.57,35.37,34.015,33.98489375,14.56907032
355.43,38.82,28.56,35.37,36.4,29.24,35.37,33.96,33.98115969,14.55166786
355.93,39.17,28.56,35.37,36.06,29.24,35.37,33.96166667,33.97823573,14.69647865
356.44,38.82,28.9,35.37,36.4,29.24,35.37,34.01666667,33.98400037,14.55579828
356.94,38.82,28.56,35.37,36.06,29.24,35.72,33.96166667,33.98065032,14.59733915
357.44,38.82,28.22,35.37,36.06,29.57,35.37,33.90166667,33.96880277,14.86359524
357.95,38.82,28.9,35.37,36.4,29.57,35.37,34.07166667,33.98423236,14.60113184
358.45,38.82,28.56,35.37,36.06,29.57,35.72,34.01666667,33.9890975,14.48140142
358.96,38.82,28.9,35.03,36.4,29.24,35.37,33.96,33.98473288,14.59303379
359.46,38.82,28.56,35.37,36.06,29.57,35.37,33.95833333,33.98077295,14.75360501
359.97,39.17,28.56,35.37,36.4,29.57,35.37,34.07333333,33.994657,14.40154061
360.48,38.82,28.9,35.03,36.06,29.24,35.37,33.90333333,33.98095845,14.6381922
360.98,38.82,28.56,35.37,36.4,29.57,35.37,34.015,33.98606468,14.57856161
361.49,38.82,28.56,35.37,36.4,29.24,35.37,33.96,33.98215498,14.68769957
361.99,38.82,28.56,35.03,36.06,29.24,35.37,33.84666667,33.96183173,15.00948903
362.49,38.82,28.56,35.37,36.4,29.24,35.37,33.96,33.96155697,15.12701734
363,38.82,28.56,35.37,36.06,29.24,35.37,33.90333333,33.95282343,15.29346147
363.5,39.17,28.56,35.37,36.06,29.24,35.72,34.02,33.96289991,15.1475857
364,39.17,28.9,35.37,36.06,29.57,35.03,34.01666667,33.97096493,15.14136403
364.51,39.17,28.56,35.37,36.06,29.57,35.37,34.01666667,33.97782019,15.02562136
365.02,39.17,28.56,35.03,36.06,29.57,35.37,33.96,33.97514716,15.14884913
365.52,38.82,28.9,35.03,36.06,29.24,35.72,33.96166667,33.97312509,15.14034965
366.03,38.82,28.56,35.37,36.4,29.57,35.72,34.07333333,33.98815632,14.80948111
366.53,38.82,28.56,35.37,36.06,29.57,35.37,33.95833333,33.98368287,14.86126224
367.04,38.82,28.9,35.37,36.4,29.24,35.37,34.01666667,33.98863044,14.79160063
367.54,38.82,28.56,35.37,36.06,29.24,35.37,33.90333333,33.97583588,15.06349864
368.04,38.82,28.9,35.37,36.4,29.24,35.37,34.01666667,33.9819605,14.86245366
368.55,39.17,28.56,35.37,36.4,29.57,35.37,34.07333333,33.99566642,14.63480984
369.05,38.82,28.9,35.03,36.4,29.57,35.37,34.015,33.99856646,14.55065612
369.56,38.82,28.9,35.03,36.06,29.57,35.37,33.95833333,33.99253149,14.74849806
370.07,39.17,28.9,35.37,36.06,29.24,35.37,34.01833333,33.99640177,14.63959765
370.57,39.17,28.9,35.37,36.4,29.24,35.37,34.075,34.0081915,14.33058963
371.08,38.82,28.56,35.37,36.06,29.57,35.37,33.95833333,34.00071278,14.4504893
371.58,38.82,28.9,35.37,36.06,29.24,35.37,33.96,33.99460586,14.60505208
372.09,38.82,28.56,35.37,36.06,29.57,35.37,33.95833333,33.98916498,14.68966392
372.59,38.82,28.56,35.03,36.06,29.57,35.37,33.90166667,33.97604023,14.87851473
373.1,39.17,28.9,35.37,36.06,29.57,35.72,34.13166667,33.9993842,14.4871196
373.6,39.17,28.56,35.37,36.06,29.57,35.37,34.01666667,34.00197657,14.47555363
374.1,38.82,28.56,35.37,36.06,29.57,35.37,33.95833333,33.99543008,14.63434957
374.61,38.82,28.56,35.37,36.4,29.57,35.37,34.015,33.99836557,14.66236622
375.12,38.82,28.56,35.03,36.06,29.24,35.37,33.84666667,33.97561074,14.96114546
375.62,38.82,28.9,35.03,36.4,29.57,35.72,34.07333333,33.99026912,14.67341206
376.13,38.82,28.56,35.37,36.4,29.24,35.37,33.96,33.98572876,14.80911476
376.63,39.17,28.56,35.37,36.06,29.57,35.37,34.01666667,33.99036944,14.70913233
377.13,39.17,28.9,35.37,36.06,29.57,35.37,34.07333333,34.00281403,14.61616114
377.64,38.82,28.56,35.37,36.06,29.24,35.72,33.96166667,33.99664192,14.64234909
378.14,39.17,28.22,35.37,36.06,29.57,35.37,33.96,33.99114563,14.77982913
378.65,38.82,28.56,35.37,36.06,29.57,35.72,34.01666667,33.99497379,14.68171358
379.15,38.82,28.22,35.03,36.06,29.24,35.72,33.84833333,33.97297772,15.03749696
379.66,38.82,28.9,35.03,36.06,29.57,35.37,33.95833333,33.97078106,15.13796295
380.17,39.17,28.56,35.37,36.06,29.57,35.72,34.075,33.9864139,14.88254641
380.67,38.82,28.56,35.37,36.4,29.57,35.72,34.07333333,33.99945182,14.61294779
381.18,38.82,28.56,35.03,36.4,29.57,35.37,33.95833333,33.99328405,14.87168023
381.68,39.17,28.9,35.03,36.06,29.24,35.37,33.96166667,33.98854144,14.98324412
382.18,39.17,29.24,35.37,36.4,29.24,35.37,34.13166667,34.01001022,14.47437796
382.69,38.82,28.56,35.37,36.06,29.57,35.37,33.95833333,34.00225869,14.53632744
383.19,39.17,28.9,35.37,36.4,29.24,35.37,34.075,34.01316989,14.36398438
383.7,39.17,28.9,35.37,36.4,29.57,35.37,34.13,34.0306944,14.05375839
384.2,38.82,28.9,35.03,36.06,29.57,35.37,33.95833333,34.01984024,14.10886492
384.7,38.82,28.9,35.37,36.4,29.57,35.72,34.13,34.03636421,13.83567659
385.21,39.17,28.56,35.37,36.06,29.57,35.72,34.075,34.04215958,13.64301145
385.72,38.82,28.9,35.03,36.06,29.57,35.37,33.95833333,34.02958564,13.74488076
386.23,38.82,28.9,35.03,36.06,29.57,35.72,34.01666667,34.02764779,13.82750282
386.73,38.82,28.56,35.37,36.06,29.57,35.37,33.95833333,34.01725062,13.90479156
387.23,39.17,28.56,35.37,36.4,29.57,35.37,34.07333333,34.02566303,13.70489619
387.74,38.82,28.56,35.37,36.06,29.57,35.37,33.95833333,34.01556358,13.95104772
388.24,38.82,28.56,35.37,36.4,29.57,35.37,34.015,34.01547904,13.954911
388.75,38.82,28.56,35.37,36.4,29.24,35.72,34.01833333,34.01590718,14.00013263
389.25,39.17,28.56,35.37,36.4,29.57,35.72,34.13166667,34.03327111,13.62026205
389.76,38.82,28.56,35.03,36.06,29.57,35.37,33.90166667,34.01353044,14.02505686
390.27,38.82,28.9,35.37,36.4,29.57,35.37,34.07166667,34.02225087,13.85529157
390.77,39.17,29.24,35.03,36.4,29.57,35.37,34.13,34.03841324,13.54344223
391.28,38.82,28.56,35.37,36.06,29.57,35.72,34.01666667,34.03515126,13.4786279
391.78,38.82,28.22,35.37,36.4,29.57,35.72,34.01666667,34.03237857,13.62401419
392.28,38.82,28.56,35.37,36.4,29.57,35.37,34.015,34.02977178,13.60121673
392.79,38.82,28.9,35.03,36.06,29.57,35.37,33.95833333,34.01905602,13.68415403
393.29,38.82,28.9,35.37,36.4,29.24,35.37,34.01666667,34.01869761,13.69873271
393.8,39.17,28.9,35.37,36.06,29.57,35.37,34.07333333,34.02689297,13.55453825
394.3,39.17,28.56,35.37,36.06,29.57,35.72,34.075,34.03410903,13.42353574
394.81,38.82,28.56,35.03,36.06,29.57,35.37,33.90166667,34.01424267,13.82891301
395.31,38.82,28.56,35.37,36.4,29.57,35.37,34.015,34.01435627,13.82046623
395.81,38.82,28.9,35.37,36.06,29.57,35.72,34.07333333,34.02320283,13.60126974
396.32,38.48,28.9,35.03,36.4,29.57,35.72,34.01666667,34.02222241,13.56314055
396.82,38.48,28.56,35.37,36.06,29.57,35.37,33.90166667,34.00413904,14.00099807
397.33,38.82,28.9,35.37,36.4,29.57,35.37,34.07166667,34.01426819,13.80988332
397.83,38.82,28.56,35.03,36.06,29.57,35.37,33.90166667,33.99737796,14.06226768
398.34,38.82,29.24,35.03,36.06,29.57,35.37,34.015,34.00002127,14.02031567
398.84,38.82,28.56,35.37,36.06,29.57,35.37,33.95833333,33.99376808,14.24766135
399.35,38.48,28.56,35.03,36.06,29.24,35.37,33.79,33.96320286,14.77639495
399.85,38.48,28.56,35.37,36.06,29.24,35.37,33.84666667,33.94572243,15.25333998
400.36,38.48,28.56,35.03,36.06,29.24,35.03,33.73333333,33.91386407,15.92130374
400.86,38.48,28.9,35.37,36.06,29.57,35.03,33.90166667,33.91203446,16.05925435
401.37,38.82,28.9,35.37,36.06,29.57,35.03,33.95833333,33.91897929,16.1798137
401.87,38.82,28.9,35.37,36.06,29.57,35.37,34.015,33.9333824,16.05093648
402.38,38.82,28.9,35.37,36.06,29.57,35.37,34.015,33.94562504,16.05476324
402.88,38.48,28.56,35.03,36.06,29.24,35.37,33.79,33.92228128,16.59865611
403.38,38.48,28.56,35.37,36.06,29.57,35.37,33.90166667,33.91918909,16.67085657
403.89,38.82,28.22,35.37,36.06,29.24,35.37,33.84666667,33.90831073,16.86204898
404.4,38.82,28.56,35.03,36.06,29.57,35.37,33.90166667,33.90731412,16.86215955
404.9,38.82,28.9,35.37,36.06,29.57,35.37,34.015,33.923467,16.74011783
405.41,38.82,28.56,35.03,36.06,29.57,35.37,33.90166667,33.92019695,16.88615275
405.91,38.82,28.22,35.37,36.06,29.24,35.37,33.84666667,33.90916741,17.26170237
406.42,38.82,28.22,35.03,36.06,29.57,35.37,33.845,33.8995423,17.54862078
406.92,38.82,28.9,35.03,36.4,29.57,35.37,34.015,33.91686095,17.12022018
407.43,38.82,28.56,35.37,36.06,29.57,35.37,33.95833333,33.92308181,17.06565592
407.93,38.48,28.56,35.37,36.06,29.57,35.37,33.90166667,33.91986954,17.26956939
408.44,39.17,28.56,35.37,36.06,29.24,35.37,33.96166667,33.92613911,17.2567325
408.94,38.82,28.56,35.37,36.06,29.24,35.37,33.90333333,33.92271824,17.26153155
409.45,38.82,28.9,35.37,36.06,29.57,35.72,34.07333333,33.9453105,16.777646
409.95,38.82,28.9,35.37,36.06,29.24,35.72,34.01833333,33.95626393,16.60193599
410.46,38.82,28.56,35.37,36.06,29.24,35.37,33.90333333,33.94832434,16.75979781
410.96,39.17,28.56,35.37,36.4,29.57,35.72,34.13166667,33.97582569,16.23181231
411.47,39.17,28.56,35.03,36.4,29.24,35.03,33.905,33.96520184,16.31874272
411.97,38.82,28.56,35.37,36.4,29.57,35.72,34.07333333,33.98142156,15.92822648
412.48,39.17,28.56,35.37,36.06,29.24,35.37,33.96166667,33.97845833,16.05574301
412.98,38.82,28.9,35.37,36.06,29.57,35.72,34.07333333,33.99268958,15.59312958
413.48,39.17,28.56,35.37,36.4,29.57,35.37,34.07333333,34.00478614,15.42185004
413.99,39.17,28.9,35.37,36.06,29.57,35.72,34.13166667,34.02381822,14.93460243
414.49,38.82,28.9,35.37,36.4,29.57,35.72,34.13,34.03974549,14.62730825
415,38.82,28.9,35.37,36.06,29.57,35.72,34.07333333,34.04478366,14.41737577
415.51,38.82,28.56,35.37,36.4,29.57,35.72,34.07333333,34.04906611,14.23419265
416.01,39.17,28.56,35.37,36.4,29.57,35.72,34.13166667,34.0614562,13.8578452
416.52,39.17,29.24,35.37,36.4,29.57,35.72,34.245,34.08898777,13.22903806
417.02,38.82,28.56,35.37,36.06,29.57,35.37,33.95833333,34.0693896,13.50006596
417.53,39.17,28.56,35.37,36.06,29.57,35.37,34.01666667,34.06148116,13.57787954
418.03,38.82,28.9,35.37,36.4,29.57,35.72,34.13,34.07175899,13.28488327
418.54,38.82,28.56,35.37,36.4,29.57,35.72,34.07333333,34.07199514,13.08207622
419.04,38.82,28.56,35.37,36.4,29.57,35.37,34.015,34.06344587,13.30483621
419.55,38.82,28.9,35.37,36.4,29.24,35.72,34.075,34.06517899,13.28288487
420.05,38.82,28.56,35.37,36.06,29.24,35.37,33.90333333,34.04090214,13.62321455
420.56,38.82,28.56,35.37,36.06,29.57,35.72,34.01666667,34.03726682,13.66411708
421.06,38.82,28.9,35.37,36.4,29.57,35.72,34.13,34.0511768,13.43978142
421.57,38.82,28.9,35.37,36.4,29.57,35.37,34.07166667,34.05425028,13.34479615
422.07,38.82,28.9,35.37,36.06,29.57,35.72,34.07333333,34.05711274,13.40259548
422.58,38.82,28.9,35.03,36.4,29.57,35.37,34.015,34.05079582,13.50451398
423.08,38.82,28.9,35.37,36.06,29.57,35.72,34.07333333,34.05417645,13.33332406
423.59,38.82,28.9,35.03,36.06,29.57,35.72,34.01666667,34.04854998,13.3851254
424.09,38.82,29.24,35.37,36.06,29.57,35.72,34.13,34.06076749,13.1230403
424.6,38.82,28.9,35.37,36.06,29.57,35.37,34.015,34.05390236,13.24621321
425.1,39.17,28.56,35.03,36.06,29.57,35.72,34.01833333,34.04856701,13.29091455
425.61,38.82,28.9,35.37,36.4,29.57,35.37,34.07166667,34.05203196,13.23356128
426.11,38.82,29.24,35.03,36.4,29.57,35.37,34.07166667,34.05497716,13.08187168
426.62,38.82,28.56,35.37,36.06,29.57,35.72,34.01666667,34.04923059,13.19131177
427.12,38.82,28.9,35.37,36.06,29.57,35.37,34.015,34.044096,13.28508942
427.63,38.82,28.56,35.03,36.4,29.57,35.37,33.95833333,34.0312316,13.47052675
428.13,38.82,28.9,35.37,36.06,29.57,35.37,34.015,34.02879686,13.47915059
428.64,38.82,28.9,35.37,36.06,29.57,35.37,34.015,34.02672733,13.53336951
429.14,38.82,28.9,35.03,36.06,29.57,35.37,33.95833333,34.01646823,13.73510726
429.65,38.82,28.56,35.37,36.4,29.57,35.37,34.015,34.016248,13.80576034
430.15,38.82,28.56,35.37,36.06,29.57,35.37,33.95833333,34.0075608,13.97164179
430.66,38.82,28.9,35.37,36.06,29.57,35.72,34.07333333,34.01742668,13.79665644
431.16,38.82,28.56,35.03,36.06,29.24,35.37,33.84666667,33.99181268,14.32784798
431.67,38.82,28.9,35.03,36.06,29.57,35.72,34.01666667,33.99554077,14.26341406
432.17,38.82,28.56,35.03,36.06,29.57,35.37,33.90166667,33.98145966,14.58921842
432.68,38.82,28.56,35.03,36.06,29.57,35.37,33.90166667,33.96949071,14.77140728
433.18,38.48,28.56,35.37,36.06,29.24,35.37,33.84666667,33.9510671,15.3195555
433.69,38.82,29.24,35.03,36.06,29.57,35.37,34.015,33.96065704,15.13519866
434.19,38.82,28.56,35.37,36.06,29.57,35.37,33.95833333,33.96030848,15.25824579
434.7,38.82,28.56,35.37,36.06,29.24,35.37,33.90333333,33.95176221,15.53459448
435.2,38.82,28.56,35.37,36.06,29.57,35.37,33.95833333,33.95274788,15.66752792
435.71,38.82,29.24,35.03,36.06,29.57,35.37,34.015,33.9620857,15.44544666
436.21,38.82,28.9,35.03,36.06,29.57,35.37,33.95833333,33.96152284,15.48391321
436.72,38.48,28.56,35.03,36.06,29.57,35.37,33.845,33.94404442,15.92456281
437.22,38.48,28.9,35.37,35.72,29.24,35.37,33.84666667,33.92943775,16.26139186
437.73,38.82,28.9,35.03,36.06,29.57,35.72,34.01666667,33.94252209,15.97179775
438.23,38.82,28.56,35.37,36.06,29.57,35.37,33.95833333,33.94489378,15.96480954
438.74,38.82,28.9,35.03,36.06,29.57,35.37,33.95833333,33.94690971,16.07741977
439.24,38.82,28.9,35.37,36.4,29.57,35.37,34.07166667,33.96562325,15.82206872
439.74,38.82,28.56,35.37,36.06,29.57,35.37,33.95833333,33.96452977,15.78044674
440.25,38.82,28.56,35.37,36.06,29.57,35.72,34.01666667,33.9723503,15.62775953
440.76,39.17,28.9,35.03,36.4,29.57,35.72,34.13166667,33.99624776,15.1503634
441.26,38.82,28.56,35.37,36.4,29.57,35.72,34.07333333,34.00781059,14.80537888
441.77,38.82,28.9,35.03,36.06,29.57,35.37,33.95833333,34.000389,14.95305121
442.27,38.82,28.9,35.37,36.06,29.57,35.72,34.07333333,34.01133065,14.68934016
442.78,39.17,28.9,35.03,36.06,29.57,35.72,34.075,34.02088106,14.35028952
443.28,38.82,28.9,35.37,36.06,29.57,35.37,34.015,34.0199989,14.28333424
443.78,38.82,28.9,35.03,36.06,29.57,35.37,33.95833333,34.01074906,14.493331
444.29,38.82,28.56,35.37,36.06,29.57,35.72,34.01666667,34.0116367,14.40206104
444.79,38.82,28.9,35.03,36.06,29.57,35.37,33.95833333,34.0036412,14.48901732
445.3,38.82,28.56,35.03,36.4,29.24,35.72,33.96166667,33.99734502,14.61358065
445.81,38.82,28.56,35.03,36.4,29.24,35.37,33.90333333,33.98324327,14.94882538
446.31,38.82,28.56,35.37,36.4,29.57,35.72,34.07333333,33.99675678,14.68940303
446.82,38.82,28.9,35.37,36.06,29.24,35.72,34.01833333,33.99999326,14.67867124
447.32,38.82,28.56,35.37,36.06,29.57,35.72,34.01666667,34.00249427,14.66955433
447.82,38.82,28.9,35.03,36.06,29.57,35.37,33.95833333,33.99587013,14.88608663
448.33,38.82,28.9,35.03,36.06,29.57,35.72,34.01666667,33.99898961,14.74240737
448.83,39.17,28.56,35.37,36.06,29.57,35.72,34.075,34.01039117,14.50221445
449.34,38.82,28.56,35.37,36.4,29.57,35.37,34.015,34.01108249,14.46701656
449.84,38.82,28.9,35.37,36.4,29.57,35.72,34.13,34.02892012,14.16173704
450.35,38.82,28.56,35.37,36.06,29.57,35.37,33.95833333,34.0183321,14.32548328
450.86,38.82,28.56,35.03,36.4,29.57,35.72,34.01666667,34.01808229,14.24918842
451.36,38.82,28.9,35.37,36.06,29.57,35.72,34.07333333,34.02636994,14.07782303
451.87,38.82,28.9,35.03,36.06,29.57,35.72,34.01666667,34.02491445,13.98155797
452.37,38.82,28.9,35.03,36.06,29.57,35.37,33.95833333,34.01492728,14.21807661
452.87,38.82,28.9,35.37,36.06,29.57,35.37,34.015,34.01493819,14.21029257
453.38,38.48,28.9,35.37,36.4,29.57,35.37,34.015,34.01494746,14.15059946
453.88,38.48,28.9,35.37,36.06,29.57,35.37,33.95833333,34.00645534,14.31101877
454.39,38.48,28.9,35.03,36.4,29.57,35.72,34.01666667,34.00798704,14.33920602
454.89,38.82,28.56,35.37,36.4,29.24,35.72,34.01833333,34.00953899,14.30472125
455.4,38.48,28.9,35.37,36.06,29.57,35.37,33.95833333,34.00185814,14.44533053
455.91,38.82,28.9,35.03,36.06,29.57,35.72,34.01666667,34.00407942,14.45410949
456.41,38.48,28.9,35.37,36.06,29.57,35.37,33.95833333,33.9972175,14.57404151
456.92,38.82,28.56,35.37,36.06,29.57,35.37,33.95833333,33.99138488,14.67897978
457.42,38.48,28.56,35.37,36.06,29.57,35.37,33.90166667,33.97792715,14.99652458
457.92,38.82,28.9,35.37,36.06,29.24,35.37,33.96,33.97523807,15.04964532
458.43,38.48,28.56,35.37,36.4,29.24,35.72,33.96166667,33.97320236,15.149952
458.93,38.82,28.9,35.37,36.06,29.57,35.72,34.07333333,33.98822201,14.90701808
459.44,38.82,28.9,35.03,36.06,29.57,35.37,33.95833333,33.98373871,15.08889853
459.94,38.82,28.56,35.37,36.06,29.57,35.37,33.95833333,33.9799279,15.19251134
460.45,38.82,29.24,35.37,36.06,29.57,35.37,34.07166667,33.99368872,14.94541047
460.96,38.82,28.56,35.03,36.4,29.57,35.72,34.01666667,33.99713541,14.7867472
461.46,38.82,28.56,35.37,36.06,29.57,35.72,34.01666667,34.0000651,14.75959991
461.97,38.82,28.9,35.37,36.06,29.57,35.37,34.015,34.00230533,14.73985572
462.47,38.82,28.56,35.37,36.06,29.57,35.72,34.01666667,34.00445953,14.61045016
462.97,38.82,28.9,35.03,36.4,29.57,35.72,34.07333333,34.0147906,14.38781232
463.48,38.82,28.56,35.03,36.06,29.57,35.37,33.90166667,33.99782201,14.68718629
463.98,38.82,28.9,35.37,36.4,29.57,35.72,34.13,34.01764871,14.29389141
464.49,38.82,28.9,35.37,36.06,29.57,35.72,34.07333333,34.0260014,14.11224947
464.99,38.82,29.24,35.37,36.06,29.57,35.37,34.07166667,34.03285119,13.90646096
465.5,38.48,28.56,35.03,36.06,29.57,35.72,33.90333333,34.01342351,14.3548322
466.01,38.82,28.9,35.03,36.06,29.57,35.72,34.01666667,34.01390999,14.21599609
466.51,38.82,28.56,35.37,36.4,29.57,35.72,34.07333333,34.02282349,13.98961817
467.02,38.82,28.56,35.37,36.4,29.57,35.72,34.07333333,34.03039997,13.79452257
467.52,38.82,28.56,35.37,36.06,29.57,35.72,34.01666667,34.02833997,13.9304897
468.03,38.82,28.56,35.37,36.06,29.57,35.37,33.95833333,34.01783898,14.10666349
468.53,38.82,28.56,35.37,36.06,29.57,35.72,34.01666667,34.01766313,14.04526953
469.04,38.82,28.9,35.03,36.06,29.24,35.72,33.96166667,34.00926366,14.14635155
469.54,38.48,28.22,35.37,36.06,29.57,35.72,33.90333333,33.99337411,14.45512933
470.04,38.48,28.56,35.37,36.06,29.57,35.37,33.90166667,33.97961799,14.79100288
470.55,38.82,28.56,35.37,36.06,29.57,35.72,34.01666667,33.98517529,14.69664262
471.06,38.82,28.56,35.37,36.06,29.57,35.72,34.01666667,33.989899,14.66682058
471.56,38.82,28.9,35.03,36.06,29.24,35.37,33.90333333,33.97691415,15.02809567
472.07,38.82,28.56,35.37,36.06,29.57,35.72,34.01666667,33.98287703,15.01264952
472.57,38.48,28.56,35.37,36.06,29.57,35.37,33.90166667,33.97069547,15.23031201
473.08,38.82,29.24,35.03,36.06,29.57,35.72,34.07333333,33.98609115,14.91338886
473.58,38.82,28.9,35.37,36.06,29.57,35.72,34.07333333,33.99917748,14.74797302
474.09,38.82,28.9,35.37,36.06,29.57,35.37,34.015,34.00155086,14.66494612
474.59,38.82,28.56,35.37,36.06,29.57,35.72,34.01666667,34.00381823,14.69624468
475.09,38.48,28.56,35.37,36.06,29.57,35.37,33.90166667,33.98849549,14.89620693
475.6,38.82,28.9,35.37,36.4,29.57,35.72,34.13,34.00972117,14.41016421
476.11,38.82,28.9,35.03,36.06,29.57,35.72,34.01666667,34.01076299,14.36966388
476.61,38.82,29.24,35.37,36.4,29.57,35.72,34.18666667,34.03714855,13.85375877
477.12,38.82,29.24,35.03,36.06,29.57,35.37,34.015,34.03382626,13.98500127
477.62,38.82,29.24,35.37,36.06,29.57,35.72,34.13,34.04825232,13.57319695
478.13,38.82,28.9,35.37,36.06,29.57,35.37,34.015,34.04326448,13.62957588
478.63,38.82,28.9,35.03,36.06,29.57,35.37,33.95833333,34.0305248,13.68134298
479.13,38.82,28.9,35.37,36.4,29.57,35.72,34.13,34.04544608,13.41206553
479.64,38.82,28.56,35.37,36.06,29.57,35.72,34.01666667,34.04112917,13.37964994
480.14,38.48,28.56,35.37,36.06,29.57,35.72,33.96,34.0289598,13.60491236
480.65,38.48,28.22,35.37,36.06,29.57,35.37,33.845,34.00136583,14.17528103
481.16,38.82,28.9,35.03,36.06,29.57,35.37,33.95833333,33.99491095,14.20543202
481.66,38.82,28.56,35.03,36.06,29.57,35.37,33.90166667,33.98092431,14.5015952
482.17,38.82,28.56,35.03,36.06,29.57,35.37,33.90166667,33.96903566,14.82020019
482.67,38.82,28.9,35.37,36.06,29.57,35.37,34.015,33.97593031,14.87910458
483.18,38.48,28.9,35.03,36.06,29.57,35.37,33.90166667,33.96479077,15.15600397
483.68,38.82,28.56,35.37,36.06,29.57,35.37,33.95833333,33.96382215,15.28834609
484.18,38.82,28.56,35.03,36.06,29.57,35.37,33.90166667,33.95449883,15.57813673
484.69,38.82,28.56,35.37,36.4,29.57,35.37,34.015,33.963574,15.37877563
485.19,38.82,28.56,35.37,36.06,29.57,35.37,33.95833333,33.9627879,15.4911518
485.7,38.82,28.9,35.37,36.06,29.57,35.72,34.07333333,33.97936972,15.18783599
486.21,38.82,28.9,35.37,36.4,29.57,35.72,34.13,34.00196426,14.81389809
486.71,38.82,28.9,35.37,36.06,29.57,35.72,34.07333333,34.01266962,14.54799603
487.22,38.82,28.9,35.37,36.4,29.57,35.37,34.07166667,34.02151918,14.37534291
487.72,38.48,28.9,35.37,36.06,29.57,35.37,33.95833333,34.0120413,14.44099759
488.23,38.48,28.9,35.03,36.4,29.57,35.72,34.01666667,34.01273511,14.28142577
488.73,38.82,28.9,35.03,36.4,29.57,35.72,34.07333333,34.02182484,14.0373862
489.24,38.82,28.56,35.03,36.06,29.57,35.37,33.90166667,34.00380111,14.31012297
489.74,38.82,28.9,35.03,36.06,29.57,35.37,33.95833333,33.99698095,14.49653348
490.24,38.82,28.56,35.37,36.06,29.57,35.37,33.95833333,33.99118381,14.60582151
490.75,38.82,28.56,35.03,36.4,29.57,35.37,33.95833333,33.98625623,14.64995052
491.26,38.82,28.56,35.03,36.06,29.57,35.37,33.90166667,33.9735678,15.02096171
491.76,38.82,28.56,35.37,36.06,29.57,35.72,34.01666667,33.98003263,14.95357683
492.27,38.82,28.56,35.37,36.06,29.57,35.37,33.95833333,33.97677773,15.06765363
492.77,38.48,28.9,35.37,36.06,29.57,35.72,34.01666667,33.98276107,14.99550063
493.28,38.82,28.56,35.03,36.06,29.57,35.37,33.90166667,33.97059691,15.3307305
493.78,38.82,28.9,35.37,36.06,29.57,35.37,34.015,33.97725738,15.17450595
494.29,38.82,28.9,35.03,36.06,29.24,35.72,33.96166667,33.97491877,15.25693272
494.79,38.82,28.56,35.37,36.06,29.57,35.72,34.01666667,33.98118095,15.10955868
495.29,38.82,28.9,35.37,36.06,29.57,35.37,34.015,33.98625381,15.09878886
495.8,38.82,28.56,35.03,36.06,29.57,35.72,33.96,33.98231574,15.14321036
496.31,38.82,28.22,35.03,36.06,29.57,35.72,33.90333333,33.97046838,15.40743998
496.81,38.82,28.56,35.37,36.06,29.57,35.72,34.01666667,33.97739812,15.24657301
497.32,38.82,28.9,35.37,36.06,29.57,35.37,34.015,33.9830384,15.1158927
497.82,38.82,28.56,35.03,36.4,29.57,35.72,34.01666667,33.98808264,15.05183097
498.33,38.82,28.9,35.03,36.06,29.24,35.37,33.90333333,33.97537025,15.3902165
498.83,38.82,28.56,35.03,36.06,29.57,35.72,33.96,33.97306471,15.40767617
499.34,38.82,28.9,35.03,36.06,29.24,35.72,33.96166667,33.971355,15.42301877
499.84,38.82,28.9,35.03,36.06,29.57,35.72,34.01666667,33.97815175,15.27198947
500.34,38.82,28.56,35.03,36.06,29.24,35.72,33.905,33.96717899,0
500.85,38.82,28.56,35.03,36.4,29.24,35.37,33.90333333,33.95760214,0
501.36,38.82,28.9,35.37,36.06,29.57,35.37,34.015,33.96621182,0
501.86,38.48,28.56,35.03,36.06,29.57,35.72,33.90333333,33.95678005,0
502.37,38.48,28.9,35.03,36.06,29.57,35.72,33.96,33.95726304,0
502.87,38.13,28.9,34.69,35.72,29.24,35.37,33.675,33.91492358,0
503.37,38.48,28.9,35.03,36.06,29.57,35.72,33.96,33.92168505,0
503.88,38.13,28.56,35.03,35.72,29.57,35.37,33.73,33.89293229,0
504.38,38.13,28.9,35.03,35.72,29.57,35.37,33.78666667,33.87699245,0
504.88,37.78,28.9,35.03,35.72,29.24,35.03,33.61666667,33.83794358,0
505.39,37.78,28.56,34.69,35.72,29.24,35.37,33.56,33.79625204,0
505.89,37.44,28.56,34.69,35.72,29.24,34.69,33.39,33.73531424,0
506.39,37.44,28.56,34.69,36.06,29.57,35.03,33.55833333,33.7087671,0
506.9,37.44,28.9,34.34,35.72,29.57,35.03,33.5,33.67745204,0
507.4,37.44,28.56,34.34,35.72,29.24,35.03,33.38833333,33.63408423,0
507.9,37.09,28.9,34.69,35.72,29.57,34.69,33.44333333,33.6054716,0
508.41,37.44,28.56,34.34,35.72,29.57,34.69,33.38666667,33.57265086,0
508.91,37.09,28.56,34.34,35.37,29.57,34.69,33.27,33.52725323,0
509.42,37.09,28.9,34.34,35.37,29.57,35.03,33.38333333,33.50566524,0
509.92,37.09,28.56,34,35.37,29.57,34.69,33.21333333,33.46181546,0
510.42,36.75,28.56,34.34,35.37,29.57,34.34,33.155,33.41579314,0
510.93,36.75,28.9,34,35.03,29.57,34.34,33.09833333,33.36817417,0
511.44,36.4,28.56,34,35.37,29.24,34.34,32.985,33.31069804,0
511.94,36.75,28.56,33.66,35.37,29.57,34.34,33.04166667,33.27034334,0
512.45,36.4,28.9,34,35.03,29.57,34.34,33.04,33.23579184,0
512.95,36.06,28.9,33.66,35.03,29.24,34,32.815,33.17267306,0
513.45,36.4,28.56,33.66,35.03,29.57,34,32.87,33.1272721,0
513.96,36.4,28.56,33.66,34.69,29.24,34.34,32.815,33.08043129,0
514.46,36.06,28.56,33.32,34.69,29.24,34,32.645,33.01511659,0
514.96,36.06,28.9,33.66,34.69,29.57,34,32.81333333,32.9848491,0
515.47,36.06,28.9,33.66,34.69,29.57,33.66,32.75666667,32.95062174,0
515.97,35.72,28.56,33.66,34.69,29.24,34,32.645,32.90477848,0
516.48,35.72,28.9,33.66,34.69,29.24,33.66,32.645,32.86581171,0
516.98,35.72,28.9,33.32,34.69,29.57,33.66,32.64333333,32.83243995,0
517.48,35.72,28.56,33.32,34.34,29.57,33.66,32.52833333,32.78682396,0
517.99,35.37,28.56,33.32,34.69,29.57,33.66,32.52833333,32.74805036,0
518.49,35.37,28.56,33.32,34.34,29.57,33.66,32.47,32.70634281,0
519,35.37,28.9,33.32,34.69,29.57,33.66,32.585,32.68814139,0
519.5,35.72,28.56,33.32,34.34,29.24,33.32,32.41666667,32.64742018,0
520,35.03,28.9,32.63,34,29.24,33.32,32.18666667,32.57830715,0
520.51,35.37,28.56,32.98,34.34,29.57,33.32,32.35666667,32.54506108,0
521.01,35.37,28.56,32.98,34.34,29.57,33.32,32.35666667,32.51680192,0
521.52,35.03,28.9,32.98,34,29.57,33.32,32.3,32.48428163,0
522.03,35.03,28.56,32.63,34.34,29.24,33.32,32.18666667,32.43963939,0
522.53,35.03,28.9,32.98,33.66,29.24,32.98,32.13166667,32.39344348,0
523.03,35.03,28.22,32.98,34,29.57,33.32,32.18666667,32.36242696,0
523.54,34.69,28.9,32.63,33.66,29.24,32.98,32.01666667,32.31056291,0
524.04,34.69,28.9,32.63,34,29.57,32.98,32.12833333,32.28322848,0
524.54,34.69,28.56,32.63,34,29.24,32.98,32.01666667,32.2432442,0
525.05,34.69,28.9,32.63,33.66,29.57,32.98,32.07166667,32.21750757,0
525.55,34.69,28.9,32.29,33.66,29.24,32.63,31.90166667,32.17013144,0
526.05,34.69,28.9,32.29,33.66,29.57,32.63,31.95666667,32.13811172,0
526.56,34.34,28.9,32.29,33.66,29.24,32.98,31.90166667,32.10264496,0
527.06,34.34,28.22,32.63,33.66,29.57,32.63,31.84166667,32.06349822,0
527.56,34.34,28.9,31.95,33.66,29.24,32.29,31.73,32.01347349,0
528.07,34.34,28.56,32.63,33.66,29.57,32.63,31.89833333,31.99620246,0
528.57,34,28.9,32.29,33.66,29.57,32.63,31.84166667,31.97302209,0
529.07,34.34,28.56,32.29,33.32,29.57,32.63,31.785,31.94481878,0
529.58,34,28.9,31.95,33.32,29.24,32.29,31.61666667,31.89559596,0
,,,,,,,,avg DC,24.94345166
,,,,,,,,avg power,1.499752787
